-- phpMyAdmin SQL Dump
-- version 4.3.8
-- http://www.phpmyadmin.net
--
-- Host: localhost
-- Generation Time: Jan 23, 2018 at 09:45 AM
-- Server version: 5.5.51-38.2
-- PHP Version: 5.6.30

SET SQL_MODE = "NO_AUTO_VALUE_ON_ZERO";
SET time_zone = "+00:00";

--
-- Database: `pizzaout_db`
--

-- --------------------------------------------------------

--
-- Table structure for table `api_token`
--

DROP TABLE IF EXISTS `api_token`;
CREATE TABLE IF NOT EXISTS `api_token` (
  `TOKEN_ID` bigint(20) NOT NULL,
  `USER_ID` bigint(20) DEFAULT NULL,
  `API_TOKEN` varchar(255) DEFAULT NULL,
  `DATE_CREATED` datetime DEFAULT NULL,
  `EXPIRY_DATE` datetime DEFAULT NULL
) ENGINE=InnoDB AUTO_INCREMENT=69 DEFAULT CHARSET=utf8;

--
-- Dumping data for table `api_token`
--

INSERT INTO `api_token` (`TOKEN_ID`, `USER_ID`, `API_TOKEN`, `DATE_CREATED`, `EXPIRY_DATE`) VALUES
  (1, 10, 'mekmxPsfPLfic0rMyUK7BKtjaj21VHoO', '2018-01-13 11:33:36', '2018-01-13 11:33:36'),
  (2, 5, 'AswKCdHzmC_Qt3OSva_Q-AbrHTYDuvrn', '2018-01-21 18:37:53', '2018-01-21 18:37:53'),
  (3, 57, 'a0nKvn3_l_opCOYxgNmLWNEK4z7tsuQJ', '2018-01-11 06:38:41', '2018-01-11 06:38:42'),
  (4, 25, 'M0r3dWSsSK-Kxlbonup0zSJllCoNNEmr', '2018-01-20 00:17:45', '2018-01-20 00:17:45'),
  (5, 58, 'tISoX9J_nQjrV1FoC0qAlxQH6WR2h27I', '2018-01-14 14:44:41', '2018-01-14 14:44:41'),
  (6, 56, '-JSZcBuu3Ql0lbNhc8xtpYtlaK9r-_dn', '2018-01-18 00:39:32', '2018-01-18 00:39:32'),
  (7, 49, 'gcuC54pQvBtUDEz-t5FXrewUZ1rhbbeV', '2018-01-14 22:56:20', '2018-01-14 22:56:20'),
  (8, 60, 'zYt574rj01G2Uzvr3zdt29yGsjznRG1o', '2018-01-15 09:49:05', '2018-01-15 09:49:05'),
  (9, 59, 'Juzf-7UJte0j6U8VffVvrJD744T0RJu3', '2018-01-15 09:50:43', '2018-01-15 09:50:43'),
  (10, 61, 'OcOHZl0kwkP02pZqZhhJ7XBKzNiDfpoH', '2018-01-15 15:28:18', '2018-01-15 15:28:18'),
  (11, 63, 'CFtLREcAjXxCDRVixDz13Zbwh7LLvHi3', '2018-01-15 18:01:53', '2018-01-15 18:01:53'),
  (12, 64, 'C7mDtH8rZG496xYG1W87YnsL84yDyJGM', '2018-01-19 20:18:27', '2018-01-19 20:18:28'),
  (13, 65, 'rSXTfj4KqRJoBFsupu1Mf2pJM7R0QmMj', '2018-01-21 13:13:47', '2018-01-21 13:13:47'),
  (14, 70, 'Fq7I2--knQefmu0es5TdleLzhMz7WXUQ', '2018-01-17 15:37:50', '2018-01-17 15:37:50'),
  (15, 71, 'WnCmThCpHdl4dUt_-neGYyl-g42YuY7v', '2018-01-17 16:14:13', '2018-01-17 16:14:13'),
  (16, 72, '6ZU6g3pfAag5va4X16oX4RRN5TxWK72-', '2018-01-17 16:21:41', '2018-01-17 16:21:41'),
  (17, 73, 'oMm-coF1BC9ZfGG_GDyZP3vZPEut2Y0G', '2018-01-17 18:43:29', '2018-01-17 18:43:29'),
  (18, 74, 'BHOfOB7Tui6hL7dz4uNclP7PD95Z4Smn', '2018-01-17 18:56:08', '2018-01-17 18:56:08'),
  (19, 75, 'rxk9FrtU5qdBzCqcIgSDXvOdRxtYFG0I', '2018-01-17 19:05:16', '2018-01-17 19:05:16'),
  (20, 76, 'Q6iPgB5vDz0vUo5dYSRSRDNa-89zgHsr', '2018-01-17 19:11:57', '2018-01-17 19:11:57'),
  (21, 77, 'sBT_ZfCtO3iHieynGuTeYfsTVg0c1Fwf', '2018-01-17 19:52:14', '2018-01-17 19:52:14'),
  (22, 78, '7PM4T3d4OUsyP0mD6GmjpsCioysoYtGr', '2018-01-18 09:25:19', '2018-01-18 09:25:20'),
  (23, 80, '4Di7e_UAZpS9nESK8Vpfa5rgB-4G1FV-', '2018-01-18 10:03:56', '2018-01-18 10:03:56'),
  (24, 82, '4t8QMdlicwipAGpbZbBoQzaUmHDX6sm5', '2018-01-18 11:42:04', '2018-01-18 11:42:04'),
  (25, 83, 'bphUAFycQR_JWO_fppizj-Y4sj3T6ldn', '2018-01-18 13:37:45', '2018-01-18 13:37:45'),
  (26, 84, 'xBMpujFyYsuy4RXQxPBarvI-OgxfPBMe', '2018-01-18 16:49:41', '2018-01-18 16:49:41'),
  (27, 85, 'ziNwfp5ACCZzmyiRxNxvwnXhbylTQWVE', '2018-01-18 17:16:32', '2018-01-18 17:16:32'),
  (28, 11, 'ItgeZH8vwEmUor5bxYFTVU1Pwvk5UwXT', '2018-01-20 00:17:16', '2018-01-20 00:17:16'),
  (29, 86, 'XRA-fHifB40AK3gHMXhYiE5BvyMYrmNN', '2018-01-18 20:14:11', '2018-01-18 20:14:11'),
  (30, 87, 'a-ZN13abI7qD2BEtr-7krTU3LCh9wFgP', '2018-01-18 22:52:00', '2018-01-18 22:52:00'),
  (31, 88, 'EC7kJCaN5zjoawCrEDkaDyF8gkYoWnnA', '2018-01-20 18:46:27', '2018-01-20 18:46:27'),
  (32, 89, 'a82lbSI-aALJFAlMgPUnjOwXF406nhEx', '2018-01-22 22:56:12', '2018-01-22 22:56:12'),
  (33, 90, 'qmKO3I9K-URSJde4YNDZya-TJ5zxcoJl', '2018-01-20 20:45:03', '2018-01-20 20:45:03'),
  (34, 91, 'E8fwLWcFNdbTD99OTpHnuziNa83ezK1W', '2018-01-21 06:26:18', '2018-01-21 06:26:18'),
  (35, 92, 'by8EsnvuJlOvvnf8WfnjV8wpkyWu9qiT', '2018-01-21 15:06:23', '2018-01-21 15:06:23'),
  (36, 93, 'yKU_NPMsAOeYtN39J2K8nw5IPeyK4PYo', '2018-01-21 21:57:53', '2018-01-21 21:57:53'),
  (37, 94, 'vrI52TcK2CrJnIHpzJ9BApAsWnW7U1nM', '2018-01-21 22:08:00', '2018-01-21 22:08:00'),
  (38, 95, 'CsPBW_Ql2TEiLh5XHr6Yy4HJFYjXas9q', '2018-01-21 22:26:11', '2018-01-21 22:26:11'),
  (39, 96, 'sobdmgPs9Egc_JJ-gLZKPI9ArgRpTbEl', '2018-01-21 22:45:38', '2018-01-21 22:45:38'),
  (40, 97, 'Z23i3zPwBiNG_g41kul0Xrtgj4L8UNJ5', '2018-01-22 09:12:16', '2018-01-22 09:12:16'),
  (41, 98, '6Djzx1lDQPwFEU8VAtz5K1-pBMTAZzwo', '2018-01-22 14:58:21', '2018-01-22 14:58:21'),
  (42, 99, 'kQYlWcjmNoQFB4Nqe__B2flqo-ophg9S', '2018-01-22 17:59:37', '2018-01-22 17:59:37'),
  (43, 100, 'BY2XkHrN5vbNaoCczX6_9s-8EZmnC94m', '2018-01-22 18:13:53', '2018-01-22 18:13:53'),
  (44, 101, 'KFsLNShsRS4rpU9zBUcoU7_xQLQ_C-81', '2018-01-22 18:14:20', '2018-01-22 18:14:20'),
  (45, 102, 'P9wUlwQ_L34eo8CeVz6PdKzkAq1GRscM', '2018-01-22 18:14:34', '2018-01-22 18:14:34'),
  (46, 105, 'Px7yYK9g2m73DvCFIBgeqWPY4sWheM-y', '2018-01-22 18:33:06', '2018-01-22 18:33:06'),
  (47, 106, 'LmrjD_piGbiyKsuYLNIcs1u2bMdS5VkI', '2018-01-22 18:39:41', '2018-01-22 18:39:41'),
  (48, 108, 'pIYH3LkR4jPHq7Vih5OQ_-HQ3TIH-_Qq', '2018-01-22 18:55:25', '2018-01-22 18:55:25'),
  (49, 109, 'h1XIzMnARVQleaA1plxnn5tYI3yAmssh', '2018-01-22 19:03:39', '2018-01-22 19:03:39'),
  (50, 110, 'ei2cUMbeVlmRhUXcKL_ohaH774XBkqb2', '2018-01-22 19:35:34', '2018-01-22 19:35:34'),
  (51, 113, '145Y10Je_TI12-sVyNYm2Qn--GVUrjcd', '2018-01-22 19:59:58', '2018-01-22 19:59:58'),
  (52, 115, 'dO9J46R1pzpy64NI26d_-UUjHfjH83su', '2018-01-22 21:36:54', '2018-01-22 21:36:54'),
  (53, 116, 'AJB2ZIazn6AUvJ8utoN1_xUBS62Ddc1o', '2018-01-22 21:54:33', '2018-01-22 21:54:33'),
  (54, 117, 'cgGMbeOnH5DS1hcuIBwsWRR7i4Tjddbq', '2018-01-22 22:17:03', '2018-01-22 22:17:03'),
  (55, 118, 'j54Bihz6imUF2RxznyxhlpTX_ip72ica', '2018-01-22 22:28:11', '2018-01-22 22:28:12'),
  (56, 119, 'xTmew8bJmeGEGmu77GD_pW2zVFvUYyXi', '2018-01-22 22:59:14', '2018-01-22 22:59:14'),
  (57, 120, 'f2_sdE1NMkOjZeGlv8-CCh2rrxRgtbnt', '2018-01-22 23:50:34', '2018-01-22 23:50:34'),
  (58, 121, 'xFEDWrdG8_TLOD4GSoscKEPWu_I6eMcX', '2018-01-23 08:52:32', '2018-01-23 08:52:32'),
  (59, 122, '_zRI2RUC0Xcqsh1bAK8Q8XHZFCkfZOwg', '2018-01-23 08:58:16', '2018-01-23 08:58:16'),
  (60, 123, 'Fs8LDmkrUTUucCaFBC5829TNl4nCZhAE', '2018-01-23 10:40:43', '2018-01-23 10:40:44'),
  (61, 124, '54tciXLTbk2salWT2ZDBpq6a0ZVS4nOd', '2018-01-23 11:25:22', '2018-01-23 11:25:22'),
  (62, 125, 'VJuNwuGOH-UlHQ7NAJ9rbBWc9wy1G3YP', '2018-01-23 11:46:11', '2018-01-23 11:46:11'),
  (63, 126, 'YoWYJwy6Ny4UkN8rE3Lx5fLb2Z7MxEMM', '2018-01-23 12:34:07', '2018-01-23 12:34:07'),
  (64, 127, 'brVsNoL8m_N47r8Nk1kqHDJZsgqRGFHm', '2018-01-23 13:50:33', '2018-01-23 13:50:34'),
  (65, 128, 'DX2gj9TZrETKnLZfK2nnHpN3U_ZlRdLm', '2018-01-23 14:26:03', '2018-01-23 14:26:03'),
  (66, 129, 'LrKs1HQXRItJYG143vltKuXILfmDTyUH', '2018-01-23 15:20:55', '2018-01-23 15:20:55'),
  (67, 130, 'O348jBSE7wcAKgehFluL5jN0iIYwuT_J', '2018-01-23 15:57:42', '2018-01-23 15:57:42'),
  (68, 131, 'knzx66o7SiXiA94f96ig-u76o4urh5zh', '2018-01-23 16:50:45', '2018-01-23 16:50:45');

-- --------------------------------------------------------

--
-- Table structure for table `chef`
--

DROP TABLE IF EXISTS `chef`;
CREATE TABLE IF NOT EXISTS `chef` (
  `CHEF_ID` bigint(20) NOT NULL,
  `CHEF_NAME` varchar(100) NOT NULL,
  `KITCHEN_ID` bigint(20) NOT NULL
) ENGINE=InnoDB AUTO_INCREMENT=5 DEFAULT CHARSET=latin1;

--
-- Dumping data for table `chef`
--

INSERT INTO `chef` (`CHEF_ID`, `CHEF_NAME`, `KITCHEN_ID`) VALUES
  (4, 'FAYSAL', 1);

-- --------------------------------------------------------

--
-- Table structure for table `city`
--

DROP TABLE IF EXISTS `city`;
CREATE TABLE IF NOT EXISTS `city` (
  `CITY_ID` bigint(20) NOT NULL,
  `CITY_NAME` varchar(100) NOT NULL,
  `COUNTRY_ID` bigint(20) NOT NULL
) ENGINE=InnoDB AUTO_INCREMENT=4 DEFAULT CHARSET=latin1;

--
-- Dumping data for table `city`
--

INSERT INTO `city` (`CITY_ID`, `CITY_NAME`, `COUNTRY_ID`) VALUES
  (1, 'MOGADISHU', 2),
  (3, 'MOMBASA', 1);

-- --------------------------------------------------------

--
-- Table structure for table `country`
--

DROP TABLE IF EXISTS `country`;
CREATE TABLE IF NOT EXISTS `country` (
  `COUNRY_ID` bigint(20) NOT NULL,
  `COUNTRY_NAME` varchar(100) NOT NULL
) ENGINE=InnoDB AUTO_INCREMENT=6 DEFAULT CHARSET=latin1;

--
-- Dumping data for table `country`
--

INSERT INTO `country` (`COUNRY_ID`, `COUNTRY_NAME`) VALUES
  (1, 'KENYA'),
  (2, 'SOMALIA'),
  (3, 'SOUTH SUDAN'),
  (4, 'ETHIOPIA'),
  (5, 'ERITREA');

-- --------------------------------------------------------

--
-- Table structure for table `customer_order`
--

DROP TABLE IF EXISTS `customer_order`;
CREATE TABLE IF NOT EXISTS `customer_order` (
  `ORDER_ID` bigint(20) NOT NULL,
  `USER_ID` bigint(20) NOT NULL,
  `LOCATION_ID` bigint(20) NOT NULL,
  `KITCHEN_ID` bigint(10) DEFAULT NULL,
  `CHEF_ID` bigint(10) DEFAULT NULL,
  `RIDER_ID` bigint(10) DEFAULT NULL,
  `ORDER_DATE` datetime NOT NULL,
  `PAYMENT_METHOD` varchar(20) NOT NULL,
  `ORDER_STATUS` varchar(30) NOT NULL COMMENT 'Status of the order',
  `ORDER_TIME` varchar(20) DEFAULT NULL,
  `NOTES` varchar(255) DEFAULT NULL COMMENT 'Can contain payment text from mobile transactions etc',
  `CREATED_AT` datetime DEFAULT NULL,
  `UPDATED_AT` datetime DEFAULT NULL
) ENGINE=InnoDB AUTO_INCREMENT=1059 DEFAULT CHARSET=latin1;

--
-- Dumping data for table `customer_order`
--

INSERT INTO `customer_order` (`ORDER_ID`, `USER_ID`, `LOCATION_ID`, `KITCHEN_ID`, `CHEF_ID`, `RIDER_ID`, `ORDER_DATE`, `PAYMENT_METHOD`, `ORDER_STATUS`, `ORDER_TIME`, `NOTES`, `CREATED_AT`, `UPDATED_AT`) VALUES
  (1000, 65, 14, 1, 4, NULL, '2018-01-17 13:23:08', 'MOBILE', 'CHEF ASSIGNED', NULL, NULL, '2018-01-17 13:23:08', '2018-01-22 17:47:47'),
  (1001, 25, 3, 1, 4, 5, '2018-01-17 13:25:08', 'MOBILE', 'ORDER READY', NULL, NULL, '2018-01-17 13:25:08', '2018-01-18 13:31:38'),
  (1002, 25, 2, 1, 4, 5, '2018-01-17 14:22:09', 'MOBILE', 'RIDER DISPATCHED', NULL, NULL, '2018-01-17 14:22:09', '2018-01-17 14:39:10'),
  (1003, 25, 1, 1, 4, NULL, '2018-01-17 14:44:26', 'MOBILE', 'CHEF ASSIGNED', NULL, NULL, '2018-01-17 14:44:26', '2018-01-22 17:49:27'),
  (1004, 70, 5, 1, 4, NULL, '2018-01-17 15:39:20', 'MOBILE', 'CHEF ASSIGNED', NULL, NULL, '2018-01-17 15:39:20', '2018-01-22 17:50:14'),
  (1005, 63, 5, 1, 4, 5, '2018-01-17 15:47:14', 'MOBILE', 'RIDER DISPATCHED', NULL, NULL, '2018-01-17 15:47:15', '2018-01-17 18:34:42'),
  (1006, 71, 6, 1, 4, NULL, '2018-01-17 16:15:23', 'MOBILE', 'CHEF ASSIGNED', NULL, NULL, '2018-01-17 16:15:23', '2018-01-22 17:50:38'),
  (1007, 25, 15, 1, 4, 6, '2018-01-17 16:19:45', 'MOBILE', 'RIDER DISPATCHED', NULL, NULL, '2018-01-17 16:19:45', '2018-01-17 16:54:10'),
  (1008, 72, 6, 1, 4, 5, '2018-01-17 16:25:03', 'MOBILE', 'RIDER DISPATCHED', NULL, NULL, '2018-01-17 16:25:03', '2018-01-17 16:56:31'),
  (1009, 53, 13, 1, 4, 5, '2018-01-17 17:48:31', 'MOBILE', 'RIDER DISPATCHED', NULL, NULL, '2018-01-17 17:48:31', '2018-01-17 18:34:29'),
  (1010, 49, 2, 1, 4, 6, '2018-01-17 18:44:37', 'MOBILE', 'RIDER DISPATCHED', NULL, NULL, '2018-01-17 18:44:38', '2018-01-17 18:47:33'),
  (1011, 80, 5, 1, 4, NULL, '2018-01-18 10:05:57', 'MOBILE', 'CHEF ASSIGNED', NULL, NULL, '2018-01-18 10:05:58', '2018-01-22 17:51:00'),
  (1012, 83, 12, 1, 4, NULL, '2018-01-18 13:40:26', 'MOBILE', 'CHEF ASSIGNED', NULL, NULL, '2018-01-18 13:40:26', '2018-01-22 17:51:59'),
  (1013, 60, 5, 1, 4, NULL, '2018-01-18 14:20:10', 'MOBILE', 'CHEF ASSIGNED', NULL, NULL, '2018-01-18 14:20:10', '2018-01-22 17:52:52'),
  (1014, 82, 5, 1, 4, 6, '2018-01-18 16:49:07', 'MOBILE', 'RIDER DISPATCHED', NULL, NULL, '2018-01-18 16:49:07', '2018-01-18 18:26:29'),
  (1015, 84, 3, 1, 4, NULL, '2018-01-18 16:53:56', 'MOBILE', 'CHEF ASSIGNED', NULL, NULL, '2018-01-18 16:53:56', '2018-01-22 17:53:45'),
  (1016, 29, 6, 1, 4, NULL, '2018-01-18 17:05:49', 'MOBILE', 'CHEF ASSIGNED', NULL, NULL, '2018-01-18 17:05:49', '2018-01-20 16:08:57'),
  (1017, 85, 5, 1, 4, NULL, '2018-01-18 17:17:33', 'MOBILE', 'CHEF ASSIGNED', NULL, NULL, '2018-01-18 17:17:33', '2018-01-22 17:54:08'),
  (1018, 25, 2, 1, 4, NULL, '2018-01-18 20:01:28', 'MOBILE', 'CHEF ASSIGNED', NULL, NULL, '2018-01-18 20:01:28', '2018-01-22 17:53:23'),
  (1019, 86, 12, 1, 4, NULL, '2018-01-18 20:17:23', 'MOBILE', 'CHEF ASSIGNED', NULL, NULL, '2018-01-18 20:17:23', '2018-01-20 16:03:22'),
  (1020, 25, 15, 1, 4, NULL, '2018-01-19 14:25:35', 'MOBILE', 'CHEF ASSIGNED', NULL, NULL, '2018-01-19 14:25:36', '2018-01-20 15:23:32'),
  (1021, 82, 5, NULL, NULL, NULL, '2018-01-19 18:51:13', 'MOBILE', 'PAYMENT PENDING', NULL, NULL, '2018-01-19 18:51:14', '2018-01-19 18:51:14'),
  (1022, 25, 1, 1, NULL, NULL, '2018-01-19 22:14:14', 'MOBILE', 'CHEF ASSIGNED', NULL, NULL, '2018-01-19 22:14:15', '2018-01-22 17:52:31'),
  (1023, 80, 5, 1, 4, NULL, '2018-01-19 23:07:03', 'MOBILE', 'CHEF ASSIGNED', NULL, NULL, '2018-01-19 23:07:04', '2018-01-22 17:51:34'),
  (1024, 57, 12, 1, 4, NULL, '2018-01-20 11:50:00', 'MOBILE', 'CHEF ASSIGNED', NULL, NULL, '2018-01-20 11:50:00', '2018-01-22 17:48:13'),
  (1025, 57, 12, 1, 4, NULL, '2018-01-20 11:57:57', 'MOBILE', 'CHEF ASSIGNED', NULL, NULL, '2018-01-20 11:57:57', '2018-01-20 12:00:59'),
  (1026, 57, 12, 1, 4, 6, '2018-01-20 12:11:09', 'MOBILE', 'RIDER DISPATCHED', NULL, NULL, '2018-01-20 12:11:09', '2018-01-20 16:56:50'),
  (1027, 25, 2, 1, 4, NULL, '2018-01-20 15:59:10', 'MOBILE', 'CHEF ASSIGNED', NULL, NULL, '2018-01-20 15:59:11', '2018-01-20 16:05:18'),
  (1028, 84, 16, 1, 4, 6, '2018-01-20 16:20:16', 'MOBILE', 'RIDER DISPATCHED', NULL, NULL, '2018-01-20 16:20:17', '2018-01-20 19:06:51'),
  (1029, 29, 12, 1, 4, 6, '2018-01-20 16:50:24', 'MOBILE', 'RIDER DISPATCHED', NULL, NULL, '2018-01-20 16:50:24', '2018-01-20 17:11:48'),
  (1030, 72, 6, 1, 4, NULL, '2018-01-20 18:40:39', 'MOBILE', 'CHEF ASSIGNED', NULL, NULL, '2018-01-20 18:40:39', '2018-01-22 17:47:09'),
  (1031, 72, 6, 1, 4, 6, '2018-01-20 18:41:57', 'MOBILE', 'RIDER DISPATCHED', NULL, NULL, '2018-01-20 18:41:57', '2018-01-20 19:04:21'),
  (1032, 88, 6, 1, 4, NULL, '2018-01-20 18:48:49', 'MOBILE', 'CHEF ASSIGNED', NULL, NULL, '2018-01-20 18:48:49', '2018-01-21 15:55:41'),
  (1033, 83, 6, 1, NULL, 6, '2018-01-20 19:58:46', 'MOBILE', 'RIDER DISPATCHED', NULL, NULL, '2018-01-20 19:58:46', '2018-01-20 20:26:38'),
  (1034, 84, 16, 1, 4, 5, '2018-01-20 20:13:26', 'MOBILE', 'RIDER DISPATCHED', NULL, NULL, '2018-01-20 20:13:27', '2018-01-20 20:26:59'),
  (1035, 71, 6, 1, 4, 6, '2018-01-21 13:03:13', 'MOBILE', 'RIDER DISPATCHED', NULL, NULL, '2018-01-21 13:03:13', '2018-01-21 16:13:52'),
  (1036, 94, 5, 1, 4, NULL, '2018-01-21 22:09:56', 'MOBILE', 'CHEF ASSIGNED', NULL, NULL, '2018-01-21 22:09:56', '2018-01-22 17:45:12'),
  (1037, 84, 16, 1, NULL, NULL, '2018-01-22 12:24:53', 'MOBILE', 'CHEF ASSIGNED', NULL, NULL, '2018-01-22 12:24:53', '2018-01-22 17:46:47'),
  (1038, 10, 14, 1, NULL, NULL, '2018-01-22 13:30:30', 'MOBILE', 'CHEF ASSIGNED', '14:00', NULL, '2018-01-22 13:30:30', '2018-01-22 17:45:54'),
  (1039, 98, 12, 1, 4, NULL, '2018-01-22 14:59:38', 'MOBILE', 'CHEF ASSIGNED', '15:00', NULL, '2018-01-22 14:59:39', '2018-01-22 17:46:22'),
  (1040, 99, 16, 1, 4, NULL, '2018-01-22 18:03:14', 'MOBILE', 'CHEF ASSIGNED', '19:00', NULL, '2018-01-22 18:03:14', '2018-01-22 19:33:32'),
  (1041, 100, 13, 1, 4, 5, '2018-01-22 18:19:04', 'MOBILE', 'RIDER DISPATCHED', '19:00', NULL, '2018-01-22 18:19:04', '2018-01-22 19:09:59'),
  (1042, 99, 16, 1, 4, 5, '2018-01-22 18:36:53', 'MOBILE', 'RIDER DISPATCHED', '19:00', NULL, '2018-01-22 18:36:53', '2018-01-22 19:09:15'),
  (1043, 108, 14, NULL, NULL, NULL, '2018-01-22 19:06:56', 'MOBILE', 'ORDER READY', '07:00', NULL, '2018-01-22 19:06:56', '2018-01-22 20:40:30'),
  (1044, 109, 16, 1, 4, 5, '2018-01-22 19:10:40', 'MOBILE', 'RIDER DISPATCHED', '20:00', NULL, '2018-01-22 19:10:41', '2018-01-22 20:39:41'),
  (1045, 110, 5, 1, 4, NULL, '2018-01-22 19:41:18', 'MOBILE', 'CHEF ASSIGNED', '00:00', NULL, '2018-01-22 19:41:18', '2018-01-23 18:35:15'),
  (1046, 10, 13, 1, 4, NULL, '2018-01-22 20:41:25', 'MOBILE', 'CHEF ASSIGNED', '06:00', NULL, '2018-01-22 20:41:25', '2018-01-23 18:36:23'),
  (1047, 64, 14, 1, NULL, 5, '2018-01-22 21:09:29', 'MOBILE', 'RIDER DISPATCHED', '01:00', NULL, '2018-01-22 21:09:30', '2018-01-22 21:41:10'),
  (1048, 64, 4, 1, 4, NULL, '2018-01-22 21:19:58', 'MOBILE', 'CHEF ASSIGNED', '03:00', NULL, '2018-01-22 21:19:58', '2018-01-22 21:20:44'),
  (1049, 64, 5, 1, 4, 5, '2018-01-22 21:28:19', 'MOBILE', 'RIDER DISPATCHED', '01:00', NULL, '2018-01-22 21:28:20', '2018-01-22 21:37:24'),
  (1050, 122, 4, 1, 4, NULL, '2018-01-23 09:01:01', 'MOBILE', 'CHEF ASSIGNED', '07:00', NULL, '2018-01-23 09:01:03', '2018-01-23 18:37:09'),
  (1051, 124, 5, 1, 4, NULL, '2018-01-23 11:28:26', 'MOBILE', 'CHEF ASSIGNED', '03:00', NULL, '2018-01-23 11:28:26', '2018-01-23 18:37:32'),
  (1052, 125, 11, 1, 4, NULL, '2018-01-23 11:49:08', 'MOBILE', 'CHEF ASSIGNED', '21:00', NULL, '2018-01-23 11:49:08', '2018-01-23 18:37:52'),
  (1053, 29, 5, 1, 4, 5, '2018-01-23 15:52:53', 'MOBILE', 'RIDER DISPATCHED', '04:00', NULL, '2018-01-23 15:52:54', '2018-01-23 16:21:36'),
  (1054, 10, 4, NULL, NULL, NULL, '2018-01-23 16:32:31', 'MOBILE', 'CHEF ASSIGNED', '06:00', NULL, '2018-01-23 16:32:31', '2018-01-23 18:38:17'),
  (1055, 113, 16, 1, 4, NULL, '2018-01-23 16:44:17', 'MOBILE', 'CHEF ASSIGNED', '17:00', NULL, '2018-01-23 16:44:17', '2018-01-23 18:38:47'),
  (1056, 131, 16, 1, 4, 5, '2018-01-23 16:54:11', 'MOBILE', 'RIDER DISPATCHED', '17:00', NULL, '2018-01-23 16:54:11', '2018-01-23 17:27:22'),
  (1057, 10, 1, 1, 4, NULL, '2018-01-23 17:05:03', 'MOBILE', 'CHEF ASSIGNED', '08:00', NULL, '2018-01-23 17:05:03', '2018-01-23 18:35:39'),
  (1058, 124, 5, 1, 4, 7, '2018-01-23 17:47:06', 'MOBILE', 'RIDER DISPATCHED', '07:00', NULL, '2018-01-23 17:47:06', '2018-01-23 18:02:01');

-- --------------------------------------------------------

--
-- Table structure for table `customer_order_item`
--

DROP TABLE IF EXISTS `customer_order_item`;
CREATE TABLE IF NOT EXISTS `customer_order_item` (
  `ORDER_ITEM_ID` int(11) NOT NULL,
  `ORDER_ID` bigint(10) NOT NULL,
  `ITEM_TYPE_ID` bigint(10) NOT NULL,
  `QUANTITY` int(4) NOT NULL,
  `PRICE` decimal(10,0) NOT NULL,
  `SUBTOTAL` decimal(10,0) NOT NULL,
  `OPTIONS` varchar(100) COLLATE utf8_unicode_ci DEFAULT NULL,
  `NOTES` varchar(200) COLLATE utf8_unicode_ci DEFAULT NULL,
  `CREATED_AT` datetime NOT NULL,
  `UPDATED_AT` datetime DEFAULT NULL
) ENGINE=InnoDB AUTO_INCREMENT=297 DEFAULT CHARSET=utf8 COLLATE=utf8_unicode_ci;

--
-- Dumping data for table `customer_order_item`
--

INSERT INTO `customer_order_item` (`ORDER_ITEM_ID`, `ORDER_ID`, `ITEM_TYPE_ID`, `QUANTITY`, `PRICE`, `SUBTOTAL`, `OPTIONS`, `NOTES`, `CREATED_AT`, `UPDATED_AT`) VALUES
  (221, 1000, 37, 1, '11', '11', 'N/A', NULL, '2018-01-17 13:23:08', NULL),
  (222, 1000, 3, 1, '13', '13', 'N/A', NULL, '2018-01-17 13:23:08', NULL),
  (223, 1000, 3, 1, '13', '13', 'N/A', NULL, '2018-01-17 13:23:08', NULL),
  (224, 1000, 27, 1, '1', '1', 'N/A', NULL, '2018-01-17 13:23:08', NULL),
  (225, 1001, 23, 1, '1', '1', 'N/A', NULL, '2018-01-17 13:25:08', NULL),
  (226, 1002, 3, 1, '13', '13', 'N/A', NULL, '2018-01-17 14:22:09', NULL),
  (227, 1003, 23, 1, '1', '1', 'N/A', NULL, '2018-01-17 14:44:26', NULL),
  (228, 1004, 5, 1, '13', '13', 'N/A', NULL, '2018-01-17 15:39:20', NULL),
  (229, 1005, 38, 1, '13', '13', 'N/A', NULL, '2018-01-17 15:47:14', NULL),
  (230, 1006, 36, 1, '13', '13', 'N/A', NULL, '2018-01-17 16:15:23', NULL),
  (231, 1007, 10, 1, '15', '15', 'N/A', NULL, '2018-01-17 16:19:45', NULL),
  (232, 1008, 7, 1, '11', '11', 'N/A', NULL, '2018-01-17 16:25:03', NULL),
  (233, 1009, 10, 1, '15', '15', 'N/A', NULL, '2018-01-17 17:48:31', NULL),
  (234, 1010, 4, 1, '15', '15', 'N/A', NULL, '2018-01-17 18:44:38', NULL),
  (235, 1011, 1, 1, '15', '15', 'N/A', NULL, '2018-01-18 10:05:57', NULL),
  (236, 1012, 37, 1, '11', '11', 'N/A', NULL, '2018-01-18 13:40:26', NULL),
  (237, 1012, 27, 1, '1', '1', 'N/A', NULL, '2018-01-18 13:40:26', NULL),
  (238, 1013, 9, 2, '11', '22', 'N/A', NULL, '2018-01-18 14:20:10', NULL),
  (239, 1013, 5, 1, '13', '13', 'N/A', NULL, '2018-01-18 14:20:10', NULL),
  (240, 1014, 3, 1, '13', '13', 'N/A', NULL, '2018-01-18 16:49:07', NULL),
  (241, 1015, 3, 1, '13', '13', 'N/A', NULL, '2018-01-18 16:53:56', NULL),
  (242, 1016, 3, 1, '13', '13', 'N/A', NULL, '2018-01-18 17:05:49', NULL),
  (243, 1016, 5, 1, '13', '13', 'N/A', NULL, '2018-01-18 17:05:49', NULL),
  (244, 1017, 39, 1, '15', '15', 'N/A', NULL, '2018-01-18 17:17:33', NULL),
  (245, 1018, 3, 1, '13', '13', 'N/A', NULL, '2018-01-18 20:01:28', NULL),
  (246, 1019, 5, 1, '13', '13', 'N/A', NULL, '2018-01-18 20:17:23', NULL),
  (247, 1019, 33, 1, '11', '11', 'N/A', NULL, '2018-01-18 20:17:23', NULL),
  (248, 1020, 3, 4, '13', '52', 'N/A', NULL, '2018-01-19 14:25:36', NULL),
  (249, 1021, 4, 2, '15', '30', 'N/A', NULL, '2018-01-19 18:51:14', NULL),
  (250, 1022, 35, 1, '15', '15', 'N/A', NULL, '2018-01-19 22:14:14', NULL),
  (251, 1023, 40, 1, '11', '11', 'N/A', NULL, '2018-01-19 23:07:04', NULL),
  (252, 1023, 5, 1, '13', '13', 'N/A', NULL, '2018-01-19 23:07:04', NULL),
  (253, 1023, 10, 1, '15', '15', 'N/A', NULL, '2018-01-19 23:07:04', NULL),
  (254, 1024, 3, 1, '13', '13', 'N/A', NULL, '2018-01-20 11:50:00', NULL),
  (255, 1024, 4, 1, '15', '15', 'N/A', NULL, '2018-01-20 11:50:00', NULL),
  (256, 1025, 19, 1, '1', '1', 'N/A', NULL, '2018-01-20 11:57:57', NULL),
  (257, 1025, 8, 1, '15', '15', 'N/A', NULL, '2018-01-20 11:57:57', NULL),
  (258, 1026, 8, 1, '15', '15', 'N/A', NULL, '2018-01-20 12:11:09', NULL),
  (259, 1026, 19, 1, '1', '1', 'N/A', NULL, '2018-01-20 12:11:09', NULL),
  (260, 1027, 3, 1, '13', '13', 'N/A', NULL, '2018-01-20 15:59:11', NULL),
  (261, 1027, 7, 1, '11', '11', 'N/A', NULL, '2018-01-20 15:59:11', NULL),
  (262, 1028, 43, 1, '11', '11', 'N/A', NULL, '2018-01-20 16:20:17', NULL),
  (263, 1029, 8, 1, '15', '15', 'N/A', NULL, '2018-01-20 16:50:24', NULL),
  (264, 1030, 44, 1, '13', '13', 'N/A', NULL, '2018-01-20 18:40:39', NULL),
  (265, 1030, 4, 1, '15', '15', 'N/A', NULL, '2018-01-20 18:40:39', NULL),
  (266, 1031, 44, 1, '13', '13', 'N/A', NULL, '2018-01-20 18:41:57', NULL),
  (267, 1032, 44, 1, '13', '13', 'N/A', NULL, '2018-01-20 18:48:49', NULL),
  (268, 1033, 39, 1, '15', '15', 'N/A', NULL, '2018-01-20 19:58:46', NULL),
  (269, 1033, 23, 2, '1', '2', 'N/A', NULL, '2018-01-20 19:58:46', NULL),
  (270, 1034, 44, 2, '13', '26', 'N/A', NULL, '2018-01-20 20:13:27', NULL),
  (271, 1035, 38, 1, '13', '13', 'N/A', NULL, '2018-01-21 13:03:13', NULL),
  (272, 1036, 7, 1, '11', '11', 'N/A', NULL, '2018-01-21 22:09:56', NULL),
  (273, 1037, 4, 1, '15', '15', 'N/A', NULL, '2018-01-22 12:24:53', NULL),
  (274, 1038, 33, 2, '11', '22', 'N/A', NULL, '2018-01-22 13:30:30', NULL),
  (275, 1038, 27, 1, '1', '1', 'N/A', NULL, '2018-01-22 13:30:30', NULL),
  (276, 1039, 19, 1, '1', '1', 'N/A', NULL, '2018-01-22 14:59:38', NULL),
  (277, 1040, 6, 1, '13', '13', 'N/A', NULL, '2018-01-22 18:03:14', NULL),
  (278, 1041, 10, 1, '15', '15', 'N/A', NULL, '2018-01-22 18:19:04', NULL),
  (279, 1042, 1, 1, '15', '15', 'N/A', NULL, '2018-01-22 18:36:53', NULL),
  (280, 1043, 10, 1, '15', '15', 'N/A', NULL, '2018-01-22 19:06:56', NULL),
  (281, 1044, 39, 1, '15', '15', 'N/A', NULL, '2018-01-22 19:10:40', NULL),
  (282, 1045, 2, 1, '11', '11', 'N/A', NULL, '2018-01-22 19:41:18', NULL),
  (283, 1046, 23, 1, '1', '1', 'N/A', NULL, '2018-01-22 20:41:25', NULL),
  (284, 1047, 10, 1, '15', '15', 'N/A', NULL, '2018-01-22 21:09:30', NULL),
  (285, 1048, 10, 1, '15', '15', 'N/A', NULL, '2018-01-22 21:19:58', NULL),
  (286, 1049, 8, 1, '15', '15', 'N/A', NULL, '2018-01-22 21:28:20', NULL),
  (287, 1050, 10, 1, '15', '15', 'N/A', NULL, '2018-01-23 09:01:03', NULL),
  (288, 1051, 44, 1, '13', '13', 'N/A', NULL, '2018-01-23 11:28:26', NULL),
  (289, 1052, 5, 1, '13', '13', 'N/A', NULL, '2018-01-23 11:49:08', NULL),
  (290, 1052, 3, 1, '13', '13', 'N/A', NULL, '2018-01-23 11:49:08', NULL),
  (291, 1053, 3, 1, '13', '13', 'N/A', NULL, '2018-01-23 15:52:53', NULL),
  (292, 1054, 23, 1, '1', '1', 'N/A', NULL, '2018-01-23 16:32:31', NULL),
  (293, 1055, 4, 1, '15', '15', 'N/A', NULL, '2018-01-23 16:44:17', NULL),
  (294, 1056, 4, 1, '15', '15', 'N/A', NULL, '2018-01-23 16:54:11', NULL),
  (295, 1057, 31, 1, '1', '1', 'N/A', NULL, '2018-01-23 17:05:03', NULL),
  (296, 1058, 5, 1, '13', '13', 'N/A', NULL, '2018-01-23 17:47:06', NULL);

-- --------------------------------------------------------

--
-- Table structure for table `db_cache`
--

DROP TABLE IF EXISTS `db_cache`;
CREATE TABLE IF NOT EXISTS `db_cache` (
  `id` char(128) NOT NULL,
  `expire` int(11) DEFAULT NULL,
  `data` blob
) ENGINE=InnoDB DEFAULT CHARSET=latin1;

--
-- Dumping data for table `db_cache`
--

INSERT INTO `db_cache` (`id`, `expire`, `data`) VALUES
  ('963454f612a8b5fb4a63ba1e97f028a1', 0, 0x613a323a7b693a303b613a323a7b693a303b613a32333a7b693a303b4f3a31353a227969695c7765625c55726c52756c65223a31363a7b733a343a226e616d65223b733a32353a223c636f6e74726f6c6c65723a5c772b3e2f3c69643a5c642b3e223b733a373a227061747465726e223b733a34323a22235e283f503c6134636632363639613e5c772b292f283f503c6162663339363735303e5c642b29242375223b733a343a22686f7374223b4e3b733a353a22726f757465223b733a31373a223c636f6e74726f6c6c65723e2f76696577223b733a383a2264656661756c7473223b613a303a7b7d733a363a22737566666978223b4e3b733a343a2276657262223b4e3b733a343a226d6f6465223b4e3b733a31323a22656e636f6465506172616d73223b623a313b733a31303a226e6f726d616c697a6572223b4e3b733a31353a22002a00637265617465537461747573223b4e3b733a31353a22002a00706c616365686f6c64657273223b613a323a7b733a393a22613463663236363961223b733a31303a22636f6e74726f6c6c6572223b733a393a22616266333936373530223b733a323a226964223b7d733a32363a22007969695c7765625c55726c52756c65005f74656d706c617465223b733a31393a222f3c636f6e74726f6c6c65723e2f3c69643e2f223b733a32373a22007969695c7765625c55726c52756c65005f726f75746552756c65223b733a32383a22235e283f503c6134636632363639613e5c772b292f76696577242375223b733a32383a22007969695c7765625c55726c52756c65005f706172616d52756c6573223b613a313a7b733a323a226964223b733a383a22235e5c642b242375223b7d733a32393a22007969695c7765625c55726c52756c65005f726f757465506172616d73223b613a313a7b733a31303a22636f6e74726f6c6c6572223b733a31323a223c636f6e74726f6c6c65723e223b7d7d693a313b4f3a31353a227969695c7765625c55726c52756c65223a31363a7b733a343a226e616d65223b733a33383a223c636f6e74726f6c6c65723a5c772b3e2f3c616374696f6e3a5c772b3e2f3c69643a5c642b3e223b733a373a227061747465726e223b733a36313a22235e283f503c6134636632363639613e5c772b292f283f503c6134376363386339323e5c772b292f283f503c6162663339363735303e5c642b29242375223b733a343a22686f7374223b4e3b733a353a22726f757465223b733a32313a223c636f6e74726f6c6c65723e2f3c616374696f6e3e223b733a383a2264656661756c7473223b613a303a7b7d733a363a22737566666978223b4e3b733a343a2276657262223b4e3b733a343a226d6f6465223b4e3b733a31323a22656e636f6465506172616d73223b623a313b733a31303a226e6f726d616c697a6572223b4e3b733a31353a22002a00637265617465537461747573223b4e3b733a31353a22002a00706c616365686f6c64657273223b613a333a7b733a393a22613463663236363961223b733a31303a22636f6e74726f6c6c6572223b733a393a22613437636338633932223b733a363a22616374696f6e223b733a393a22616266333936373530223b733a323a226964223b7d733a32363a22007969695c7765625c55726c52756c65005f74656d706c617465223b733a32383a222f3c636f6e74726f6c6c65723e2f3c616374696f6e3e2f3c69643e2f223b733a32373a22007969695c7765625c55726c52756c65005f726f75746552756c65223b733a34323a22235e283f503c6134636632363639613e5c772b292f283f503c6134376363386339323e5c772b29242375223b733a32383a22007969695c7765625c55726c52756c65005f706172616d52756c6573223b613a313a7b733a323a226964223b733a383a22235e5c642b242375223b7d733a32393a22007969695c7765625c55726c52756c65005f726f757465506172616d73223b613a323a7b733a31303a22636f6e74726f6c6c6572223b733a31323a223c636f6e74726f6c6c65723e223b733a363a22616374696f6e223b733a383a223c616374696f6e3e223b7d7d693a323b4f3a31353a227969695c7765625c55726c52756c65223a31363a7b733a343a226e616d65223b733a32393a223c636f6e74726f6c6c65723a5c772b3e2f3c616374696f6e3a5c772b3e223b733a373a227061747465726e223b733a34323a22235e283f503c6134636632363639613e5c772b292f283f503c6134376363386339323e5c772b29242375223b733a343a22686f7374223b4e3b733a353a22726f757465223b733a32313a223c636f6e74726f6c6c65723e2f3c616374696f6e3e223b733a383a2264656661756c7473223b613a303a7b7d733a363a22737566666978223b4e3b733a343a2276657262223b4e3b733a343a226d6f6465223b4e3b733a31323a22656e636f6465506172616d73223b623a313b733a31303a226e6f726d616c697a6572223b4e3b733a31353a22002a00637265617465537461747573223b4e3b733a31353a22002a00706c616365686f6c64657273223b613a323a7b733a393a22613463663236363961223b733a31303a22636f6e74726f6c6c6572223b733a393a22613437636338633932223b733a363a22616374696f6e223b7d733a32363a22007969695c7765625c55726c52756c65005f74656d706c617465223b733a32333a222f3c636f6e74726f6c6c65723e2f3c616374696f6e3e2f223b733a32373a22007969695c7765625c55726c52756c65005f726f75746552756c65223b733a34323a22235e283f503c6134636632363639613e5c772b292f283f503c6134376363386339323e5c772b29242375223b733a32383a22007969695c7765625c55726c52756c65005f706172616d52756c6573223b613a303a7b7d733a32393a22007969695c7765625c55726c52756c65005f726f757465506172616d73223b613a323a7b733a31303a22636f6e74726f6c6c6572223b733a31323a223c636f6e74726f6c6c65723e223b733a363a22616374696f6e223b733a383a223c616374696f6e3e223b7d7d693a333b4f3a31353a227969695c7765625c55726c52756c65223a31363a7b733a343a226e616d65223b733a313a222f223b733a373a227061747465726e223b733a353a22235e242375223b733a343a22686f7374223b4e3b733a353a22726f757465223b733a31303a22736974652f696e646578223b733a383a2264656661756c7473223b613a303a7b7d733a363a22737566666978223b4e3b733a343a2276657262223b4e3b733a343a226d6f6465223b4e3b733a31323a22656e636f6465506172616d73223b623a313b733a31303a226e6f726d616c697a6572223b4e3b733a31353a22002a00637265617465537461747573223b4e3b733a31353a22002a00706c616365686f6c64657273223b613a303a7b7d733a32363a22007969695c7765625c55726c52756c65005f74656d706c617465223b733a303a22223b733a32373a22007969695c7765625c55726c52756c65005f726f75746552756c65223b4e3b733a32383a22007969695c7765625c55726c52756c65005f706172616d52756c6573223b613a303a7b7d733a32393a22007969695c7765625c55726c52756c65005f726f757465506172616d73223b613a303a7b7d7d693a343b4f3a31353a227969695c7765625c55726c52756c65223a31363a7b733a343a226e616d65223b733a393a226d792d73616c6f6e73223b733a373a227061747465726e223b733a31343a22235e6d792d73616c6f6e73242375223b733a343a22686f7374223b4e3b733a353a22726f757465223b733a31313a2273616c6f6e2f696e646578223b733a383a2264656661756c7473223b613a303a7b7d733a363a22737566666978223b4e3b733a343a2276657262223b4e3b733a343a226d6f6465223b4e3b733a31323a22656e636f6465506172616d73223b623a313b733a31303a226e6f726d616c697a6572223b4e3b733a31353a22002a00637265617465537461747573223b4e3b733a31353a22002a00706c616365686f6c64657273223b613a303a7b7d733a32363a22007969695c7765625c55726c52756c65005f74656d706c617465223b733a31313a222f6d792d73616c6f6e732f223b733a32373a22007969695c7765625c55726c52756c65005f726f75746552756c65223b4e3b733a32383a22007969695c7765625c55726c52756c65005f706172616d52756c6573223b613a303a7b7d733a32393a22007969695c7765625c55726c52756c65005f726f757465506172616d73223b613a303a7b7d7d693a353b4f3a31353a227969695c7765625c55726c52756c65223a31363a7b733a343a226e616d65223b733a383a226d792d7374616666223b733a373a227061747465726e223b733a31333a22235e6d792d7374616666242375223b733a343a22686f7374223b4e3b733a353a22726f757465223b733a31313a2273746166662f696e646578223b733a383a2264656661756c7473223b613a303a7b7d733a363a22737566666978223b4e3b733a343a2276657262223b4e3b733a343a226d6f6465223b4e3b733a31323a22656e636f6465506172616d73223b623a313b733a31303a226e6f726d616c697a6572223b4e3b733a31353a22002a00637265617465537461747573223b4e3b733a31353a22002a00706c616365686f6c64657273223b613a303a7b7d733a32363a22007969695c7765625c55726c52756c65005f74656d706c617465223b733a31303a222f6d792d73746166662f223b733a32373a22007969695c7765625c55726c52756c65005f726f75746552756c65223b4e3b733a32383a22007969695c7765625c55726c52756c65005f706172616d52756c6573223b613a303a7b7d733a32393a22007969695c7765625c55726c52756c65005f726f757465506172616d73223b613a303a7b7d7d693a363b4f3a31353a227969695c7765625c55726c52756c65223a31363a7b733a343a226e616d65223b733a31313a226d792d7061796d656e7473223b733a373a227061747465726e223b733a31363a22235e6d792d7061796d656e7473242375223b733a343a22686f7374223b4e3b733a353a22726f757465223b733a31333a227061796d656e742f696e646578223b733a383a2264656661756c7473223b613a303a7b7d733a363a22737566666978223b4e3b733a343a2276657262223b4e3b733a343a226d6f6465223b4e3b733a31323a22656e636f6465506172616d73223b623a313b733a31303a226e6f726d616c697a6572223b4e3b733a31353a22002a00637265617465537461747573223b4e3b733a31353a22002a00706c616365686f6c64657273223b613a303a7b7d733a32363a22007969695c7765625c55726c52756c65005f74656d706c617465223b733a31333a222f6d792d7061796d656e74732f223b733a32373a22007969695c7765625c55726c52756c65005f726f75746552756c65223b4e3b733a32383a22007969695c7765625c55726c52756c65005f706172616d52756c6573223b613a303a7b7d733a32393a22007969695c7765625c55726c52756c65005f726f757465506172616d73223b613a303a7b7d7d693a373b4f3a31353a227969695c7765625c55726c52756c65223a31363a7b733a343a226e616d65223b733a31363a2270656e64696e672d7061796d656e7473223b733a373a227061747465726e223b733a32313a22235e70656e64696e672d7061796d656e7473242375223b733a343a22686f7374223b4e3b733a353a22726f757465223b733a32343a227061796d656e742f70656e64696e672d7061796d656e7473223b733a383a2264656661756c7473223b613a303a7b7d733a363a22737566666978223b4e3b733a343a2276657262223b4e3b733a343a226d6f6465223b4e3b733a31323a22656e636f6465506172616d73223b623a313b733a31303a226e6f726d616c697a6572223b4e3b733a31353a22002a00637265617465537461747573223b4e3b733a31353a22002a00706c616365686f6c64657273223b613a303a7b7d733a32363a22007969695c7765625c55726c52756c65005f74656d706c617465223b733a31383a222f70656e64696e672d7061796d656e74732f223b733a32373a22007969695c7765625c55726c52756c65005f726f75746552756c65223b4e3b733a32383a22007969695c7765625c55726c52756c65005f706172616d52756c6573223b613a303a7b7d733a32393a22007969695c7765625c55726c52756c65005f726f757465506172616d73223b613a303a7b7d7d693a383b4f3a31353a227969695c7765625c55726c52756c65223a31363a7b733a343a226e616d65223b733a31353a22636f6e6669726d2d7061796d656e74223b733a373a227061747465726e223b733a32303a22235e636f6e6669726d2d7061796d656e74242375223b733a343a22686f7374223b4e3b733a353a22726f757465223b733a32333a227061796d656e742f636f6e6669726d2d7061796d656e74223b733a383a2264656661756c7473223b613a303a7b7d733a363a22737566666978223b4e3b733a343a2276657262223b4e3b733a343a226d6f6465223b4e3b733a31323a22656e636f6465506172616d73223b623a313b733a31303a226e6f726d616c697a6572223b4e3b733a31353a22002a00637265617465537461747573223b4e3b733a31353a22002a00706c616365686f6c64657273223b613a303a7b7d733a32363a22007969695c7765625c55726c52756c65005f74656d706c617465223b733a31373a222f636f6e6669726d2d7061796d656e742f223b733a32373a22007969695c7765625c55726c52756c65005f726f75746552756c65223b4e3b733a32383a22007969695c7765625c55726c52756c65005f706172616d52756c6573223b613a303a7b7d733a32393a22007969695c7765625c55726c52756c65005f726f757465506172616d73223b613a303a7b7d7d693a393b4f3a31353a227969695c7765625c55726c52756c65223a31363a7b733a343a226e616d65223b733a31383a2266696e616c697a65642d7061796d656e7473223b733a373a227061747465726e223b733a32333a22235e66696e616c697a65642d7061796d656e7473242375223b733a343a22686f7374223b4e3b733a353a22726f757465223b733a32363a227061796d656e742f66696e616c697a65642d7061796d656e7473223b733a383a2264656661756c7473223b613a303a7b7d733a363a22737566666978223b4e3b733a343a2276657262223b4e3b733a343a226d6f6465223b4e3b733a31323a22656e636f6465506172616d73223b623a313b733a31303a226e6f726d616c697a6572223b4e3b733a31353a22002a00637265617465537461747573223b4e3b733a31353a22002a00706c616365686f6c64657273223b613a303a7b7d733a32363a22007969695c7765625c55726c52756c65005f74656d706c617465223b733a32303a222f66696e616c697a65642d7061796d656e74732f223b733a32373a22007969695c7765625c55726c52756c65005f726f75746552756c65223b4e3b733a32383a22007969695c7765625c55726c52756c65005f706172616d52756c6573223b613a303a7b7d733a32393a22007969695c7765625c55726c52756c65005f726f757465506172616d73223b613a303a7b7d7d693a31303b4f3a31353a227969695c7765625c55726c52756c65223a31363a7b733a343a226e616d65223b733a31313a226d792d626f6f6b696e6773223b733a373a227061747465726e223b733a31363a22235e6d792d626f6f6b696e6773242375223b733a343a22686f7374223b4e3b733a353a22726f757465223b733a31373a227265736572766174696f6e2f696e646578223b733a383a2264656661756c7473223b613a303a7b7d733a363a22737566666978223b4e3b733a343a2276657262223b4e3b733a343a226d6f6465223b4e3b733a31323a22656e636f6465506172616d73223b623a313b733a31303a226e6f726d616c697a6572223b4e3b733a31353a22002a00637265617465537461747573223b4e3b733a31353a22002a00706c616365686f6c64657273223b613a303a7b7d733a32363a22007969695c7765625c55726c52756c65005f74656d706c617465223b733a31333a222f6d792d626f6f6b696e67732f223b733a32373a22007969695c7765625c55726c52756c65005f726f75746552756c65223b4e3b733a32383a22007969695c7765625c55726c52756c65005f706172616d52756c6573223b613a303a7b7d733a32393a22007969695c7765625c55726c52756c65005f726f757465506172616d73223b613a303a7b7d7d693a31313b4f3a31353a227969695c7765625c55726c52756c65223a31363a7b733a343a226e616d65223b733a31313a226164642d73657276696365223b733a373a227061747465726e223b733a31363a22235e6164642d73657276696365242375223b733a343a22686f7374223b4e3b733a353a22726f757465223b733a32303a2273616c6f6e73657276696365732f637265617465223b733a383a2264656661756c7473223b613a303a7b7d733a363a22737566666978223b4e3b733a343a2276657262223b4e3b733a343a226d6f6465223b4e3b733a31323a22656e636f6465506172616d73223b623a313b733a31303a226e6f726d616c697a6572223b4e3b733a31353a22002a00637265617465537461747573223b4e3b733a31353a22002a00706c616365686f6c64657273223b613a303a7b7d733a32363a22007969695c7765625c55726c52756c65005f74656d706c617465223b733a31333a222f6164642d736572766963652f223b733a32373a22007969695c7765625c55726c52756c65005f726f75746552756c65223b4e3b733a32383a22007969695c7765625c55726c52756c65005f706172616d52756c6573223b613a303a7b7d733a32393a22007969695c7765625c55726c52756c65005f726f757465506172616d73223b613a303a7b7d7d693a31323b4f3a31353a227969695c7765625c55726c52756c65223a31363a7b733a343a226e616d65223b733a31343a2261737369676e2d73657276696365223b733a373a227061747465726e223b733a31393a22235e61737369676e2d73657276696365242375223b733a343a22686f7374223b4e3b733a353a22726f757465223b733a32313a22626f6f6b65642f61737369676e2d73657276696365223b733a383a2264656661756c7473223b613a303a7b7d733a363a22737566666978223b4e3b733a343a2276657262223b4e3b733a343a226d6f6465223b4e3b733a31323a22656e636f6465506172616d73223b623a313b733a31303a226e6f726d616c697a6572223b4e3b733a31353a22002a00637265617465537461747573223b4e3b733a31353a22002a00706c616365686f6c64657273223b613a303a7b7d733a32363a22007969695c7765625c55726c52756c65005f74656d706c617465223b733a31363a222f61737369676e2d736572766963652f223b733a32373a22007969695c7765625c55726c52756c65005f726f75746552756c65223b4e3b733a32383a22007969695c7765625c55726c52756c65005f706172616d52756c6573223b613a303a7b7d733a32393a22007969695c7765625c55726c52756c65005f726f757465506172616d73223b613a303a7b7d7d693a31333b4f3a31353a227969695c7765625c55726c52756c65223a31363a7b733a343a226e616d65223b733a31353a22636f6e6669726d2d73657276696365223b733a373a227061747465726e223b733a32303a22235e636f6e6669726d2d73657276696365242375223b733a343a22686f7374223b4e3b733a353a22726f757465223b733a32323a22626f6f6b65642f636f6e6669726d2d73657276696365223b733a383a2264656661756c7473223b613a303a7b7d733a363a22737566666978223b4e3b733a343a2276657262223b4e3b733a343a226d6f6465223b4e3b733a31323a22656e636f6465506172616d73223b623a313b733a31303a226e6f726d616c697a6572223b4e3b733a31353a22002a00637265617465537461747573223b4e3b733a31353a22002a00706c616365686f6c64657273223b613a303a7b7d733a32363a22007969695c7765625c55726c52756c65005f74656d706c617465223b733a31373a222f636f6e6669726d2d736572766963652f223b733a32373a22007969695c7765625c55726c52756c65005f726f75746552756c65223b4e3b733a32383a22007969695c7765625c55726c52756c65005f706172616d52756c6573223b613a303a7b7d733a32393a22007969695c7765625c55726c52756c65005f726f757465506172616d73223b613a303a7b7d7d693a31343b4f3a31353a227969695c7765625c55726c52756c65223a31363a7b733a343a226e616d65223b733a31393a22636f6e6669726d2d7265736572766174696f6e223b733a373a227061747465726e223b733a32343a22235e636f6e6669726d2d7265736572766174696f6e242375223b733a343a22686f7374223b4e3b733a353a22726f757465223b733a33313a227265736572766174696f6e2f636f6e6669726d2d7265736572766174696f6e223b733a383a2264656661756c7473223b613a303a7b7d733a363a22737566666978223b4e3b733a343a2276657262223b4e3b733a343a226d6f6465223b4e3b733a31323a22656e636f6465506172616d73223b623a313b733a31303a226e6f726d616c697a6572223b4e3b733a31353a22002a00637265617465537461747573223b4e3b733a31353a22002a00706c616365686f6c64657273223b613a303a7b7d733a32363a22007969695c7765625c55726c52756c65005f74656d706c617465223b733a32313a222f636f6e6669726d2d7265736572766174696f6e2f223b733a32373a22007969695c7765625c55726c52756c65005f726f75746552756c65223b4e3b733a32383a22007969695c7765625c55726c52756c65005f706172616d52756c6573223b613a303a7b7d733a32393a22007969695c7765625c55726c52756c65005f726f757465506172616d73223b613a303a7b7d7d693a31353b4f3a31353a227969695c7765625c55726c52756c65223a31363a7b733a343a226e616d65223b733a31393a2270726f636573732d7265736572766174696f6e223b733a373a227061747465726e223b733a32343a22235e70726f636573732d7265736572766174696f6e242375223b733a343a22686f7374223b4e3b733a353a22726f757465223b733a33313a227265736572766174696f6e2f70726f636573732d7265736572766174696f6e223b733a383a2264656661756c7473223b613a303a7b7d733a363a22737566666978223b4e3b733a343a2276657262223b4e3b733a343a226d6f6465223b4e3b733a31323a22656e636f6465506172616d73223b623a313b733a31303a226e6f726d616c697a6572223b4e3b733a31353a22002a00637265617465537461747573223b4e3b733a31353a22002a00706c616365686f6c64657273223b613a303a7b7d733a32363a22007969695c7765625c55726c52756c65005f74656d706c617465223b733a32313a222f70726f636573732d7265736572766174696f6e2f223b733a32373a22007969695c7765625c55726c52756c65005f726f75746552756c65223b4e3b733a32383a22007969695c7765625c55726c52756c65005f706172616d52756c6573223b613a303a7b7d733a32393a22007969695c7765625c55726c52756c65005f726f757465506172616d73223b613a303a7b7d7d693a31363b4f3a31353a227969695c7765625c55726c52756c65223a31363a7b733a343a226e616d65223b733a373a22636f6e6669726d223b733a373a227061747465726e223b733a31323a22235e636f6e6669726d242375223b733a343a22686f7374223b4e3b733a353a22726f757465223b733a31393a227265736572766174696f6e2f636f6e6669726d223b733a383a2264656661756c7473223b613a303a7b7d733a363a22737566666978223b4e3b733a343a2276657262223b4e3b733a343a226d6f6465223b4e3b733a31323a22656e636f6465506172616d73223b623a313b733a31303a226e6f726d616c697a6572223b4e3b733a31353a22002a00637265617465537461747573223b4e3b733a31353a22002a00706c616365686f6c64657273223b613a303a7b7d733a32363a22007969695c7765625c55726c52756c65005f74656d706c617465223b733a393a222f636f6e6669726d2f223b733a32373a22007969695c7765625c55726c52756c65005f726f75746552756c65223b4e3b733a32383a22007969695c7765625c55726c52756c65005f706172616d52756c6573223b613a303a7b7d733a32393a22007969695c7765625c55726c52756c65005f726f757465506172616d73223b613a303a7b7d7d693a31373b4f3a31353a227969695c7765625c55726c52756c65223a31363a7b733a343a226e616d65223b733a383a227365727669636573223b733a373a227061747465726e223b733a31333a22235e7365727669636573242375223b733a343a22686f7374223b4e3b733a353a22726f757465223b733a31333a22736572766963652f696e646578223b733a383a2264656661756c7473223b613a303a7b7d733a363a22737566666978223b4e3b733a343a2276657262223b4e3b733a343a226d6f6465223b4e3b733a31323a22656e636f6465506172616d73223b623a313b733a31303a226e6f726d616c697a6572223b4e3b733a31353a22002a00637265617465537461747573223b4e3b733a31353a22002a00706c616365686f6c64657273223b613a303a7b7d733a32363a22007969695c7765625c55726c52756c65005f74656d706c617465223b733a31303a222f73657276696365732f223b733a32373a22007969695c7765625c55726c52756c65005f726f75746552756c65223b4e3b733a32383a22007969695c7765625c55726c52756c65005f706172616d52756c6573223b613a303a7b7d733a32393a22007969695c7765625c55726c52756c65005f726f757465506172616d73223b613a303a7b7d7d693a31383b4f3a31353a227969695c7765625c55726c52756c65223a31363a7b733a343a226e616d65223b733a31323a226163746976652d7573657273223b733a373a227061747465726e223b733a31373a22235e6163746976652d7573657273242375223b733a343a22686f7374223b4e3b733a353a22726f757465223b733a31373a22757365722f6163746976652d7573657273223b733a383a2264656661756c7473223b613a303a7b7d733a363a22737566666978223b4e3b733a343a2276657262223b4e3b733a343a226d6f6465223b4e3b733a31323a22656e636f6465506172616d73223b623a313b733a31303a226e6f726d616c697a6572223b4e3b733a31353a22002a00637265617465537461747573223b4e3b733a31353a22002a00706c616365686f6c64657273223b613a303a7b7d733a32363a22007969695c7765625c55726c52756c65005f74656d706c617465223b733a31343a222f6163746976652d75736572732f223b733a32373a22007969695c7765625c55726c52756c65005f726f75746552756c65223b4e3b733a32383a22007969695c7765625c55726c52756c65005f706172616d52756c6573223b613a303a7b7d733a32393a22007969695c7765625c55726c52756c65005f726f757465506172616d73223b613a303a7b7d7d693a31393b4f3a31353a227969695c7765625c55726c52756c65223a31363a7b733a343a226e616d65223b733a31333a2270656e64696e672d7573657273223b733a373a227061747465726e223b733a31383a22235e70656e64696e672d7573657273242375223b733a343a22686f7374223b4e3b733a353a22726f757465223b733a31383a22757365722f70656e64696e672d7573657273223b733a383a2264656661756c7473223b613a303a7b7d733a363a22737566666978223b4e3b733a343a2276657262223b4e3b733a343a226d6f6465223b4e3b733a31323a22656e636f6465506172616d73223b623a313b733a31303a226e6f726d616c697a6572223b4e3b733a31353a22002a00637265617465537461747573223b4e3b733a31353a22002a00706c616365686f6c64657273223b613a303a7b7d733a32363a22007969695c7765625c55726c52756c65005f74656d706c617465223b733a31353a222f70656e64696e672d75736572732f223b733a32373a22007969695c7765625c55726c52756c65005f726f75746552756c65223b4e3b733a32383a22007969695c7765625c55726c52756c65005f706172616d52756c6573223b613a303a7b7d733a32393a22007969695c7765625c55726c52756c65005f726f757465506172616d73223b613a303a7b7d7d693a32303b4f3a31353a227969695c7765625c55726c52756c65223a31363a7b733a343a226e616d65223b733a31353a2273757370656e6465642d7573657273223b733a373a227061747465726e223b733a32303a22235e73757370656e6465642d7573657273242375223b733a343a22686f7374223b4e3b733a353a22726f757465223b733a32303a22757365722f73757370656e6465642d7573657273223b733a383a2264656661756c7473223b613a303a7b7d733a363a22737566666978223b4e3b733a343a2276657262223b4e3b733a343a226d6f6465223b4e3b733a31323a22656e636f6465506172616d73223b623a313b733a31303a226e6f726d616c697a6572223b4e3b733a31353a22002a00637265617465537461747573223b4e3b733a31353a22002a00706c616365686f6c64657273223b613a303a7b7d733a32363a22007969695c7765625c55726c52756c65005f74656d706c617465223b733a31373a222f73757370656e6465642d75736572732f223b733a32373a22007969695c7765625c55726c52756c65005f726f75746552756c65223b4e3b733a32383a22007969695c7765625c55726c52756c65005f706172616d52756c6573223b613a303a7b7d733a32393a22007969695c7765625c55726c52756c65005f726f757465506172616d73223b613a303a7b7d7d693a32313b4f3a31353a227969695c7765625c55726c52756c65223a31363a7b733a343a226e616d65223b733a31373a2264656163746976617465642d7573657273223b733a373a227061747465726e223b733a32323a22235e64656163746976617465642d7573657273242375223b733a343a22686f7374223b4e3b733a353a22726f757465223b733a32323a22757365722f64656163746976617465642d7573657273223b733a383a2264656661756c7473223b613a303a7b7d733a363a22737566666978223b4e3b733a343a2276657262223b4e3b733a343a226d6f6465223b4e3b733a31323a22656e636f6465506172616d73223b623a313b733a31303a226e6f726d616c697a6572223b4e3b733a31353a22002a00637265617465537461747573223b4e3b733a31353a22002a00706c616365686f6c64657273223b613a303a7b7d733a32363a22007969695c7765625c55726c52756c65005f74656d706c617465223b733a31393a222f64656163746976617465642d75736572732f223b733a32373a22007969695c7765625c55726c52756c65005f726f75746552756c65223b4e3b733a32383a22007969695c7765625c55726c52756c65005f706172616d52756c6573223b613a303a7b7d733a32393a22007969695c7765625c55726c52756c65005f726f757465506172616d73223b613a303a7b7d7d693a32323b4f3a31353a227969695c7765625c55726c52756c65223a31363a7b733a343a226e616d65223b733a31313a22757365722d737461747573223b733a373a227061747465726e223b733a31363a22235e757365722d737461747573242375223b733a343a22686f7374223b4e3b733a353a22726f757465223b733a31363a22757365722f757365722d737461747573223b733a383a2264656661756c7473223b613a303a7b7d733a363a22737566666978223b4e3b733a343a2276657262223b4e3b733a343a226d6f6465223b4e3b733a31323a22656e636f6465506172616d73223b623a313b733a31303a226e6f726d616c697a6572223b4e3b733a31353a22002a00637265617465537461747573223b4e3b733a31353a22002a00706c616365686f6c64657273223b613a303a7b7d733a32363a22007969695c7765625c55726c52756c65005f74656d706c617465223b733a31333a222f757365722d7374617475732f223b733a32373a22007969695c7765625c55726c52756c65005f726f75746552756c65223b4e3b733a32383a22007969695c7765625c55726c52756c65005f706172616d52756c6573223b613a303a7b7d733a32393a22007969695c7765625c55726c52756c65005f726f757465506172616d73223b613a303a7b7d7d7d693a313b733a33323a226232653031636433643535663537643638626664363364323039373561336535223b7d693a313b4e3b7d);

-- --------------------------------------------------------

--
-- Table structure for table `kitchen`
--

DROP TABLE IF EXISTS `kitchen`;
CREATE TABLE IF NOT EXISTS `kitchen` (
  `KITCHEN_ID` bigint(20) NOT NULL,
  `KITCHEN_NAME` varchar(100) NOT NULL,
  `CITY_ID` bigint(20) NOT NULL,
  `OPENING_TIME` time DEFAULT NULL,
  `CLOSING_TIME` time DEFAULT NULL,
  `ADDRESS` text
) ENGINE=InnoDB AUTO_INCREMENT=2 DEFAULT CHARSET=latin1;

--
-- Dumping data for table `kitchen`
--

INSERT INTO `kitchen` (`KITCHEN_ID`, `KITCHEN_NAME`, `CITY_ID`, `OPENING_TIME`, `CLOSING_TIME`, `ADDRESS`) VALUES
  (1, 'MOGADISHU', 1, '09:56:58', '23:57:03', NULL);

-- --------------------------------------------------------

--
-- Table structure for table `location`
--

DROP TABLE IF EXISTS `location`;
CREATE TABLE IF NOT EXISTS `location` (
  `LOCATION_ID` bigint(20) NOT NULL,
  `CITY_ID` bigint(20) DEFAULT NULL,
  `LOCATION_NAME` varchar(255) NOT NULL,
  `ADDRESS` text,
  `ACTIVE` bit(1) DEFAULT b'0'
) ENGINE=InnoDB AUTO_INCREMENT=18 DEFAULT CHARSET=latin1;

--
-- Dumping data for table `location`
--

INSERT INTO `location` (`LOCATION_ID`, `CITY_ID`, `LOCATION_NAME`, `ADDRESS`, `ACTIVE`) VALUES
  (1, 1, 'Degmada Boondheere ', 'Mogadishu', b'1'),
  (2, 1, 'Degmada C/Casiis', 'Mogadishu', b'1'),
  (3, 1, 'Degnada Dayniile', 'Mogadishu', b'0'),
  (4, 1, 'Degmada Dharkeynley', 'Mogadishu', b'1'),
  (5, 1, 'Degmada Hodan', 'Mogadishu', b'1'),
  (6, 1, 'Degmada Howlwadaag', 'Mogadishu', b'1'),
  (7, 1, 'Degmada Heliwa', 'Mogadishu', b'1'),
  (8, 1, 'Degmada Kaxda', 'Mogadishu', b'0'),
  (9, 1, 'Degmada Kaaraan', 'Mogadishu', b'1'),
  (10, 1, 'Degmada Shibis  ', 'Mogadishu', b'1'),
  (11, 1, 'Degmada Shangaani', 'Mogadishu', b'1'),
  (12, 1, 'Degmada Waabari', 'Mogadishu', b'1'),
  (13, 1, 'Degmada Wadajir', 'Mogadishu', b'1'),
  (14, 1, 'Degmada Warta Nabadda ', 'Mogadishu', b'1'),
  (15, 1, 'Degmada Xamerweyne', 'Mogadishu', b'1'),
  (16, 1, 'Degmada Xamarjajab', 'Mogadishu', b'1'),
  (17, 1, 'Degmada Yaaqshiid', 'Mogadishu', b'0');

-- --------------------------------------------------------

--
-- Table structure for table `menu_category`
--

DROP TABLE IF EXISTS `menu_category`;
CREATE TABLE IF NOT EXISTS `menu_category` (
  `MENU_CAT_ID` bigint(10) NOT NULL,
  `MENU_CAT_NAME` varchar(50) COLLATE utf8_unicode_ci NOT NULL,
  `MENU_CAT_IMAGE` varchar(255) COLLATE utf8_unicode_ci DEFAULT NULL,
  `ACTIVE` int(1) NOT NULL DEFAULT '1',
  `RANK` int(2) NOT NULL
) ENGINE=InnoDB AUTO_INCREMENT=7 DEFAULT CHARSET=utf8 COLLATE=utf8_unicode_ci;

--
-- Dumping data for table `menu_category`
--

INSERT INTO `menu_category` (`MENU_CAT_ID`, `MENU_CAT_NAME`, `MENU_CAT_IMAGE`, `ACTIVE`, `RANK`) VALUES
  (1, 'PIZZA', 'pizza.jpg', 1, 1),
  (2, 'BURGERS', NULL, 0, 5),
  (3, 'SALADS', NULL, 0, 3),
  (4, 'SWEETS', NULL, 0, 6),
  (5, 'SANDWICH', NULL, 0, 4),
  (6, 'DRINKS', 'drinks.jpg', 1, 2);

-- --------------------------------------------------------

--
-- Table structure for table `menu_item`
--

DROP TABLE IF EXISTS `menu_item`;
CREATE TABLE IF NOT EXISTS `menu_item` (
  `MENU_ITEM_ID` bigint(10) NOT NULL,
  `MENU_CAT_ID` bigint(10) NOT NULL,
  `MENU_ITEM_NAME` varchar(255) COLLATE utf8_unicode_ci NOT NULL,
  `MENU_ITEM_DESC` text COLLATE utf8_unicode_ci NOT NULL,
  `MENU_ITEM_IMAGE` varchar(255) COLLATE utf8_unicode_ci NOT NULL,
  `HOT_DEAL` bit(1) NOT NULL DEFAULT b'0',
  `VEGETARIAN` bit(1) NOT NULL DEFAULT b'0',
  `MAX_QTY` int(2) NOT NULL DEFAULT '10' COMMENT 'Show the maximum number of quantities one can select from'
) ENGINE=InnoDB AUTO_INCREMENT=19 DEFAULT CHARSET=utf8 COLLATE=utf8_unicode_ci;

--
-- Dumping data for table `menu_item`
--

INSERT INTO `menu_item` (`MENU_ITEM_ID`, `MENU_CAT_ID`, `MENU_ITEM_NAME`, `MENU_ITEM_DESC`, `MENU_ITEM_IMAGE`, `HOT_DEAL`, `VEGETARIAN`, `MAX_QTY`) VALUES
  (1, 1, 'MARGHERITA', 'Tomatos\r\nOnion\r\nMozzarella Cheese\r\nSpecial Pizza out Sauce', 'pizza1.jpg', b'0', b'0', 20),
  (2, 1, 'HAWAIIAN', 'Salami\r\nTomato Sauce\r\nGreen pepper\r\nPineapple\r\nMozzarella Cheese\r\nMushroom\r\nSpecial Pizza out Sauce', 'pizza2.jpg', b'0', b'0', 20),
  (3, 1, 'CHICKEN TIKKA MASALA', 'Chicken meat with curry sauce\r\nTomato\r\nGreen pepper\r\nSweet corn\r\nOlive\r\nMozzarella Cheese\r\nMushroom\r\nRed pepper\r\nSpecial Pizza out  Sauce', 'pizza3.jpg', b'0', b'0', 20),
  (4, 1, 'SUPREME', 'Salami\r\nTomatoes\r\nGreen pepper\r\nRed pepper\r\nSweet Corn\r\nOlive\r\nMozzarella Cheese\r\nMushrooms\r\nSpecial Pizza out Sauce', 'pizza8.jpg', b'0', b'0', 20),
  (11, 6, 'FANTA', 'Soft Drink', '15161047325a5dec1c2d24f2.23031655.jpg', b'1', b'0', 20),
  (12, 6, 'COCA COLA', 'Soft Drink', '15161049235a5decdb70c2e8.07438440.jpg', b'0', b'0', 20),
  (13, 6, 'SPRITE', 'Soft Drink', 'sprite.jpg', b'0', b'0', 20),
  (14, 6, 'DASANI', 'Mineral water', '15161053435a5dee7f23af36.47159285.jpg', b'0', b'0', 20),
  (16, 1, 'TUNA PIZZA', 'Tuna fish\r\nGreen pepper\r\nSweet corn\r\nMozzarella cheese\r\nSpecial Pizza out Souce', '15161043705a5deab26d2118.51038676.jpg', b'1', b'0', 20),
  (17, 1, 'PIZZA GEEL', 'Camel Meat\r\nOnion\r\nGreen pepper\r\nRed pepper\r\nMozzarella Cheese\r\nSpecial Pizza out  Sauce', '15165025105a63fdeeb95ef6.05377409.jpg', b'1', b'0', 20),
  (18, 1, 'INDIAN PIZZA (Very Spicy)', 'Hot pepper\r\nCurry\r\nSweet Corn\r\nMozzarella Cheese\r\nGreen Pepper\r\nRed pepper\r\nSpecial Pizza out  Sauce\r\nGinger', '15161046125a5deba452f3c5.77619894.png', b'1', b'1', 20);

-- --------------------------------------------------------

--
-- Table structure for table `menu_item_type`
--

DROP TABLE IF EXISTS `menu_item_type`;
CREATE TABLE IF NOT EXISTS `menu_item_type` (
  `ITEM_TYPE_ID` bigint(11) NOT NULL,
  `MENU_ITEM_ID` bigint(11) NOT NULL,
  `ITEM_TYPE_SIZE` varchar(15) DEFAULT NULL,
  `PRICE` decimal(10,2) NOT NULL,
  `AVAILABLE` bit(1) NOT NULL DEFAULT b'1'
) ENGINE=InnoDB AUTO_INCREMENT=45 DEFAULT CHARSET=latin1;

--
-- Dumping data for table `menu_item_type`
--

INSERT INTO `menu_item_type` (`ITEM_TYPE_ID`, `MENU_ITEM_ID`, `ITEM_TYPE_SIZE`, `PRICE`, `AVAILABLE`) VALUES
  (1, 1, 'LARGE', '15.00', b'1'),
  (2, 1, 'SMALL', '11.00', b'1'),
  (3, 2, 'MEDIUM', '13.00', b'1'),
  (4, 4, 'LARGE', '15.00', b'1'),
  (5, 3, 'MEDIUM', '13.00', b'1'),
  (6, 1, 'MEDIUM', '13.00', b'1'),
  (7, 2, 'SMALL', '11.00', b'1'),
  (8, 2, 'LARGE', '15.00', b'1'),
  (9, 3, 'SMALL', '11.00', b'1'),
  (10, 3, 'LARGE', '15.00', b'1'),
  (19, 11, '500ML', '1.00', b'1'),
  (23, 12, '500ML', '1.00', b'1'),
  (27, 13, '500ML', '1.00', b'1'),
  (31, 14, '500ML', '1.00', b'1'),
  (33, 16, 'SMALL', '11.00', b'1'),
  (34, 1, 'MEDIUM', '13.00', b'1'),
  (35, 16, 'LARGE', '15.00', b'1'),
  (36, 16, 'MEDIUM', '13.00', b'1'),
  (37, 17, 'SMALL', '11.00', b'1'),
  (38, 17, 'MEDIUM', '13.00', b'1'),
  (39, 17, 'LARGE', '15.00', b'1'),
  (40, 18, 'SMALL', '11.00', b'1'),
  (41, 18, 'MEDIUM', '13.00', b'1'),
  (42, 18, 'LARGE', '15.00', b'1'),
  (43, 4, 'SMALL', '11.00', b'1'),
  (44, 4, 'MEDIUM', '13.00', b'1');

-- --------------------------------------------------------

--
-- Table structure for table `my_session`
--

DROP TABLE IF EXISTS `my_session`;
CREATE TABLE IF NOT EXISTS `my_session` (
  `id` char(60) NOT NULL,
  `expire` int(11) DEFAULT NULL,
  `data` longblob,
  `user_id` bigint(20) DEFAULT NULL,
  `user_name` varchar(20) DEFAULT NULL
) ENGINE=InnoDB DEFAULT CHARSET=latin1;

--
-- Dumping data for table `my_session`
--

INSERT INTO `my_session` (`id`, `expire`, `data`, `user_id`, `user_name`) VALUES
  ('1a4b0b1cedad99ae65ea48b83265a5d3', 1516722251, 0x5f5f666c6173687c613a303a7b7d5f5f72657475726e55726c7c733a31383a222f6f72646572732f7072696e742f31303531223b, 0, 'guest'),
  ('24e3d74a1a680ebb257bddf3865af085', 1516722245, 0x5f5f666c6173687c613a303a7b7d5f5f72657475726e55726c7c733a31383a222f6f72646572732f7072696e742f31303532223b, 0, 'guest'),
  ('2c42e6941317327661d024cfae79ce7b', 1516722097, 0x5f5f666c6173687c613a303a7b7d, 0, 'guest'),
  ('411331379592055480a40fef069ce867', 1516721552, 0x5f5f666c6173687c613a303a7b7d, 0, 'guest'),
  ('4a93f758a35eeb6e35f8179f96a57298', 1516722271, 0x5f5f666c6173687c613a303a7b7d5f5f72657475726e55726c7c733a31333a222f6f72646572732f696e646578223b5f5f69647c693a31313b5f5f6578706972657c693a313531363732323237303b, 11, 'admin'),
  ('68defe305b247c4ae3fdd6a2b28f2106', 1516722319, 0x5f5f666c6173687c613a303a7b7d5f5f72657475726e55726c7c733a31333a222f6f72646572732f696e646578223b5f5f69647c693a31313b5f5f6578706972657c693a313531363732323331383b, 11, 'admin'),
  ('83599d9eb9734687b5cfeb7245145581', 1516722577, 0x5f5f666c6173687c613a303a7b7d, 0, 'guest'),
  ('8951f3183d4b76a4c6437979dff8255b', 1516722027, 0x5f5f666c6173687c613a303a7b7d5f5f69647c693a31313b5f5f6578706972657c693a313531363732323032363b, 11, 'admin'),
  ('9577fe661acb3c65fd404a9cb2af9534', 1516721619, 0x5f5f666c6173687c613a303a7b7d5f5f69647c693a31313b5f5f6578706972657c693a313531363732313631383b, 11, 'admin'),
  ('a0bfd01129d777f4377ed60918751640', 1516721960, 0x5f5f666c6173687c613a303a7b7d5f5f72657475726e55726c7c733a31333a222f6b69746368656e7175657565223b5f5f69647c693a31313b5f5f6578706972657c693a313531363732313936303b, 11, 'admin'),
  ('b1e52ea7497df8c12943d478915e08ac', 1516721796, 0x5f5f666c6173687c613a303a7b7d, 0, 'guest'),
  ('b45b1960e4971625b7d92a603d3f5a84', 1516722450, 0x5f5f666c6173687c613a303a7b7d5f5f72657475726e55726c7c733a31333a222f6f72646572732f696e646578223b5f5f69647c693a31313b5f5f6578706972657c693a313531363732323435303b, 11, 'admin'),
  ('f00a2401f1dcbce329b9436dc5b66106', 1516721862, 0x5f5f666c6173687c613a303a7b7d5f5f69647c693a31313b5f5f6578706972657c693a313531363732313836323b, 11, 'admin'),
  ('f54c89e2c4fedf7496332380fb4686a3', 1516721811, 0x5f5f666c6173687c613a303a7b7d5f5f69647c693a31303b5f5f6578706972657c693a313531363732313831313b, 10, 'fatelord'),
  ('f5884fc4afe7e5bcfe1b2d81b7f36945', 1516722269, 0x5f5f666c6173687c613a303a7b7d5f5f72657475726e55726c7c733a31383a222f6f72646572732f7072696e742f31303530223b, 0, 'guest'),
  ('fba78c4d9a52b32a3a6d9659fa5245db', 1516722457, 0x5f5f666c6173687c613a303a7b7d, 0, 'guest');

-- --------------------------------------------------------

--
-- Table structure for table `order_tracking`
--

DROP TABLE IF EXISTS `order_tracking`;
CREATE TABLE IF NOT EXISTS `order_tracking` (
  `TRACKING_ID` bigint(10) NOT NULL,
  `ORDER_ID` bigint(10) NOT NULL,
  `COMMENTS` varchar(255) DEFAULT NULL,
  `STATUS` varchar(30) NOT NULL,
  `TRACKING_DATE` datetime DEFAULT NULL,
  `USER_VISIBLE` bit(1) NOT NULL DEFAULT b'1'
) ENGINE=InnoDB AUTO_INCREMENT=620 DEFAULT CHARSET=latin1;

--
-- Dumping data for table `order_tracking`
--

INSERT INTO `order_tracking` (`TRACKING_ID`, `ORDER_ID`, `COMMENTS`, `STATUS`, `TRACKING_DATE`, `USER_VISIBLE`) VALUES
  (457, 1000, NULL, 'PAYMENT PENDING', '2018-01-17 13:23:08', b'1'),
  (458, 1001, NULL, 'PAYMENT PENDING', '2018-01-17 13:25:08', b'1'),
  (459, 1002, NULL, 'PAYMENT PENDING', '2018-01-17 14:22:10', b'1'),
  (460, 1002, NULL, 'CHEF ASSIGNED', '2018-01-17 14:23:34', b'1'),
  (461, 1001, NULL, 'CHEF ASSIGNED', '2018-01-17 14:38:05', b'1'),
  (462, 1002, NULL, 'ORDER READY', '2018-01-17 14:38:55', b'1'),
  (463, 1002, NULL, 'RIDER DISPATCHED', '2018-01-17 14:39:10', b'1'),
  (464, 1003, NULL, 'PAYMENT PENDING', '2018-01-17 14:44:26', b'1'),
  (465, 1004, NULL, 'PAYMENT PENDING', '2018-01-17 15:39:20', b'1'),
  (466, 1005, NULL, 'PAYMENT PENDING', '2018-01-17 15:47:15', b'1'),
  (467, 1006, NULL, 'PAYMENT PENDING', '2018-01-17 16:15:23', b'1'),
  (468, 1007, NULL, 'PAYMENT PENDING', '2018-01-17 16:19:45', b'1'),
  (469, 1007, NULL, 'CHEF ASSIGNED', '2018-01-17 16:22:53', b'1'),
  (470, 1008, NULL, 'PAYMENT PENDING', '2018-01-17 16:25:04', b'1'),
  (471, 1005, NULL, 'CHEF ASSIGNED', '2018-01-17 16:36:25', b'1'),
  (472, 1008, NULL, 'CHEF ASSIGNED', '2018-01-17 16:37:26', b'1'),
  (473, 1007, NULL, 'ORDER READY', '2018-01-17 16:52:40', b'1'),
  (474, 1007, NULL, 'RIDER DISPATCHED', '2018-01-17 16:54:10', b'1'),
  (475, 1008, NULL, 'ORDER READY', '2018-01-17 16:56:09', b'1'),
  (476, 1008, NULL, 'RIDER DISPATCHED', '2018-01-17 16:56:31', b'1'),
  (477, 1009, NULL, 'PAYMENT PENDING', '2018-01-17 17:48:31', b'1'),
  (478, 1009, NULL, 'CHEF ASSIGNED', '2018-01-17 18:00:28', b'1'),
  (479, 1005, NULL, 'ORDER READY', '2018-01-17 18:33:15', b'1'),
  (480, 1009, NULL, 'ORDER READY', '2018-01-17 18:33:32', b'1'),
  (481, 1009, NULL, 'RIDER DISPATCHED', '2018-01-17 18:34:29', b'1'),
  (482, 1005, NULL, 'RIDER DISPATCHED', '2018-01-17 18:34:42', b'1'),
  (483, 1010, NULL, 'PAYMENT PENDING', '2018-01-17 18:44:38', b'1'),
  (484, 1010, NULL, 'CHEF ASSIGNED', '2018-01-17 18:45:21', b'1'),
  (485, 1010, NULL, 'ORDER READY', '2018-01-17 18:47:13', b'1'),
  (486, 1010, NULL, 'RIDER DISPATCHED', '2018-01-17 18:47:33', b'1'),
  (487, 1011, NULL, 'PAYMENT PENDING', '2018-01-18 10:05:58', b'1'),
  (488, 1001, NULL, 'ORDER READY', '2018-01-18 13:31:38', b'1'),
  (489, 1012, NULL, 'PAYMENT PENDING', '2018-01-18 13:40:26', b'1'),
  (490, 1013, NULL, 'PAYMENT PENDING', '2018-01-18 14:20:10', b'1'),
  (491, 1014, NULL, 'PAYMENT PENDING', '2018-01-18 16:49:08', b'1'),
  (492, 1015, NULL, 'PAYMENT PENDING', '2018-01-18 16:53:56', b'1'),
  (493, 1014, NULL, 'CHEF ASSIGNED', '2018-01-18 16:58:05', b'1'),
  (494, 1016, NULL, 'PAYMENT PENDING', '2018-01-18 17:05:49', b'1'),
  (495, 1017, NULL, 'PAYMENT PENDING', '2018-01-18 17:17:33', b'1'),
  (496, 1014, NULL, 'ORDER READY', '2018-01-18 18:25:49', b'1'),
  (497, 1014, NULL, 'RIDER DISPATCHED', '2018-01-18 18:26:29', b'1'),
  (498, 1018, NULL, 'PAYMENT PENDING', '2018-01-18 20:01:28', b'1'),
  (499, 1019, NULL, 'PAYMENT PENDING', '2018-01-18 20:17:23', b'1'),
  (500, 1020, NULL, 'PAYMENT PENDING', '2018-01-19 14:25:36', b'1'),
  (501, 1021, NULL, 'PAYMENT PENDING', '2018-01-19 18:51:14', b'1'),
  (502, 1022, NULL, 'PAYMENT PENDING', '2018-01-19 22:14:15', b'1'),
  (503, 1023, NULL, 'PAYMENT PENDING', '2018-01-19 23:07:04', b'1'),
  (504, 1024, NULL, 'PAYMENT PENDING', '2018-01-20 11:50:01', b'1'),
  (505, 1025, NULL, 'PAYMENT PENDING', '2018-01-20 11:57:57', b'1'),
  (506, 1025, NULL, 'CHEF ASSIGNED', '2018-01-20 12:00:59', b'1'),
  (507, 1026, NULL, 'PAYMENT PENDING', '2018-01-20 12:11:09', b'1'),
  (508, 1020, NULL, 'CHEF ASSIGNED', '2018-01-20 15:23:32', b'1'),
  (509, 1027, NULL, 'PAYMENT PENDING', '2018-01-20 15:59:11', b'1'),
  (510, 1019, NULL, 'CHEF ASSIGNED', '2018-01-20 16:03:22', b'1'),
  (511, 1027, NULL, 'CHEF ASSIGNED', '2018-01-20 16:05:18', b'1'),
  (512, 1016, NULL, 'CHEF ASSIGNED', '2018-01-20 16:08:57', b'1'),
  (513, 1028, NULL, 'PAYMENT PENDING', '2018-01-20 16:20:17', b'1'),
  (514, 1028, NULL, 'CHEF ASSIGNED', '2018-01-20 16:28:36', b'1'),
  (515, 1026, NULL, 'CHEF ASSIGNED', '2018-01-20 16:36:21', b'1'),
  (516, 1029, NULL, 'PAYMENT PENDING', '2018-01-20 16:50:24', b'1'),
  (517, 1029, NULL, 'CHEF ASSIGNED', '2018-01-20 16:53:08', b'1'),
  (518, 1026, NULL, 'ORDER READY', '2018-01-20 16:56:25', b'1'),
  (519, 1026, NULL, 'RIDER DISPATCHED', '2018-01-20 16:56:50', b'1'),
  (520, 1029, NULL, 'ORDER READY', '2018-01-20 17:11:33', b'1'),
  (521, 1029, NULL, 'RIDER DISPATCHED', '2018-01-20 17:11:48', b'1'),
  (522, 1030, NULL, 'PAYMENT PENDING', '2018-01-20 18:40:39', b'1'),
  (523, 1031, NULL, 'PAYMENT PENDING', '2018-01-20 18:41:57', b'1'),
  (524, 1031, NULL, 'CHEF ASSIGNED', '2018-01-20 18:48:01', b'1'),
  (525, 1032, NULL, 'PAYMENT PENDING', '2018-01-20 18:48:49', b'1'),
  (526, 1031, NULL, 'ORDER READY', '2018-01-20 19:03:54', b'1'),
  (527, 1031, NULL, 'RIDER DISPATCHED', '2018-01-20 19:04:21', b'1'),
  (528, 1028, NULL, 'ORDER READY', '2018-01-20 19:06:27', b'1'),
  (529, 1028, NULL, 'RIDER DISPATCHED', '2018-01-20 19:06:51', b'1'),
  (530, 1033, NULL, 'PAYMENT PENDING', '2018-01-20 19:58:46', b'1'),
  (531, 1033, NULL, 'CHEF ASSIGNED', '2018-01-20 20:04:12', b'1'),
  (532, 1034, NULL, 'PAYMENT PENDING', '2018-01-20 20:13:27', b'1'),
  (533, 1034, NULL, 'CHEF ASSIGNED', '2018-01-20 20:17:45', b'1'),
  (534, 1033, NULL, 'ORDER READY', '2018-01-20 20:25:41', b'1'),
  (535, 1034, NULL, 'ORDER READY', '2018-01-20 20:25:58', b'1'),
  (536, 1033, NULL, 'RIDER DISPATCHED', '2018-01-20 20:26:38', b'1'),
  (537, 1034, NULL, 'RIDER DISPATCHED', '2018-01-20 20:26:59', b'1'),
  (538, 1035, NULL, 'PAYMENT PENDING', '2018-01-21 13:03:13', b'1'),
  (539, 1035, NULL, 'CHEF ASSIGNED', '2018-01-21 14:56:49', b'1'),
  (540, 1032, NULL, 'CHEF ASSIGNED', '2018-01-21 15:55:41', b'1'),
  (541, 1035, NULL, 'ORDER READY', '2018-01-21 16:12:43', b'1'),
  (542, 1035, NULL, 'RIDER DISPATCHED', '2018-01-21 16:13:52', b'1'),
  (543, 1036, NULL, 'PAYMENT PENDING', '2018-01-21 22:09:56', b'1'),
  (544, 1037, NULL, 'PAYMENT PENDING', '2018-01-22 12:24:54', b'1'),
  (545, 1038, NULL, 'PAYMENT PENDING', '2018-01-22 13:30:30', b'1'),
  (546, 1039, NULL, 'PAYMENT PENDING', '2018-01-22 14:59:39', b'1'),
  (547, 1036, NULL, 'CHEF ASSIGNED', '2018-01-22 17:45:12', b'1'),
  (548, 1038, NULL, 'CHEF ASSIGNED', '2018-01-22 17:45:54', b'1'),
  (549, 1039, NULL, 'CHEF ASSIGNED', '2018-01-22 17:46:22', b'1'),
  (550, 1037, NULL, 'CHEF ASSIGNED', '2018-01-22 17:46:47', b'1'),
  (551, 1030, NULL, 'CHEF ASSIGNED', '2018-01-22 17:47:10', b'1'),
  (552, 1000, NULL, 'CHEF ASSIGNED', '2018-01-22 17:47:47', b'1'),
  (553, 1024, NULL, 'CHEF ASSIGNED', '2018-01-22 17:48:13', b'1'),
  (554, 1003, NULL, 'CHEF ASSIGNED', '2018-01-22 17:49:27', b'1'),
  (555, 1004, NULL, 'CHEF ASSIGNED', '2018-01-22 17:50:14', b'1'),
  (556, 1006, NULL, 'CHEF ASSIGNED', '2018-01-22 17:50:38', b'1'),
  (557, 1011, NULL, 'CHEF ASSIGNED', '2018-01-22 17:51:00', b'1'),
  (558, 1023, NULL, 'CHEF ASSIGNED', '2018-01-22 17:51:34', b'1'),
  (559, 1012, NULL, 'CHEF ASSIGNED', '2018-01-22 17:51:59', b'1'),
  (560, 1022, NULL, 'CHEF ASSIGNED', '2018-01-22 17:52:31', b'1'),
  (561, 1013, NULL, 'CHEF ASSIGNED', '2018-01-22 17:52:52', b'1'),
  (562, 1018, NULL, 'CHEF ASSIGNED', '2018-01-22 17:53:23', b'1'),
  (563, 1015, NULL, 'CHEF ASSIGNED', '2018-01-22 17:53:45', b'1'),
  (564, 1017, NULL, 'CHEF ASSIGNED', '2018-01-22 17:54:08', b'1'),
  (565, 1040, NULL, 'PAYMENT PENDING', '2018-01-22 18:03:14', b'1'),
  (566, 1041, NULL, 'PAYMENT PENDING', '2018-01-22 18:19:04', b'1'),
  (567, 1041, NULL, 'CHEF ASSIGNED', '2018-01-22 18:35:50', b'1'),
  (568, 1042, NULL, 'PAYMENT PENDING', '2018-01-22 18:36:53', b'1'),
  (569, 1042, NULL, 'CHEF ASSIGNED', '2018-01-22 18:44:33', b'1'),
  (570, 1043, NULL, 'PAYMENT PENDING', '2018-01-22 19:06:56', b'1'),
  (571, 1042, NULL, 'ORDER READY', '2018-01-22 19:08:28', b'1'),
  (572, 1041, NULL, 'ORDER READY', '2018-01-22 19:08:56', b'1'),
  (573, 1042, NULL, 'RIDER DISPATCHED', '2018-01-22 19:09:15', b'1'),
  (574, 1041, NULL, 'RIDER DISPATCHED', '2018-01-22 19:09:57', b'1'),
  (575, 1044, NULL, 'PAYMENT PENDING', '2018-01-22 19:10:41', b'1'),
  (576, 1044, NULL, 'CHEF ASSIGNED', '2018-01-22 19:28:15', b'1'),
  (577, 1043, NULL, 'CHEF ASSIGNED', '2018-01-22 19:29:37', b'1'),
  (578, 1040, NULL, 'CHEF ASSIGNED', '2018-01-22 19:33:32', b'1'),
  (579, 1045, NULL, 'PAYMENT PENDING', '2018-01-22 19:41:18', b'1'),
  (580, 1044, NULL, 'ORDER READY', '2018-01-22 20:39:17', b'1'),
  (581, 1044, NULL, 'RIDER DISPATCHED', '2018-01-22 20:39:41', b'1'),
  (582, 1043, NULL, 'ORDER READY', '2018-01-22 20:40:29', b'1'),
  (583, 1046, NULL, 'PAYMENT PENDING', '2018-01-22 20:41:25', b'1'),
  (584, 1047, NULL, 'PAYMENT PENDING', '2018-01-22 21:09:30', b'1'),
  (585, 1047, NULL, 'CHEF ASSIGNED', '2018-01-22 21:11:04', b'1'),
  (586, 1048, NULL, 'PAYMENT PENDING', '2018-01-22 21:19:58', b'1'),
  (587, 1048, NULL, 'CHEF ASSIGNED', '2018-01-22 21:20:44', b'1'),
  (588, 1049, NULL, 'PAYMENT PENDING', '2018-01-22 21:28:20', b'1'),
  (589, 1049, NULL, 'CHEF ASSIGNED', '2018-01-22 21:30:05', b'1'),
  (590, 1049, NULL, 'ORDER READY', '2018-01-22 21:36:19', b'1'),
  (591, 1047, NULL, 'ORDER READY', '2018-01-22 21:36:36', b'1'),
  (592, 1049, NULL, 'RIDER DISPATCHED', '2018-01-22 21:37:24', b'1'),
  (593, 1047, NULL, 'RIDER DISPATCHED', '2018-01-22 21:41:10', b'1'),
  (594, 1050, NULL, 'PAYMENT PENDING', '2018-01-23 09:01:04', b'1'),
  (595, 1051, NULL, 'PAYMENT PENDING', '2018-01-23 11:28:26', b'1'),
  (596, 1052, NULL, 'PAYMENT PENDING', '2018-01-23 11:49:08', b'1'),
  (597, 1053, NULL, 'PAYMENT PENDING', '2018-01-23 15:52:54', b'1'),
  (598, 1053, NULL, 'CHEF ASSIGNED', '2018-01-23 15:57:08', b'1'),
  (599, 1053, NULL, 'ORDER READY', '2018-01-23 16:21:21', b'1'),
  (600, 1053, NULL, 'RIDER DISPATCHED', '2018-01-23 16:21:36', b'1'),
  (601, 1054, NULL, 'PAYMENT PENDING', '2018-01-23 16:32:31', b'1'),
  (602, 1055, NULL, 'PAYMENT PENDING', '2018-01-23 16:44:17', b'1'),
  (603, 1056, NULL, 'PAYMENT PENDING', '2018-01-23 16:54:11', b'1'),
  (604, 1057, NULL, 'PAYMENT PENDING', '2018-01-23 17:05:03', b'1'),
  (605, 1056, NULL, 'CHEF ASSIGNED', '2018-01-23 17:23:23', b'1'),
  (606, 1056, NULL, 'ORDER READY', '2018-01-23 17:25:41', b'1'),
  (607, 1056, NULL, 'RIDER DISPATCHED', '2018-01-23 17:27:22', b'1'),
  (608, 1058, NULL, 'PAYMENT PENDING', '2018-01-23 17:47:06', b'1'),
  (609, 1058, NULL, 'CHEF ASSIGNED', '2018-01-23 17:51:58', b'1'),
  (610, 1058, NULL, 'ORDER READY', '2018-01-23 18:01:21', b'1'),
  (611, 1058, NULL, 'RIDER DISPATCHED', '2018-01-23 18:02:01', b'1'),
  (612, 1045, NULL, 'CHEF ASSIGNED', '2018-01-23 18:35:15', b'1'),
  (613, 1057, NULL, 'CHEF ASSIGNED', '2018-01-23 18:35:39', b'1'),
  (614, 1046, NULL, 'CHEF ASSIGNED', '2018-01-23 18:36:23', b'1'),
  (615, 1050, NULL, 'CHEF ASSIGNED', '2018-01-23 18:37:09', b'1'),
  (616, 1051, NULL, 'CHEF ASSIGNED', '2018-01-23 18:37:32', b'1'),
  (617, 1052, NULL, 'CHEF ASSIGNED', '2018-01-23 18:37:52', b'1'),
  (618, 1054, NULL, 'CHEF ASSIGNED', '2018-01-23 18:38:17', b'1'),
  (619, 1055, NULL, 'CHEF ASSIGNED', '2018-01-23 18:38:47', b'1');

-- --------------------------------------------------------

--
-- Table structure for table `payment`
--

DROP TABLE IF EXISTS `payment`;
CREATE TABLE IF NOT EXISTS `payment` (
  `PAYMENT_ID` bigint(20) NOT NULL,
  `ORDER_ID` bigint(20) DEFAULT NULL,
  `PAYMENT_CHANNEL` varchar(255) NOT NULL,
  `PAYMENT_AMOUNT` decimal(10,2) NOT NULL,
  `PAYMENT_REF` varchar(255) NOT NULL,
  `PAYMENT_STATUS` varchar(30) DEFAULT NULL,
  `PAYMENT_DATE` datetime NOT NULL,
  `PAYMENT_NOTES` varchar(255) DEFAULT NULL,
  `PAYMENT_NUMBER` varchar(30) DEFAULT NULL
) ENGINE=InnoDB DEFAULT CHARSET=latin1;

-- --------------------------------------------------------

--
-- Table structure for table `riders`
--

DROP TABLE IF EXISTS `riders`;
CREATE TABLE IF NOT EXISTS `riders` (
  `RIDER_ID` bigint(10) NOT NULL,
  `USER_ID` bigint(10) DEFAULT NULL,
  `KITCHEN_ID` bigint(10) DEFAULT NULL,
  `RIDER_STATUS` bit(1) NOT NULL DEFAULT b'1'
) ENGINE=InnoDB AUTO_INCREMENT=8 DEFAULT CHARSET=latin1;

--
-- Dumping data for table `riders`
--

INSERT INTO `riders` (`RIDER_ID`, `USER_ID`, `KITCHEN_ID`, `RIDER_STATUS`) VALUES
  (5, 62, 1, b'1'),
  (6, 66, 1, b'1'),
  (7, 132, 1, b'1');

-- --------------------------------------------------------

--
-- Table structure for table `tb_cart`
--

DROP TABLE IF EXISTS `tb_cart`;
CREATE TABLE IF NOT EXISTS `tb_cart` (
  `CART_ITEM_ID` bigint(10) NOT NULL,
  `USER_ID` bigint(20) NOT NULL,
  `ITEM_TYPE_ID` bigint(10) NOT NULL,
  `QUANTITY` int(4) NOT NULL,
  `ITEM_PRICE` decimal(10,0) NOT NULL,
  `ITEM_TYPE_SIZE` varchar(15) COLLATE utf8_unicode_ci NOT NULL,
  `NOTES` varchar(255) COLLATE utf8_unicode_ci DEFAULT NULL,
  `CART_TIMESTAMP` bigint(20) DEFAULT NULL,
  `CREATED_AT` datetime DEFAULT NULL,
  `UPDATED_AT` datetime DEFAULT NULL
) ENGINE=InnoDB AUTO_INCREMENT=389 DEFAULT CHARSET=utf8 COLLATE=utf8_unicode_ci;

--
-- Dumping data for table `tb_cart`
--

INSERT INTO `tb_cart` (`CART_ITEM_ID`, `USER_ID`, `ITEM_TYPE_ID`, `QUANTITY`, `ITEM_PRICE`, `ITEM_TYPE_SIZE`, `NOTES`, `CART_TIMESTAMP`, `CREATED_AT`, `UPDATED_AT`) VALUES
  (235, 5, 1, 2, '15', 'LARGE', NULL, 1515925132, '2018-01-14 13:18:52', '2018-01-14 13:29:38'),
  (239, 58, 4, 2, '15', 'LARGE', NULL, 1515946110, '2018-01-14 19:08:30', '2018-01-14 19:08:30'),
  (240, 5, 23, 1, '1', '500ML', NULL, 1515925132, '2018-01-16 09:57:29', '2018-01-16 09:57:29'),
  (284, 70, 19, 1, '1', '500ML', NULL, 1516209474, '2018-01-17 20:17:54', '2018-01-17 20:17:54'),
  (318, 57, 3, 1, '13', 'MEDIUM', NULL, 1516439634, '2018-01-20 12:13:54', '2018-01-20 12:13:54'),
  (324, 5, 19, 1, '1', '500ML', NULL, 1515925132, '2018-01-20 16:50:11', '2018-01-20 16:50:11'),
  (329, 5, 35, 1, '15', 'LARGE', NULL, 1515925132, '2018-01-20 18:59:54', '2018-01-20 18:59:54'),
  (339, 5, 31, 1, '1', '500ML', NULL, 1515925132, '2018-01-21 18:38:03', '2018-01-21 18:38:03'),
  (347, 65, 3, 1, '13', 'MEDIUM', NULL, 1516628318, '2018-01-22 16:38:38', '2018-01-22 16:38:38'),
  (363, 72, 33, 1, '11', 'SMALL', NULL, 1516645395, '2018-01-22 21:23:13', '2018-01-22 21:23:15'),
  (364, 72, 2, 1, '11', 'SMALL', NULL, 1516645395, '2018-01-22 21:23:29', '2018-01-22 21:23:29'),
  (365, 72, 23, 1, '1', '500ML', NULL, 1516645395, '2018-01-22 21:23:48', '2018-01-22 21:23:48'),
  (369, 118, 3, 1, '13', 'MEDIUM', NULL, 1516649358, '2018-01-22 22:29:18', '2018-01-22 22:29:18'),
  (370, 119, 43, 1, '11', 'SMALL', NULL, 1516651223, '2018-01-22 23:00:20', '2018-01-22 23:00:23'),
  (374, 99, 1, 1, '15', 'LARGE', NULL, 1516696395, '2018-01-23 11:33:15', '2018-01-23 11:33:15'),
  (377, 126, 4, 1, '15', 'LARGE', NULL, 1516700085, '2018-01-23 12:34:45', '2018-01-23 12:34:45'),
  (378, 128, 5, 1, '13', 'MEDIUM', NULL, 1516706837, '2018-01-23 14:27:17', '2018-01-23 14:27:17'),
  (379, 128, 9, 1, '11', 'SMALL', NULL, 1516706837, '2018-01-23 14:28:56', '2018-01-23 14:29:17'),
  (380, 125, 9, 1, '11', 'SMALL', NULL, 1516709030, '2018-01-23 15:03:50', '2018-01-23 15:03:50'),
  (387, 131, 40, 1, '11', 'SMALL', NULL, 1516717575, '2018-01-23 17:26:15', '2018-01-23 17:26:15');

-- --------------------------------------------------------

--
-- Table structure for table `tb_delivery_time`
--

DROP TABLE IF EXISTS `tb_delivery_time`;
CREATE TABLE IF NOT EXISTS `tb_delivery_time` (
  `TIME_ID` bigint(20) NOT NULL,
  `DELIVERY_TIME` varchar(20) COLLATE utf8_unicode_ci NOT NULL
) ENGINE=MyISAM AUTO_INCREMENT=24 DEFAULT CHARSET=utf8 COLLATE=utf8_unicode_ci;

--
-- Dumping data for table `tb_delivery_time`
--

INSERT INTO `tb_delivery_time` (`TIME_ID`, `DELIVERY_TIME`) VALUES
  (1, '00:00'),
  (2, '01:00'),
  (3, '03:00'),
  (4, '04:00'),
  (5, '05:00'),
  (6, '06:00'),
  (7, '07:00'),
  (8, '08:00'),
  (9, '09:00'),
  (10, '10:00'),
  (11, '11:00'),
  (12, '12:00'),
  (13, '13:00'),
  (14, '14:00'),
  (15, '15:00'),
  (16, '16:00'),
  (17, '17:00'),
  (18, '18:00'),
  (19, '19:00'),
  (20, '20:00'),
  (21, '21:00'),
  (22, '22:00'),
  (23, '23:00');

-- --------------------------------------------------------

--
-- Table structure for table `tb_favs`
--

DROP TABLE IF EXISTS `tb_favs`;
CREATE TABLE IF NOT EXISTS `tb_favs` (
  `FAV_ID` bigint(20) NOT NULL,
  `MENU_ITEM_ID` bigint(20) DEFAULT NULL,
  `USER_ID` bigint(20) DEFAULT NULL
) ENGINE=InnoDB DEFAULT CHARSET=latin1;

-- --------------------------------------------------------

--
-- Table structure for table `tb_migration`
--

DROP TABLE IF EXISTS `tb_migration`;
CREATE TABLE IF NOT EXISTS `tb_migration` (
  `version` varchar(180) NOT NULL,
  `apply_time` int(11) DEFAULT NULL
) ENGINE=InnoDB DEFAULT CHARSET=latin1;

--
-- Dumping data for table `tb_migration`
--

INSERT INTO `tb_migration` (`version`, `apply_time`) VALUES
  ('m000000_000000_base', 1510298356),
  ('m160516_095943_init', 1510298358);

-- --------------------------------------------------------

--
-- Table structure for table `tb_sizes`
--

DROP TABLE IF EXISTS `tb_sizes`;
CREATE TABLE IF NOT EXISTS `tb_sizes` (
  `SIZE_ID` bigint(20) NOT NULL,
  `SIZE_TYPE` varchar(20) NOT NULL,
  `ACTIVE` bit(1) DEFAULT b'1'
) ENGINE=InnoDB AUTO_INCREMENT=8 DEFAULT CHARSET=latin1;

--
-- Dumping data for table `tb_sizes`
--

INSERT INTO `tb_sizes` (`SIZE_ID`, `SIZE_TYPE`, `ACTIVE`) VALUES
  (1, 'SMALL', b'1'),
  (2, 'MEDIUM', b'1'),
  (3, 'LARGE', b'1'),
  (4, '500ML', b'1'),
  (5, '1LITRE', b'1'),
  (6, '1.5LITRE', b'1'),
  (7, '300ML', b'1');

-- --------------------------------------------------------

--
-- Table structure for table `tb_status`
--

DROP TABLE IF EXISTS `tb_status`;
CREATE TABLE IF NOT EXISTS `tb_status` (
  `STATUS_NAME` varchar(30) NOT NULL,
  `STATUS_DESC` varchar(100) DEFAULT NULL,
  `COLOR` varchar(10) NOT NULL DEFAULT 'GREEN',
  `SCOPE` varchar(10) NOT NULL DEFAULT 'ALL',
  `RANK` int(2) NOT NULL DEFAULT '1',
  `WORKFLOW` int(2) NOT NULL DEFAULT '1'
) ENGINE=InnoDB DEFAULT CHARSET=latin1;

--
-- Dumping data for table `tb_status`
--

INSERT INTO `tb_status` (`STATUS_NAME`, `STATUS_DESC`, `COLOR`, `SCOPE`, `RANK`, `WORKFLOW`) VALUES
  ('AWAITING RIDER', 'Awaiting Rider', 'BROWN', 'INACTIVE', 7, 3),
  ('CHEF ASSIGNED', 'Assign Chef', 'GREEN', 'INACTIVE', 4, 0),
  ('KITCHEN ALLOCATED', 'Transfer to Kitchen', 'GREEN', 'INACTIVE', 3, 1),
  ('ORDER CANCELLED', 'Cancel Order', 'RED', 'ALL', 0, 0),
  ('ORDER CONFIRMED', 'Confirm Order', 'PURPLE', 'OFFICE', 2, 0),
  ('ORDER DELIVERED', 'Order Delieverd', 'RED', 'RIDER', 10, 0),
  ('ORDER NOT DELIVERED', 'Order Not Delivered', 'RED', 'RIDER', 12, 0),
  ('ORDER PENDING', 'Awaiting Processing', '#ff69b4', 'ALL', 1, 0),
  ('ORDER READY', 'Order Ready', '#f1c232', 'KITCHEN', 6, 2),
  ('PAYMENT PENDING', 'Payment Not Confirmed', 'GREEN', 'INACTIVE', 11, 2),
  ('RIDER ASSIGNED', 'Assign Rider', 'GREEN', 'INACTIVE', 8, 4),
  ('RIDER DISPATCHED', 'Assign & Dispatch Rider', 'GREEN', 'KITCHEN', 9, 5),
  ('UNDER PREPARATION', 'Preparing Order', 'ORANGE', 'INACTIVE', 5, 1);

-- --------------------------------------------------------

--
-- Table structure for table `tb_users`
--

DROP TABLE IF EXISTS `tb_users`;
CREATE TABLE IF NOT EXISTS `tb_users` (
  `USER_ID` bigint(20) NOT NULL,
  `USER_NAME` varchar(100) NOT NULL,
  `USER_TYPE` bigint(20) NOT NULL,
  `SURNAME` varchar(100) NOT NULL,
  `OTHER_NAMES` varchar(100) NOT NULL,
  `MOBILE` varchar(25) NOT NULL,
  `EMAIL` varchar(100) NOT NULL,
  `LOCATION_ID` bigint(20) DEFAULT NULL,
  `PASSWORD` varchar(100) NOT NULL,
  `DATE_REGISTERED` datetime DEFAULT NULL,
  `LAST_UPDATED` datetime DEFAULT NULL,
  `CLIENT_TOKEN` varchar(255) DEFAULT NULL,
  `RESET_TOKEN` varchar(100) NOT NULL,
  `USER_STATUS` bit(1) DEFAULT b'1' COMMENT 'Indicate if user is active or not',
  `TOKEN_EXPPIRY` timestamp NULL DEFAULT NULL
) ENGINE=InnoDB AUTO_INCREMENT=133 DEFAULT CHARSET=latin1;

--
-- Dumping data for table `tb_users`
--

INSERT INTO `tb_users` (`USER_ID`, `USER_NAME`, `USER_TYPE`, `SURNAME`, `OTHER_NAMES`, `MOBILE`, `EMAIL`, `LOCATION_ID`, `PASSWORD`, `DATE_REGISTERED`, `LAST_UPDATED`, `CLIENT_TOKEN`, `RESET_TOKEN`, `USER_STATUS`, `TOKEN_EXPPIRY`) VALUES
  (5, 'pkyalo', 1, 'KINGOO', 'PETER KYALO', '724802220', 'petchaloo@gmail.com', 1, '834dfae0c40820faccf4f83580be800545dca3c1', '2017-10-09 07:06:51', '2017-10-09 07:06:51', NULL, '', b'1', NULL),
  (10, 'fatelord', 1, 'BARASA', 'SAMMY M', '1123', 'barsamms@gmail.com', 1, '63aaa47cb0b76f0b157c40cdba9bf78653a7af37', '2017-10-09 07:06:51', '2018-01-17 22:46:48', NULL, 'NWbg0nncB5pwiR-77U-ydL8a9LKhsGjZ', b'1', NULL),
  (11, 'admin', 2, 'ADMIN', 'ADMIN', '123', 'admin@pizzaout.so', 1, '40bd001563085fc35165329ea1ff5c5ecbdbbeef', '2017-11-10 13:11:43', '2017-11-10 13:11:49', NULL, '', b'1', NULL),
  (24, 'kyalo', 1, 'KINGOO', 'PETER KYALO', '2147483647', 'pkyalo@uonbi.ac.ke', 1, '834dfae0c40820faccf4f83580be800545dca3c1', '2017-12-20 12:38:11', '2017-12-20 12:38:11', NULL, '', b'1', NULL),
  (25, 'mohacpr', 1, 'MOHAMED', 'MOHAMED', '619000333', 'mohacpr@gmail.com', 1, '2d7d1969f957c467cfb161b81ff408af6b94a8ea', '2017-12-20 19:39:38', '2017-12-20 19:39:38', NULL, '', b'1', NULL),
  (29, 'shumac', 1, 'SHUMAC', 'SHUSHUU', '2147483647', 'shumac55@gmail.com', 1, '513a7c4018127c653ce3b9037e29bdd9c03e29f7', '2017-12-21 13:50:19', '2017-12-21 13:50:19', NULL, '', b'1', NULL),
  (44, 'abdikasim', 1, 'MOALIM', 'AHMED', '617999222', 'abdulkasimmoalim@gmail.com', 1, 'b82886f310d6c223dea476600babca5849670e21', '2017-12-21 17:27:14', '2017-12-21 17:27:14', NULL, '', b'1', NULL),
  (45, 'sandheere', 1, 'MOHAMED', 'SANDHEERE', '2147483647', 'sanka6016@gmail.com', 1, '890940a175fdd194c3f42a27e8ecbfefb983094d', '2017-12-21 17:48:20', '2017-12-21 17:48:20', NULL, '', b'1', NULL),
  (46, 'sandheere10', 1, 'MOHAMED', 'SANDHEERE', '2147483647', 'sanka6015@gmail.com', 1, '8238a351f035bc1f72a1a7cff337221a73dae6f2', '2017-12-21 18:02:10', '2017-12-21 18:02:10', NULL, '', b'1', NULL),
  (47, 'mr. vision', 1, 'YASIR', 'BAFFO', '618309457', 'mr.vision2025@gmail.com', 1, '7c4a8d09ca3762af61e59520943dc26494f8941b', '2017-12-21 18:32:22', '2017-12-21 18:32:22', NULL, '', b'1', NULL),
  (48, 'aainab', 1, 'AINAB', 'AHMED ABDI', '615513533', 'axmedcaynab@gmail.com', 1, '0fb641dff5070d488355f89a1ad0fdc8203e0f33', '2017-12-23 06:44:32', '2017-12-23 06:44:32', NULL, '', b'1', NULL),
  (49, 'ozgur.catal', 1, 'CATAL', 'OZGUR', '612136659', 'ozgur.catal@hotmail.com', 1, '7a59c162217c6abbe65db58ecdfcb1765780af7b', '2017-12-24 13:08:46', '2017-12-24 13:08:46', NULL, '', b'1', NULL),
  (51, 'zuhuur', 1, 'ZAHRA', 'ZUU', '618812510', 'zahra@sostec.so', 1, '5ddf228c30669af17fb926a7d728c4e9d6c8df27', '2017-12-25 10:09:12', '2017-12-25 10:09:12', NULL, '', b'1', NULL),
  (52, 'zahradhaqane', 1, 'DHAQANE', 'ZAHRA OSMAN', '615533643', 'zahradhaqane@gmail.com', 1, 'e72fb1b6ffd172fef3a3c97b4555a0669cac4c7e', '2017-12-26 04:15:21', '2017-12-26 04:15:21', NULL, '', b'1', NULL),
  (53, 'aallaa', 1, 'AALLAA', 'HABAD', '615888129', 'Aallaahabad@gmail.com', 1, '3edacb467448252d0f8f49c732ba00cc438b5895', '2017-12-26 16:49:26', '2017-12-26 16:49:26', NULL, '', b'1', NULL),
  (54, 'badle', 1, 'MAXAMUUD XAMUD', 'BADLE', '617641354', 'badle7171@gmail.com', 1, 'c4f7d269ffa6b3c3c77fb0b3d14a3afdd0161182', '2017-12-27 07:41:24', '2017-12-27 07:41:24', NULL, '', b'1', NULL),
  (55, 'shiine', 1, 'MOHAMED', 'ALI', '619616338', 'shiine318@hotmail.com', 1, '02ecc6c8afccd0dd029bddc56641cd309a171f3e', '2017-12-28 20:54:38', '2017-12-28 20:54:38', NULL, '', b'1', NULL),
  (56, 'arafat', 1, 'ARAFAT', 'ABDULLAHI', '615518583', 'arafat.abdulahi@gmail.com', 1, '866e7caa1629cd75acb8af543d55cc3985c47212', '2018-01-01 19:14:05', '2018-01-01 19:14:05', NULL, '', b'1', NULL),
  (57, 'Izabella', 1, 'Faiza Abdullahi', 'izabella', '00252615429642', 'faizaabdullahi114@gmail.com', 1, 'eb131bc0d99b318156189f73024ce1cb29727f72', '2018-01-11 06:38:20', '2018-01-11 06:38:20', NULL, '', b'1', NULL),
  (58, 'Abdirizak', 1, 'war', 'war', '0611111553', 'mogastars@gmail.com', 1, '7110eda4d09e062aa5e4a390b0a572ac0d2c0220', '2018-01-14 14:44:35', '2018-01-14 14:44:35', NULL, '', b'1', NULL),
  (59, 'mohamed', 1, 'kaabe', 'kabogeed', '0619420000', 'mohamedkabbe@gmail.com', 1, '40bd001563085fc35165329ea1ff5c5ecbdbbeef', '2018-01-15 09:48:31', '2018-01-15 09:48:31', NULL, '', b'1', NULL),
  (60, 'cabdalla', 1, 'Mohamed', 'cabdalla Mohamed Muhumed', '0615577730', 'cabdallamm2@gmail.com', 1, '40bd001563085fc35165329ea1ff5c5ecbdbbeef', '2018-01-15 09:48:46', '2018-01-15 09:48:46', NULL, '', b'1', NULL),
  (61, 'Abdisahal', 1, 'dalqaf', 'Mohamed', '0616011111', 'dalqaf@gmail.com', 1, '05f6b89efae9c8e1a7132259e9dae394b3366053', '2018-01-15 15:28:12', '2018-01-15 15:28:12', NULL, '', b'1', NULL),
  (62, 'Mohamed2', 3, 'Abuukar', 'Muuse', '061 5270306', 'Hassan@mail.com', NULL, '7110eda4d09e062aa5e4a390b0a572ac0d2c0220', '2018-01-15 16:28:03', '2018-01-15 16:28:03', NULL, 'NONE', b'1', NULL),
  (63, 'shiine1', 1, 'nur', 'shiine', '00252619616338', 'shiine318@gmail.com', 1, 'b7ca21bfc9c98a088aae487a68a154328b61c350', '2018-01-15 18:01:36', '2018-01-15 18:01:36', NULL, '', b'1', NULL),
  (64, 'abdikarim', 2, 'warsame', 'Mohamed', '0615351399', 'rujaal.1231@gmail.com', 1, 'b5a3ed2393883f8f897d3690af119959ee4f7498', '2018-01-16 10:19:47', '2018-01-16 12:00:33', NULL, 'NONE', b'1', NULL),
  (65, 'fardawsa', 2, 'hussein', 'ahmed', '0619991194', 'fardus94@gmail.com', 1, '2601edae909efe4354c80d523328d884642d9964', '2018-01-16 10:22:13', '2018-01-16 11:58:47', NULL, 'NONE', b'1', NULL),
  (66, 'Muriidi', 3, 'Aweys', 'Abdikader', '061 5886150', 'info@pizzaout.so', NULL, '40bd001563085fc35165329ea1ff5c5ecbdbbeef', '2018-01-16 11:26:49', '2018-01-16 11:26:49', NULL, 'NONE', b'1', NULL),
  (69, 'abdirahim', 1, 'Yusuf', 'Abdulle', '0615537810', 'abdirahim116@gmail.com', NULL, '7110eda4d09e062aa5e4a390b0a572ac0d2c0220', '2018-01-17 15:34:06', '2018-01-17 19:59:11', NULL, 'NONE', b'1', NULL),
  (70, 'samaati', 1, 'nor', 'Tbrk', '0615914848', 'samaati@hot.comail.com', 1, 'd5eee1a425da58faa5d71df0adc1cb35ade0a69b', '2018-01-17 15:35:24', '2018-01-17 15:35:24', NULL, '', b'1', NULL),
  (71, 'Iftin', 1, 'Iftinka', 'iftin', '0618002902', 'iftin1100@gmail.com', 1, '7c222fb2927d828af22f592134e8932480637c0d', '2018-01-17 16:13:59', '2018-01-17 16:13:59', NULL, '', b'1', NULL),
  (72, 'Ahmed', 1, 'siyaad', 'Gurey', '0615708932', 'drahmednuur123@gmial.com', 1, 'c522a8cc50a849bcf3a418210c7a4786075d12aa', '2018-01-17 16:21:19', '2018-01-17 16:21:19', NULL, '', b'1', NULL),
  (73, 'abokor', 1, 'jama', 'look behind you', '0618396711', 'abkijaa@gmail.com', 1, '06828338d7ed45e394aaee7bc4340871a89d65a7', '2018-01-17 18:43:03', '2018-01-17 18:43:03', NULL, '', b'1', NULL),
  (74, 'petero', 1, 'Khalid', 'Peter', '084', 'pkyalo@topsoftchoice.com', 1, '834dfae0c40820faccf4f83580be800545dca3c1', '2018-01-17 18:54:56', '2018-01-17 18:54:56', NULL, '', b'1', NULL),
  (75, 'Dhore01', 1, 'Cali', 'Xaashi', '0615520733', 'dhore01@gmail.com', 1, 'afca926ff7d5fa13958a33ad7235a28bdc923491', '2018-01-17 19:04:48', '2018-01-17 19:04:48', NULL, '', b'1', NULL),
  (76, 'doonte', 1, 'keenhee', 'sami', '0682278971', 'ihack6822@gmail.com', 1, '40bd001563085fc35165329ea1ff5c5ecbdbbeef', '2018-01-17 19:11:06', '2018-01-17 19:11:06', NULL, '', b'1', NULL),
  (77, 'maabdi', 1, 'Abdi', 'Mohamed', '0618900039', 'maabdi@outlook.com', 1, '25b0d57e46e4142f01bda707648c46a9de762c62', '2018-01-17 19:51:44', '2018-01-17 19:51:44', NULL, '', b'1', NULL),
  (78, 'muktar', 1, 'muktar', 'Mohamed', '+25215514164', 'bashaar2200@gmail.comv', 1, '5e70acbf3b135175635ff38fa1f6ee04107f05b8', '2018-01-18 09:25:11', '2018-01-18 09:25:11', NULL, '', b'1', NULL),
  (80, 'eng yaasin', 1, 'hassan', 'hilowle', '0615444935', 'hilowle90@hotmail.co.uk', 1, 'd9a223a79fab13c9c3b5635a2df5a155df547a30', '2018-01-18 10:03:42', '2018-01-18 10:03:42', NULL, '', b'1', NULL),
  (82, 'Warsame', 1, 'War', 'War', '0615547113', 'mugastarss@gmail.com', 1, '8351f8c13b71fb47bc316689fdfb8a10ee5ad472', '2018-01-18 11:41:41', '2018-01-18 11:41:41', NULL, '', b'1', NULL),
  (83, 'Fatima', 1, 'Ali', 'AY FAY', '+252615787267', 'fatumairon@gmail.com', 1, 'e8ae314f46c29cea0cd7e9fc20e4a49d4726bf18', '2018-01-18 13:37:24', '2018-01-18 13:37:24', NULL, '', b'1', NULL),
  (84, 'ali', 1, 'cersen', 'ali', '612344105', 'alicemcersen@hotmail.com', 1, '22f09f3b18884516f17268b8adf5390d319b9fbc', '2018-01-18 16:49:24', '2018-01-18 16:49:24', NULL, '', b'1', NULL),
  (85, 'Amina', 1, 'Zahra', 'aminazahra', '0617317931', 'asmaxasnibrahim@gmail.com', 1, '7c222fb2927d828af22f592134e8932480637c0d', '2018-01-18 17:16:15', '2018-01-18 17:16:15', NULL, '', b'1', NULL),
  (86, 'Abdalla', 1, 'Abdisalam', 'abdoo', '0619779441', 'abdallaahmednur@gmail.com', 1, 'b04580ec84ea4444072d8baa54987bae91481b6c', '2018-01-18 20:13:19', '2018-01-18 20:13:19', NULL, '', b'1', NULL),
  (87, 'Maslah', 1, 'Maslah', 'Abdinasir', '0616310952', 'maslah99@live.com', 1, '3aa1cf95ddbc91842141a38cb4c2bf49b3eb3698', '2018-01-18 22:51:37', '2018-01-18 22:51:37', NULL, '', b'1', NULL),
  (88, 'bashir wadani', 1, 'oyow', 'wadani', '+252615772070', 'Oyoow2@gmail.com', 1, '68cef60b43b6715df8b9ea999618c93f1f7b10bb', '2018-01-20 18:45:35', '2018-01-20 18:45:35', NULL, '', b'1', NULL),
  (89, 'kizilay', 1, 'Fatih', 'Tongur', '+252616785462', 'fatih.tongur@kizilay.org.tr', 1, 'cf217d30e8b6734c61d5367049dec6207e80018e', '2018-01-20 20:04:31', '2018-01-20 20:04:31', NULL, '', b'1', NULL),
  (90, 'sefa', 1, 'inal', 'sonsuz', '682221769', 'sefainal@hotmail.com', 1, '4e2c1f1190bc18b30d5a38b635b8b362b6e8fd4c', '2018-01-20 20:41:38', '2018-01-20 20:41:38', NULL, '', b'1', NULL),
  (91, 'ian', 1, 'iman', 'Kelvin', '+254710996329', '25045k99@gmail.com', 1, '820b4090fc1b199f710997c54b101226cc7d6d2f', '2018-01-21 06:26:09', '2018-01-21 06:26:09', NULL, '', b'1', NULL),
  (92, 'Winnie', 1, 'Mburu', 'Njeri', '+254707032500', 'wmburu11@gmail.com', 1, 'a623fb28a70df45047d030a58efdc56e97530434', '2018-01-21 15:05:45', '2018-01-21 15:05:45', NULL, '', b'1', NULL),
  (93, 'Khadar mohamed', 1, 'Farah', 'Biciid', '0618836001', 'khadarbiciid@gmail.com', 1, 'd5e7cc58d0e593096e793344853a73bae53fb4f7', '2018-01-21 21:57:25', '2018-01-21 21:57:25', NULL, '', b'1', NULL),
  (94, 'jaamac', 1, 'Jaamac', 'Faarax', '0682343002', 'jaamac@faarax.com', 1, '99442d9c8b5fc2b1543077bcc3c4b735fe6a20f7', '2018-01-21 22:07:55', '2018-01-21 22:07:55', NULL, '', b'1', NULL),
  (95, 'Hamza', 1, 'tall', 'abdi', '+252618672777', 'hamzaaar@Gmail.com', 1, '7eb4fd05e51d34d103778f17416cecd163304f82', '2018-01-21 22:25:36', '2018-01-21 22:25:36', NULL, '', b'1', NULL),
  (96, 'alx.suleimani', 1, 'suleiman', 'abdirahman', '0615603399', 'sabdirahman5@gmail.com', 1, 'f86ed0e005a61c2244aa5ff17a53d38c091144a5', '2018-01-21 22:45:25', '2018-01-21 22:45:25', NULL, '', b'1', NULL),
  (97, 'Omar', 1, 'Hashi', 'Hassan', '+252618278435', 'engroshid2016@gmail.com', 1, '20cb09c4b80dbb1dba07db89b76dc1ad597a2d08', '2018-01-22 09:11:54', '2018-01-22 09:11:54', NULL, '', b'1', NULL),
  (98, 'mahamed', 1, 'abdulaahi', 'abdi', '0617468096', 'Dalsoor738@gmail.com', 1, '04207e9cbe9ca71652e63c4c790702e753a90e69', '2018-01-22 14:57:40', '2018-01-22 14:57:40', NULL, '', b'1', NULL),
  (99, 'mohamed ahmed', 1, 'nor', 'lab', '615872094', 'dremadman@gmail.com', 1, '894f1457c02eb005942aa2a96d5ae72eed1485ed', '2018-01-22 17:59:31', '2018-01-22 17:59:31', NULL, '', b'1', NULL),
  (100, 'Hassan', 1, 'Awil', 'Osman', '612549767', 'kuusowcawil@gmail.com', 1, '178cb4861e8ca3efcb93fb48d63158f96f5fff53', '2018-01-22 18:13:39', '2018-01-22 18:13:39', NULL, '', b'1', NULL),
  (101, 'omar12', 1, 'omar', 'mohamed osman', '0618080310', 'cumar251371@gmail.com', 1, '8c448fd9566e2aac993da90900c7b5560c188e9f', '2018-01-22 18:14:08', '2018-01-22 18:14:08', NULL, '', b'1', NULL),
  (102, 'Otaanga', 1, 'yare', 'Moha', '0618709537', 'otaange@gmail.com', 1, '23aec7f1fc1c47d1c1aa9ebdde3a1f8736fe9057', '2018-01-22 18:14:30', '2018-01-22 18:14:30', NULL, '', b'1', NULL),
  (103, 'liibaan', 1, 'haji barbe', 'baarbe', '+252615620013', 'faasim10@hotmail.com', 1, 'cf29270a8585e76f207248452f6c89225c91ad61', '2018-01-22 18:29:01', '2018-01-22 18:29:01', NULL, '', b'1', NULL),
  (104, 'baarbe140', 1, 'baarbe', 'baarbe yare', '+252615620013', 'lii4me@hotmail.com', 1, '1b294552c42134bc3c00ee5b4bd95a44625d8285', '2018-01-22 18:30:40', '2018-01-22 18:31:27', NULL, '8o_i08Qd3UvNck_C3flT_i6dGrpyWXh7', b'1', NULL),
  (105, 'baarbe10', 1, 'baarbe', 'baarbeyare', '+252615620013', 'nadar20009@hotmail.com', 1, 'cf29270a8585e76f207248452f6c89225c91ad61', '2018-01-22 18:32:56', '2018-01-22 18:32:56', NULL, '', b'1', NULL),
  (106, 'ruun', 1, 'sidow', 'ahlam', '0617338560', 'runsidow@gmail.com', 1, '49616d8758593687c0745053fd272fbb73148640', '2018-01-22 18:39:07', '2018-01-22 18:39:07', NULL, '', b'1', NULL),
  (107, 'kuniil', 1, 'kuniil', 'ismail', '0615202130', 'kunaakcc@gmail.com', 1, '323e569a5c7088b571893664a92ee23937fedb09', '2018-01-22 18:52:36', '2018-01-22 18:52:36', NULL, '', b'1', NULL),
  (108, 'ismail', 1, 'omar', 'kuncil', '0615202130', 'ismailomarallas@gmail.com', 1, 'b4a452d4120d9ba11adf77e8203bafaa6e25c716', '2018-01-22 18:54:44', '2018-01-22 18:54:44', NULL, '', b'1', NULL),
  (109, 'Maxamed', 1, 'Abdullahi', 'Dhugad', '+252616551817', 'maxamedyare4y@hotmail.com', 1, '96f9e79e9aae29e2c3c01cb9dd939f87e012ad74', '2018-01-22 19:02:27', '2018-01-22 19:02:27', NULL, '', b'1', NULL),
  (110, 'jawidagan', 1, 'jwidagan', 'joker', '00252616572598', 'xarbiye2@hotmail.com', 1, '7c222fb2927d828af22f592134e8932480637c0d', '2018-01-22 19:35:11', '2018-01-22 19:35:11', NULL, '', b'1', NULL),
  (111, 'shadia', 1, 'shadia', 'sadia', '00252615114737', 'shadiavip@gmail.com', 1, '2562ec43ac7753dbdc964f63fbe53c73f518800b', '2018-01-22 19:48:22', '2018-01-22 19:49:28', NULL, 'jSBCz-Jl_zR139kJLx7CwQoeuKyRn4nh', b'1', NULL),
  (112, 'Abbas', 1, 'Ali', 'Smart', '0618000007', 'smarta4@gmail.com', 1, '243041359a85fcb6fb3043abef8d7a564fe9de44', '2018-01-22 19:48:22', '2018-01-22 19:48:22', NULL, '', b'1', NULL),
  (113, 'emre', 1, 'citil', 'yardimeli', '0617212705', 'emre.citil.tek@hotmail.com', 1, 'be5a0d09a46871674fa5795b2435fc540e3d8785', '2018-01-22 19:59:18', '2018-01-22 19:59:18', NULL, '', b'1', NULL),
  (114, 'Abdifatah', 1, 'Ali', 'mohamud', '06199961111', 'dhubane231@gmail.com', 1, 'ce872f15437af3619fabe46ce16ea3647a86f85f', '2018-01-22 20:21:45', '2018-01-22 20:21:45', NULL, '', b'1', NULL),
  (115, 'Halima', 1, 'Abdiaziz', 'Hassan', '+252619111127', 'fowsiya911@gmail.com', 1, '0b6f3ad2947637742a490cde14db4b5f60cf78ea', '2018-01-22 21:36:19', '2018-01-22 21:36:19', NULL, '', b'1', NULL),
  (116, 'aminmacruf', 1, 'Maruf', 'Amin', '00252615588663', 'aminmacruf@gmail.com', 1, 'd8d442e65b74a008aa7a9fe74db6c0e390ffb83a', '2018-01-22 21:54:17', '2018-01-22 21:54:17', NULL, '', b'1', NULL),
  (117, 'Mohamed Tahliil', 1, 'mt.baashi@gmail.com', 'Timowayne', '0617218062', 'mt.baashi@gmail.com', 1, 'b78ec509c0b80e421889a33d64a77818323de6e8', '2018-01-22 22:16:58', '2018-01-22 22:16:58', NULL, '', b'1', NULL),
  (118, 'Samia mahmet', 1, 'Samia', 'mahamed', '0615006078', 'Saamka9@Gmail.com', 1, 'c795c257d772027720da1dafc79b8e35de94754e', '2018-01-22 22:27:51', '2018-01-22 22:27:51', NULL, '', b'1', NULL),
  (119, 'cnwaraabe', 1, 'Mohamed', 'Abdinasir', '00252619118532', 'cnwaraabe@hotmail.com', 1, '43b75c7528c65936e57f87c9a277cedf48f0c9eb', '2018-01-22 22:59:07', '2018-01-22 22:59:07', NULL, '', b'1', NULL),
  (120, 'Abdi', 1, 'Mubarak', 'Crouch', '615522242', 'buurukurr@gmail.com', 1, 'c62e7a059cfbf34cfbbfc84dcedee145b08b8fbd', '2018-01-22 23:50:15', '2018-01-22 23:50:15', NULL, '', b'1', NULL),
  (121, 'ayanle', 1, 'jamow', 'style', '612105343', 'ayanlestyle@gmail.com', 1, 'd0525c6b7f0788a77a212cbcd9991e8a03f1f56b', '2018-01-23 08:52:17', '2018-01-23 08:52:17', NULL, '', b'1', NULL),
  (122, 'Aisha', 1, 'Abdukadir', 'Hersi', '0615892895', 'aisha132011@gmail.com', 1, '646e44a7047c99d21d65c96ea1d147fda773bb97', '2018-01-23 08:58:10', '2018-01-23 08:58:10', NULL, '', b'1', NULL),
  (123, 'yuzzefislaam', 1, 'xaaji cali', 'yusuf', '+252615195135', 'yuusufkashka@gmail.com', 1, 'd2d4d1fd1b4710c840395da6aad9a06f28ff7529', '2018-01-23 10:40:04', '2018-01-23 10:40:04', NULL, '', b'1', NULL),
  (124, 'Muniira', 1, 'Elmi', 'Cawil', '0616118730', 'muniirocawil@hotmail.com', 1, '7c4a8d09ca3762af61e59520943dc26494f8941b', '2018-01-23 11:24:41', '2018-01-23 11:24:41', NULL, '', b'1', NULL),
  (125, 'Aliyow', 1, 'Abdi', 'dhoof', '+252615408318', 'calinuurgm@gmail.com', 1, '8cb2237d0679ca88db6464eac60da96345513964', '2018-01-23 11:45:53', '2018-01-23 11:45:53', NULL, '', b'1', NULL),
  (126, 'Kevin', 1, 'Kevin', 'Marokko', '0720215945', 'kevinmarokko@ymail.com', 1, '7110eda4d09e062aa5e4a390b0a572ac0d2c0220', '2018-01-23 12:34:04', '2018-01-23 12:34:04', NULL, '', b'1', NULL),
  (127, 'Hagi', 1, 'Amin', 'Hagi Amin', '615037070', 'siramiin@gmail.com', 1, '645f5966fbfc036627e9556ea09e8bc8388262ec', '2018-01-23 13:50:15', '2018-01-23 13:50:15', NULL, '', b'1', NULL),
  (128, 'iqlaasmoha11', 1, 'dheemaluul', 'iqlaas', '0618119191', 'iqlaasmoha11@gmail.com', 1, '7c84fad8203e16af22aecd0b5fd8845ed00c9b51', '2018-01-23 14:25:11', '2018-01-23 14:25:11', NULL, '', b'1', NULL),
  (129, 'abdiwali', 1, 'Hassan', 'Faroole', '004745667665', 'akraamzizo@yahoo.no', 1, '345d13d7c64c9c2401d18cf19a7eb1c1bed537ca', '2018-01-23 15:20:28', '2018-01-23 15:20:28', NULL, '', b'1', NULL),
  (130, 'mudu', 1, 'Mohamud', 'Ismail', '+252619698596', 'mohamud.merit@gmail.com', 1, 'ced239067f20b6d83f5804ce05c23b68c2291fbe', '2018-01-23 15:57:29', '2018-01-23 15:57:29', NULL, '', b'1', NULL),
  (131, 'mohamed yakub', 1, 'yardimeli', 'yakub', '00252617005988', 'mohamedyardim@gmail.com', 1, '9118c2aaa316da6f0f1e20a8a183a16c50ab9214', '2018-01-23 16:50:06', '2018-01-23 16:50:06', NULL, '', b'1', NULL),
  (132, 'Abdirahmaan', 3, 'mohamuud', 'Duaale', '061 5548417', 'abc', NULL, '40bd001563085fc35165329ea1ff5c5ecbdbbeef', '2018-01-23 17:58:00', '2018-01-23 17:58:00', NULL, 'NONE', b'1', NULL);

-- --------------------------------------------------------

--
-- Table structure for table `user_type`
--

DROP TABLE IF EXISTS `user_type`;
CREATE TABLE IF NOT EXISTS `user_type` (
  `USER_TYPE_ID` bigint(20) NOT NULL,
  `USER_TYPE_NAME` varchar(255) NOT NULL
) ENGINE=InnoDB AUTO_INCREMENT=4 DEFAULT CHARSET=latin1;

--
-- Dumping data for table `user_type`
--

INSERT INTO `user_type` (`USER_TYPE_ID`, `USER_TYPE_NAME`) VALUES
  (1, 'CUSTOMER'),
  (2, 'ADMIN'),
  (3, 'RIDER');

-- --------------------------------------------------------

--
-- Stand-in structure for view `vw_orders`
--
DROP VIEW IF EXISTS `vw_orders`;
CREATE TABLE IF NOT EXISTS `vw_orders` (
   `ORDER_ID` bigint(20)
  ,`USER_ID` bigint(20)
  ,`KITCHEN_ID` bigint(10)
  ,`CHEF_ID` bigint(10)
  ,`RIDER_ID` bigint(10)
  ,`MOBILE` varchar(25)
  ,`SURNAME` varchar(100)
  ,`OTHER_NAMES` varchar(100)
  ,`ORDER_DATE` datetime
  ,`ORDER_STATUS` varchar(30)
  ,`PAYMENT_AMOUNT` decimal(10,2)
  ,`PAYMENT_NUMBER` varchar(30)
  ,`NOTES` varchar(255)
  ,`PAYMENT_METHOD` varchar(20)
  ,`CREATED_AT` datetime
  ,`UPDATED_AT` datetime
  ,`PAYMENT_DATE` datetime
  ,`LOCATION_ID` bigint(20)
  ,`LOCATION_NAME` varchar(255)
  ,`ADDRESS` text
  ,`CITY_NAME` varchar(100)
  ,`CITY_ID` bigint(20)
  ,`COUNRY_ID` bigint(20)
  ,`COUNTRY_NAME` varchar(100)
);

-- --------------------------------------------------------

--
-- Stand-in structure for view `vw_order_items`
--
DROP VIEW IF EXISTS `vw_order_items`;
CREATE TABLE IF NOT EXISTS `vw_order_items` (
   `ORDER_ID` bigint(20)
  ,`QUANTITY` int(4)
  ,`PRICE` decimal(10,0)
  ,`SUBTOTAL` decimal(10,0)
  ,`ITEM_TYPE_SIZE` varchar(15)
  ,`MENU_ITEM_NAME` varchar(255)
  ,`MENU_CAT_NAME` varchar(50)
  ,`MENU_CAT_IMAGE` varchar(255)
  ,`MENU_ITEM_IMAGE` varchar(255)
  ,`USER_ID` bigint(20)
);

-- --------------------------------------------------------

--
-- Structure for view `vw_orders`
--
DROP TABLE IF EXISTS `vw_orders`;

CREATE ALGORITHM=UNDEFINED DEFINER=`pizzaout`@`localhost` SQL SECURITY DEFINER VIEW `vw_orders` AS select `customer_order`.`ORDER_ID` AS `ORDER_ID`,`customer_order`.`USER_ID` AS `USER_ID`,`customer_order`.`KITCHEN_ID` AS `KITCHEN_ID`,`customer_order`.`CHEF_ID` AS `CHEF_ID`,`customer_order`.`RIDER_ID` AS `RIDER_ID`,`tb_users`.`MOBILE` AS `MOBILE`,`tb_users`.`SURNAME` AS `SURNAME`,`tb_users`.`OTHER_NAMES` AS `OTHER_NAMES`,`customer_order`.`ORDER_DATE` AS `ORDER_DATE`,`customer_order`.`ORDER_STATUS` AS `ORDER_STATUS`,`payment`.`PAYMENT_AMOUNT` AS `PAYMENT_AMOUNT`,`payment`.`PAYMENT_NUMBER` AS `PAYMENT_NUMBER`,`customer_order`.`NOTES` AS `NOTES`,`customer_order`.`PAYMENT_METHOD` AS `PAYMENT_METHOD`,`customer_order`.`CREATED_AT` AS `CREATED_AT`,`customer_order`.`UPDATED_AT` AS `UPDATED_AT`,`payment`.`PAYMENT_DATE` AS `PAYMENT_DATE`,`location`.`LOCATION_ID` AS `LOCATION_ID`,`location`.`LOCATION_NAME` AS `LOCATION_NAME`,`location`.`ADDRESS` AS `ADDRESS`,`city`.`CITY_NAME` AS `CITY_NAME`,`city`.`CITY_ID` AS `CITY_ID`,`country`.`COUNRY_ID` AS `COUNRY_ID`,`country`.`COUNTRY_NAME` AS `COUNTRY_NAME` from (((((`customer_order` join `tb_users` on((`customer_order`.`USER_ID` = `tb_users`.`USER_ID`))) left join `payment` on((`payment`.`ORDER_ID` = `customer_order`.`ORDER_ID`))) join `location` on((`customer_order`.`LOCATION_ID` = `location`.`LOCATION_ID`))) join `city` on((`location`.`CITY_ID` = `city`.`CITY_ID`))) join `country` on((`city`.`COUNTRY_ID` = `country`.`COUNRY_ID`)));

-- --------------------------------------------------------

--
-- Structure for view `vw_order_items`
--
DROP TABLE IF EXISTS `vw_order_items`;

CREATE ALGORITHM=UNDEFINED DEFINER=`pizzaout`@`localhost` SQL SECURITY DEFINER VIEW `vw_order_items` AS select `customer_order`.`ORDER_ID` AS `ORDER_ID`,`customer_order_item`.`QUANTITY` AS `QUANTITY`,`customer_order_item`.`PRICE` AS `PRICE`,`customer_order_item`.`SUBTOTAL` AS `SUBTOTAL`,`menu_item_type`.`ITEM_TYPE_SIZE` AS `ITEM_TYPE_SIZE`,`menu_item`.`MENU_ITEM_NAME` AS `MENU_ITEM_NAME`,`menu_category`.`MENU_CAT_NAME` AS `MENU_CAT_NAME`,`menu_category`.`MENU_CAT_IMAGE` AS `MENU_CAT_IMAGE`,`menu_item`.`MENU_ITEM_IMAGE` AS `MENU_ITEM_IMAGE`,`customer_order`.`USER_ID` AS `USER_ID` from ((((`customer_order` join `customer_order_item` on((`customer_order_item`.`ORDER_ID` = `customer_order`.`ORDER_ID`))) join `menu_item_type` on((`customer_order_item`.`ITEM_TYPE_ID` = `menu_item_type`.`ITEM_TYPE_ID`))) join `menu_item` on((`menu_item_type`.`MENU_ITEM_ID` = `menu_item`.`MENU_ITEM_ID`))) join `menu_category` on((`menu_item`.`MENU_CAT_ID` = `menu_category`.`MENU_CAT_ID`)));

--
-- Indexes for dumped tables
--

--
-- Indexes for table `api_token`
--
ALTER TABLE `api_token`
  ADD PRIMARY KEY (`TOKEN_ID`), ADD KEY `DATE_CREATED` (`DATE_CREATED`,`EXPIRY_DATE`), ADD KEY `USER_ID` (`USER_ID`);

--
-- Indexes for table `chef`
--
ALTER TABLE `chef`
  ADD PRIMARY KEY (`CHEF_ID`), ADD KEY `Kitchen_ID` (`KITCHEN_ID`) USING BTREE;

--
-- Indexes for table `city`
--
ALTER TABLE `city`
  ADD PRIMARY KEY (`CITY_ID`), ADD KEY `Country_ID` (`COUNTRY_ID`) USING BTREE;

--
-- Indexes for table `country`
--
ALTER TABLE `country`
  ADD PRIMARY KEY (`COUNRY_ID`);

--
-- Indexes for table `customer_order`
--
ALTER TABLE `customer_order`
  ADD PRIMARY KEY (`ORDER_ID`), ADD KEY `User_ID` (`USER_ID`) USING BTREE, ADD KEY `Location_ID` (`LOCATION_ID`) USING BTREE, ADD KEY `customer_order_ibfk_3` (`RIDER_ID`) USING BTREE, ADD KEY `KITCHEN_ID` (`KITCHEN_ID`) USING BTREE, ADD KEY `ORDER_STATUS` (`ORDER_STATUS`) USING BTREE, ADD KEY `CHEF_ID` (`CHEF_ID`) USING BTREE;

--
-- Indexes for table `customer_order_item`
--
ALTER TABLE `customer_order_item`
  ADD PRIMARY KEY (`ORDER_ITEM_ID`), ADD KEY `ORDER_ID` (`ORDER_ID`) USING BTREE, ADD KEY `order_item_ibfk_2` (`ITEM_TYPE_ID`) USING BTREE;

--
-- Indexes for table `db_cache`
--
ALTER TABLE `db_cache`
  ADD PRIMARY KEY (`id`), ADD KEY `expire` (`expire`);

--
-- Indexes for table `kitchen`
--
ALTER TABLE `kitchen`
  ADD PRIMARY KEY (`KITCHEN_ID`), ADD KEY `City_ID` (`CITY_ID`) USING BTREE;

--
-- Indexes for table `location`
--
ALTER TABLE `location`
  ADD PRIMARY KEY (`LOCATION_ID`), ADD KEY `CITY_ID` (`CITY_ID`);

--
-- Indexes for table `menu_category`
--
ALTER TABLE `menu_category`
  ADD PRIMARY KEY (`MENU_CAT_ID`), ADD UNIQUE KEY `MENU_CAT_ID` (`MENU_CAT_ID`,`RANK`), ADD UNIQUE KEY `MENU_CAT_NAME` (`MENU_CAT_NAME`), ADD KEY `MENU_CAT_ID_2` (`MENU_CAT_ID`);

--
-- Indexes for table `menu_item`
--
ALTER TABLE `menu_item`
  ADD PRIMARY KEY (`MENU_ITEM_ID`), ADD KEY `MENU_CAT_ID` (`MENU_CAT_ID`) USING BTREE;

--
-- Indexes for table `menu_item_type`
--
ALTER TABLE `menu_item_type`
  ADD PRIMARY KEY (`ITEM_TYPE_ID`), ADD KEY `MENU_ITEM_ID` (`MENU_ITEM_ID`) USING BTREE, ADD KEY `ITEM_TYPE_SIZE` (`ITEM_TYPE_SIZE`);

--
-- Indexes for table `my_session`
--
ALTER TABLE `my_session`
  ADD PRIMARY KEY (`id`), ADD KEY `id` (`id`), ADD KEY `expire` (`expire`), ADD KEY `user_id` (`user_id`);

--
-- Indexes for table `order_tracking`
--
ALTER TABLE `order_tracking`
  ADD PRIMARY KEY (`TRACKING_ID`), ADD UNIQUE KEY `ORDER_ID` (`ORDER_ID`,`STATUS`) USING BTREE, ADD KEY `STATUS` (`STATUS`) USING BTREE, ADD KEY `order_tracking_ibfk_1` (`ORDER_ID`) USING BTREE;

--
-- Indexes for table `payment`
--
ALTER TABLE `payment`
  ADD PRIMARY KEY (`PAYMENT_ID`), ADD KEY `payment_ibfk_1` (`PAYMENT_STATUS`) USING BTREE, ADD KEY `payment_ibfk_2` (`ORDER_ID`) USING BTREE;

--
-- Indexes for table `riders`
--
ALTER TABLE `riders`
  ADD PRIMARY KEY (`RIDER_ID`), ADD KEY `KITCHEN_ID` (`KITCHEN_ID`) USING BTREE, ADD KEY `USER_ID` (`USER_ID`);

--
-- Indexes for table `tb_cart`
--
ALTER TABLE `tb_cart`
  ADD PRIMARY KEY (`CART_ITEM_ID`), ADD KEY `order_item_ibfk_2` (`ITEM_TYPE_ID`) USING BTREE, ADD KEY `USER_ID` (`USER_ID`) USING BTREE;

--
-- Indexes for table `tb_delivery_time`
--
ALTER TABLE `tb_delivery_time`
  ADD PRIMARY KEY (`TIME_ID`);

--
-- Indexes for table `tb_favs`
--
ALTER TABLE `tb_favs`
  ADD PRIMARY KEY (`FAV_ID`), ADD KEY `MENU_ITEM_ID` (`MENU_ITEM_ID`), ADD KEY `USER_ID` (`USER_ID`);

--
-- Indexes for table `tb_migration`
--
ALTER TABLE `tb_migration`
  ADD PRIMARY KEY (`version`);

--
-- Indexes for table `tb_sizes`
--
ALTER TABLE `tb_sizes`
  ADD PRIMARY KEY (`SIZE_ID`), ADD UNIQUE KEY `SIZE_NAME` (`SIZE_TYPE`), ADD KEY `SIZED_ID` (`SIZE_ID`);

--
-- Indexes for table `tb_status`
--
ALTER TABLE `tb_status`
  ADD UNIQUE KEY `STATUS_NAME` (`STATUS_NAME`) USING BTREE, ADD UNIQUE KEY `RANK` (`RANK`) USING BTREE;

--
-- Indexes for table `tb_users`
--
ALTER TABLE `tb_users`
  ADD PRIMARY KEY (`USER_ID`), ADD UNIQUE KEY `USER_NAME` (`USER_NAME`), ADD UNIQUE KEY `EMAIL` (`EMAIL`), ADD KEY `LOCATION_ID_idx` (`LOCATION_ID`) USING BTREE, ADD KEY `USER_TYPE_idx` (`USER_TYPE`) USING BTREE, ADD KEY `DATE_REGISTERED` (`DATE_REGISTERED`);

--
-- Indexes for table `user_type`
--
ALTER TABLE `user_type`
  ADD PRIMARY KEY (`USER_TYPE_ID`);

--
-- AUTO_INCREMENT for dumped tables
--

--
-- AUTO_INCREMENT for table `api_token`
--
ALTER TABLE `api_token`
  MODIFY `TOKEN_ID` bigint(20) NOT NULL AUTO_INCREMENT,AUTO_INCREMENT=69;
--
-- AUTO_INCREMENT for table `chef`
--
ALTER TABLE `chef`
  MODIFY `CHEF_ID` bigint(20) NOT NULL AUTO_INCREMENT,AUTO_INCREMENT=5;
--
-- AUTO_INCREMENT for table `city`
--
ALTER TABLE `city`
  MODIFY `CITY_ID` bigint(20) NOT NULL AUTO_INCREMENT,AUTO_INCREMENT=4;
--
-- AUTO_INCREMENT for table `country`
--
ALTER TABLE `country`
  MODIFY `COUNRY_ID` bigint(20) NOT NULL AUTO_INCREMENT,AUTO_INCREMENT=6;
--
-- AUTO_INCREMENT for table `customer_order`
--
ALTER TABLE `customer_order`
  MODIFY `ORDER_ID` bigint(20) NOT NULL AUTO_INCREMENT,AUTO_INCREMENT=1059;
--
-- AUTO_INCREMENT for table `customer_order_item`
--
ALTER TABLE `customer_order_item`
  MODIFY `ORDER_ITEM_ID` int(11) NOT NULL AUTO_INCREMENT,AUTO_INCREMENT=297;
--
-- AUTO_INCREMENT for table `kitchen`
--
ALTER TABLE `kitchen`
  MODIFY `KITCHEN_ID` bigint(20) NOT NULL AUTO_INCREMENT,AUTO_INCREMENT=2;
--
-- AUTO_INCREMENT for table `location`
--
ALTER TABLE `location`
  MODIFY `LOCATION_ID` bigint(20) NOT NULL AUTO_INCREMENT,AUTO_INCREMENT=18;
--
-- AUTO_INCREMENT for table `menu_category`
--
ALTER TABLE `menu_category`
  MODIFY `MENU_CAT_ID` bigint(10) NOT NULL AUTO_INCREMENT,AUTO_INCREMENT=7;
--
-- AUTO_INCREMENT for table `menu_item`
--
ALTER TABLE `menu_item`
  MODIFY `MENU_ITEM_ID` bigint(10) NOT NULL AUTO_INCREMENT,AUTO_INCREMENT=19;
--
-- AUTO_INCREMENT for table `menu_item_type`
--
ALTER TABLE `menu_item_type`
  MODIFY `ITEM_TYPE_ID` bigint(11) NOT NULL AUTO_INCREMENT,AUTO_INCREMENT=45;
--
-- AUTO_INCREMENT for table `order_tracking`
--
ALTER TABLE `order_tracking`
  MODIFY `TRACKING_ID` bigint(10) NOT NULL AUTO_INCREMENT,AUTO_INCREMENT=620;
--
-- AUTO_INCREMENT for table `payment`
--
ALTER TABLE `payment`
  MODIFY `PAYMENT_ID` bigint(20) NOT NULL AUTO_INCREMENT;
--
-- AUTO_INCREMENT for table `riders`
--
ALTER TABLE `riders`
  MODIFY `RIDER_ID` bigint(10) NOT NULL AUTO_INCREMENT,AUTO_INCREMENT=8;
--
-- AUTO_INCREMENT for table `tb_cart`
--
ALTER TABLE `tb_cart`
  MODIFY `CART_ITEM_ID` bigint(10) NOT NULL AUTO_INCREMENT,AUTO_INCREMENT=389;
--
-- AUTO_INCREMENT for table `tb_delivery_time`
--
ALTER TABLE `tb_delivery_time`
  MODIFY `TIME_ID` bigint(20) NOT NULL AUTO_INCREMENT,AUTO_INCREMENT=24;
--
-- AUTO_INCREMENT for table `tb_favs`
--
ALTER TABLE `tb_favs`
  MODIFY `FAV_ID` bigint(20) NOT NULL AUTO_INCREMENT;
--
-- AUTO_INCREMENT for table `tb_sizes`
--
ALTER TABLE `tb_sizes`
  MODIFY `SIZE_ID` bigint(20) NOT NULL AUTO_INCREMENT,AUTO_INCREMENT=8;
--
-- AUTO_INCREMENT for table `tb_users`
--
ALTER TABLE `tb_users`
  MODIFY `USER_ID` bigint(20) NOT NULL AUTO_INCREMENT,AUTO_INCREMENT=133;
--
-- AUTO_INCREMENT for table `user_type`
--
ALTER TABLE `user_type`
  MODIFY `USER_TYPE_ID` bigint(20) NOT NULL AUTO_INCREMENT,AUTO_INCREMENT=4;
--
-- Constraints for dumped tables
--

--
-- Constraints for table `api_token`
--
ALTER TABLE `api_token`
  ADD CONSTRAINT `api_token_ibfk_1` FOREIGN KEY (`USER_ID`) REFERENCES `tb_users` (`USER_ID`) ON DELETE CASCADE ON UPDATE CASCADE;

--
-- Constraints for table `chef`
--
ALTER TABLE `chef`
  ADD CONSTRAINT `chef_ibfk_1` FOREIGN KEY (`KITCHEN_ID`) REFERENCES `kitchen` (`KITCHEN_ID`);

--
-- Constraints for table `city`
--
ALTER TABLE `city`
  ADD CONSTRAINT `city_ibfk_1` FOREIGN KEY (`COUNTRY_ID`) REFERENCES `country` (`COUNRY_ID`);

--
-- Constraints for table `customer_order`
--
ALTER TABLE `customer_order`
  ADD CONSTRAINT `customer_order_ibfk_1` FOREIGN KEY (`USER_ID`) REFERENCES `tb_users` (`USER_ID`) ON UPDATE CASCADE,
  ADD CONSTRAINT `customer_order_ibfk_3` FOREIGN KEY (`RIDER_ID`) REFERENCES `riders` (`RIDER_ID`) ON UPDATE CASCADE,
  ADD CONSTRAINT `customer_order_ibfk_4` FOREIGN KEY (`KITCHEN_ID`) REFERENCES `kitchen` (`KITCHEN_ID`) ON UPDATE CASCADE,
  ADD CONSTRAINT `customer_order_ibfk_5` FOREIGN KEY (`ORDER_STATUS`) REFERENCES `tb_status` (`STATUS_NAME`) ON UPDATE CASCADE,
  ADD CONSTRAINT `customer_order_ibfk_6` FOREIGN KEY (`CHEF_ID`) REFERENCES `chef` (`CHEF_ID`) ON UPDATE CASCADE,
  ADD CONSTRAINT `customer_order_ibfk_7` FOREIGN KEY (`LOCATION_ID`) REFERENCES `location` (`LOCATION_ID`) ON UPDATE CASCADE;

--
-- Constraints for table `customer_order_item`
--
ALTER TABLE `customer_order_item`
  ADD CONSTRAINT `customer_order_item_ibfk_1` FOREIGN KEY (`ITEM_TYPE_ID`) REFERENCES `menu_item_type` (`ITEM_TYPE_ID`) ON DELETE CASCADE ON UPDATE CASCADE,
  ADD CONSTRAINT `customer_order_item_ibfk_2` FOREIGN KEY (`ORDER_ID`) REFERENCES `customer_order` (`ORDER_ID`) ON DELETE CASCADE ON UPDATE CASCADE;

--
-- Constraints for table `kitchen`
--
ALTER TABLE `kitchen`
  ADD CONSTRAINT `kitchen_ibfk_1` FOREIGN KEY (`CITY_ID`) REFERENCES `city` (`CITY_ID`);

--
-- Constraints for table `location`
--
ALTER TABLE `location`
  ADD CONSTRAINT `location_ibfk_1` FOREIGN KEY (`CITY_ID`) REFERENCES `city` (`CITY_ID`) ON DELETE CASCADE ON UPDATE CASCADE;

--
-- Constraints for table `menu_item`
--
ALTER TABLE `menu_item`
  ADD CONSTRAINT `menu_item_ibfk_1` FOREIGN KEY (`MENU_CAT_ID`) REFERENCES `menu_category` (`MENU_CAT_ID`) ON DELETE CASCADE ON UPDATE CASCADE;

--
-- Constraints for table `menu_item_type`
--
ALTER TABLE `menu_item_type`
  ADD CONSTRAINT `menu_item_type_ibfk_1` FOREIGN KEY (`MENU_ITEM_ID`) REFERENCES `menu_item` (`MENU_ITEM_ID`) ON DELETE CASCADE ON UPDATE CASCADE,
  ADD CONSTRAINT `menu_item_type_ibfk_2` FOREIGN KEY (`ITEM_TYPE_SIZE`) REFERENCES `tb_sizes` (`SIZE_TYPE`) ON DELETE CASCADE ON UPDATE CASCADE;

--
-- Constraints for table `order_tracking`
--
ALTER TABLE `order_tracking`
  ADD CONSTRAINT `order_tracking_ibfk_1` FOREIGN KEY (`ORDER_ID`) REFERENCES `customer_order` (`ORDER_ID`) ON DELETE CASCADE ON UPDATE CASCADE,
  ADD CONSTRAINT `order_tracking_ibfk_2` FOREIGN KEY (`STATUS`) REFERENCES `tb_status` (`STATUS_NAME`) ON UPDATE CASCADE;

--
-- Constraints for table `payment`
--
ALTER TABLE `payment`
  ADD CONSTRAINT `payment_ibfk_1` FOREIGN KEY (`PAYMENT_STATUS`) REFERENCES `tb_status` (`STATUS_NAME`) ON DELETE CASCADE ON UPDATE CASCADE,
  ADD CONSTRAINT `payment_ibfk_2` FOREIGN KEY (`ORDER_ID`) REFERENCES `customer_order` (`ORDER_ID`) ON DELETE CASCADE ON UPDATE CASCADE;

--
-- Constraints for table `riders`
--
ALTER TABLE `riders`
  ADD CONSTRAINT `riders_ibfk_1` FOREIGN KEY (`KITCHEN_ID`) REFERENCES `kitchen` (`KITCHEN_ID`) ON DELETE CASCADE ON UPDATE CASCADE,
  ADD CONSTRAINT `riders_ibfk_2` FOREIGN KEY (`USER_ID`) REFERENCES `tb_users` (`USER_ID`) ON DELETE CASCADE ON UPDATE CASCADE;

--
-- Constraints for table `tb_cart`
--
ALTER TABLE `tb_cart`
  ADD CONSTRAINT `tb_cart_ibfk_1` FOREIGN KEY (`ITEM_TYPE_ID`) REFERENCES `menu_item_type` (`ITEM_TYPE_ID`) ON DELETE CASCADE ON UPDATE CASCADE,
  ADD CONSTRAINT `tb_cart_ibfk_2` FOREIGN KEY (`USER_ID`) REFERENCES `tb_users` (`USER_ID`) ON DELETE CASCADE ON UPDATE CASCADE;

--
-- Constraints for table `tb_favs`
--
ALTER TABLE `tb_favs`
  ADD CONSTRAINT `tb_favs_ibfk_1` FOREIGN KEY (`MENU_ITEM_ID`) REFERENCES `menu_item` (`MENU_ITEM_ID`) ON DELETE CASCADE ON UPDATE CASCADE,
  ADD CONSTRAINT `tb_favs_ibfk_2` FOREIGN KEY (`USER_ID`) REFERENCES `tb_users` (`USER_ID`) ON DELETE CASCADE ON UPDATE CASCADE;

--
-- Constraints for table `tb_users`
--
ALTER TABLE `tb_users`
  ADD CONSTRAINT `tb_users_ibfk_2` FOREIGN KEY (`USER_TYPE`) REFERENCES `user_type` (`USER_TYPE_ID`) ON UPDATE CASCADE;
