-- phpMyAdmin SQL Dump
-- version 4.3.8
-- http://www.phpmyadmin.net
--
-- Host: localhost
-- Generation Time: Jan 15, 2018 at 03:10 AM
-- Server version: 5.5.51-38.2
-- PHP Version: 5.6.30

SET SQL_MODE = "NO_AUTO_VALUE_ON_ZERO";
SET time_zone = "+00:00";


/*!40101 SET @OLD_CHARACTER_SET_CLIENT=@@CHARACTER_SET_CLIENT */;
/*!40101 SET @OLD_CHARACTER_SET_RESULTS=@@CHARACTER_SET_RESULTS */;
/*!40101 SET @OLD_COLLATION_CONNECTION=@@COLLATION_CONNECTION */;
/*!40101 SET NAMES utf8 */;

--
-- Database: `pizzaout_db`
--

-- --------------------------------------------------------

--
-- Table structure for table `api_token`
--

DROP TABLE IF EXISTS `api_token`;
CREATE TABLE IF NOT EXISTS `api_token` (
  `TOKEN_ID` bigint(20) NOT NULL,
  `USER_ID` bigint(20) DEFAULT NULL,
  `API_TOKEN` varchar(255) DEFAULT NULL,
  `DATE_CREATED` datetime DEFAULT NULL,
  `EXPIRY_DATE` datetime DEFAULT NULL
) ENGINE=InnoDB AUTO_INCREMENT=10 DEFAULT CHARSET=utf8;

--
-- Dumping data for table `api_token`
--

INSERT INTO `api_token` (`TOKEN_ID`, `USER_ID`, `API_TOKEN`, `DATE_CREATED`, `EXPIRY_DATE`) VALUES
(1, 10, 'mekmxPsfPLfic0rMyUK7BKtjaj21VHoO', '2018-01-13 11:33:36', '2018-01-13 11:33:36'),
(2, 5, 'VzVNfyVIurSz1tRCM7CrBptixeLPXClp', '2018-01-14 13:27:09', '2018-01-14 13:27:09'),
(3, 57, 'a0nKvn3_l_opCOYxgNmLWNEK4z7tsuQJ', '2018-01-11 06:38:41', '2018-01-11 06:38:42'),
(4, 25, 'dA6gGJBknVjhFnB-ZSZawXslcjOdubJp', '2018-01-14 14:40:29', '2018-01-14 14:40:29'),
(5, 58, 'tISoX9J_nQjrV1FoC0qAlxQH6WR2h27I', '2018-01-14 14:44:41', '2018-01-14 14:44:41'),
(6, 56, '45H2qmNpRf1lW5FpwCTr2sf3etRH8DUx', '2018-01-14 22:43:14', '2018-01-14 22:43:14'),
(7, 49, 'gcuC54pQvBtUDEz-t5FXrewUZ1rhbbeV', '2018-01-14 22:56:20', '2018-01-14 22:56:20'),
(8, 60, 'zYt574rj01G2Uzvr3zdt29yGsjznRG1o', '2018-01-15 09:49:05', '2018-01-15 09:49:05'),
(9, 59, 'Juzf-7UJte0j6U8VffVvrJD744T0RJu3', '2018-01-15 09:50:43', '2018-01-15 09:50:43');

-- --------------------------------------------------------

--
-- Table structure for table `chef`
--

DROP TABLE IF EXISTS `chef`;
CREATE TABLE IF NOT EXISTS `chef` (
  `CHEF_ID` bigint(20) NOT NULL,
  `CHEF_NAME` varchar(100) NOT NULL,
  `KITCHEN_ID` bigint(20) NOT NULL
) ENGINE=InnoDB AUTO_INCREMENT=6 DEFAULT CHARSET=latin1;

--
-- Dumping data for table `chef`
--

INSERT INTO `chef` (`CHEF_ID`, `CHEF_NAME`, `KITCHEN_ID`) VALUES
(4, 'Ahmed Jama', 1);

-- --------------------------------------------------------

--
-- Table structure for table `city`
--

DROP TABLE IF EXISTS `city`;
CREATE TABLE IF NOT EXISTS `city` (
  `CITY_ID` bigint(20) NOT NULL,
  `CITY_NAME` varchar(100) NOT NULL,
  `COUNTRY_ID` bigint(20) NOT NULL
) ENGINE=InnoDB AUTO_INCREMENT=4 DEFAULT CHARSET=latin1;

--
-- Dumping data for table `city`
--

INSERT INTO `city` (`CITY_ID`, `CITY_NAME`, `COUNTRY_ID`) VALUES
(1, 'MOGADISHU', 2),
(3, 'MOMBASA', 1);

-- --------------------------------------------------------

--
-- Table structure for table `country`
--

DROP TABLE IF EXISTS `country`;
CREATE TABLE IF NOT EXISTS `country` (
  `COUNRY_ID` bigint(20) NOT NULL,
  `COUNTRY_NAME` varchar(100) NOT NULL
) ENGINE=InnoDB AUTO_INCREMENT=6 DEFAULT CHARSET=latin1;

--
-- Dumping data for table `country`
--

INSERT INTO `country` (`COUNRY_ID`, `COUNTRY_NAME`) VALUES
(1, 'KENYA'),
(2, 'SOMALIA'),
(3, 'SOUTH SUDAN'),
(4, 'ETHIOPIA'),
(5, 'ERITREA');

-- --------------------------------------------------------

--
-- Table structure for table `customer_order`
--

DROP TABLE IF EXISTS `customer_order`;
CREATE TABLE IF NOT EXISTS `customer_order` (
  `ORDER_ID` bigint(20) NOT NULL,
  `USER_ID` bigint(20) NOT NULL,
  `LOCATION_ID` bigint(20) NOT NULL,
  `KITCHEN_ID` bigint(10) DEFAULT NULL,
  `CHEF_ID` bigint(10) DEFAULT NULL,
  `RIDER_ID` bigint(10) DEFAULT NULL,
  `ORDER_DATE` datetime NOT NULL,
  `PAYMENT_METHOD` varchar(20) NOT NULL,
  `ORDER_STATUS` varchar(30) NOT NULL COMMENT 'Status of the order',
  `NOTES` varchar(255) DEFAULT NULL COMMENT 'Can contain payment text from mobile transactions etc',
  `CREATED_AT` datetime DEFAULT NULL,
  `UPDATED_AT` datetime DEFAULT NULL
) ENGINE=InnoDB AUTO_INCREMENT=1244 DEFAULT CHARSET=latin1;

--
-- Dumping data for table `customer_order`
--

INSERT INTO `customer_order` (`ORDER_ID`, `USER_ID`, `LOCATION_ID`, `KITCHEN_ID`, `CHEF_ID`, `RIDER_ID`, `ORDER_DATE`, `PAYMENT_METHOD`, `ORDER_STATUS`, `NOTES`, `CREATED_AT`, `UPDATED_AT`) VALUES
(1235, 10, 3, 1, 4, NULL, '2018-01-06 12:30:28', 'MOBILE', 'ORDER READY', NULL, '2018-01-06 12:30:29', '2018-01-14 00:22:36'),
(1236, 5, 4, 1, 4, NULL, '2018-01-07 20:54:27', 'MOBILE', 'ORDER READY', NULL, '2018-01-07 20:54:27', '2018-01-14 13:59:14'),
(1237, 10, 15, NULL, NULL, NULL, '2018-01-14 00:54:38', 'MOBILE', 'ORDER CONFIRMED', NULL, '2018-01-14 00:54:38', '2018-01-14 12:20:02'),
(1238, 25, 3, NULL, NULL, NULL, '2018-01-14 14:41:32', 'MOBILE', 'PAYMENT PENDING', NULL, '2018-01-14 14:41:32', '2018-01-14 14:41:32'),
(1239, 58, 5, NULL, NULL, NULL, '2018-01-14 14:47:01', 'MOBILE', 'PAYMENT PENDING', NULL, '2018-01-14 14:47:01', '2018-01-14 14:47:01'),
(1240, 25, 5, NULL, NULL, NULL, '2018-01-14 17:24:52', 'MOBILE', 'PAYMENT PENDING', NULL, '2018-01-14 17:24:53', '2018-01-14 17:24:53'),
(1241, 25, 1, NULL, NULL, NULL, '2018-01-14 19:47:42', 'MOBILE', 'PAYMENT PENDING', NULL, '2018-01-14 19:47:42', '2018-01-14 19:47:42'),
(1242, 25, 5, NULL, NULL, NULL, '2018-01-15 09:44:23', 'MOBILE', 'PAYMENT PENDING', NULL, '2018-01-15 09:44:24', '2018-01-15 09:44:24'),
(1243, 25, 3, 1, 4, NULL, '2018-01-15 11:36:04', 'MOBILE', 'UNDER PREPARATION', NULL, '2018-01-15 11:36:04', '2018-01-15 12:09:34');

-- --------------------------------------------------------

--
-- Table structure for table `customer_order_item`
--

DROP TABLE IF EXISTS `customer_order_item`;
CREATE TABLE IF NOT EXISTS `customer_order_item` (
  `ORDER_ITEM_ID` int(11) NOT NULL,
  `ORDER_ID` bigint(10) NOT NULL,
  `ITEM_TYPE_ID` bigint(10) NOT NULL,
  `QUANTITY` int(4) NOT NULL,
  `PRICE` decimal(10,0) NOT NULL,
  `SUBTOTAL` decimal(10,0) NOT NULL,
  `OPTIONS` varchar(100) COLLATE utf8_unicode_ci DEFAULT NULL,
  `NOTES` varchar(200) COLLATE utf8_unicode_ci DEFAULT NULL,
  `CREATED_AT` datetime NOT NULL,
  `UPDATED_AT` datetime DEFAULT NULL
) ENGINE=InnoDB AUTO_INCREMENT=188 DEFAULT CHARSET=utf8 COLLATE=utf8_unicode_ci;

--
-- Dumping data for table `customer_order_item`
--

INSERT INTO `customer_order_item` (`ORDER_ITEM_ID`, `ORDER_ID`, `ITEM_TYPE_ID`, `QUANTITY`, `PRICE`, `SUBTOTAL`, `OPTIONS`, `NOTES`, `CREATED_AT`, `UPDATED_AT`) VALUES
(177, 1235, 31, 1, '1', '1', 'N/A', NULL, '2018-01-06 12:30:29', NULL),
(178, 1236, 5, 1, '13', '13', 'N/A', NULL, '2018-01-07 20:54:27', NULL),
(179, 1236, 31, 1, '1', '1', 'N/A', NULL, '2018-01-07 20:54:27', NULL),
(180, 1237, 4, 1, '15', '15', 'N/A', NULL, '2018-01-14 00:54:38', NULL),
(181, 1237, 5, 1, '13', '13', 'N/A', NULL, '2018-01-14 00:54:38', NULL),
(182, 1238, 10, 9, '15', '135', 'N/A', NULL, '2018-01-14 14:41:32', NULL),
(183, 1239, 4, 1, '15', '15', 'N/A', NULL, '2018-01-14 14:47:01', NULL),
(184, 1240, 8, 1, '15', '15', 'N/A', NULL, '2018-01-14 17:24:53', NULL),
(185, 1241, 3, 1, '13', '13', 'N/A', NULL, '2018-01-14 19:47:42', NULL),
(186, 1242, 3, 9, '13', '117', 'N/A', NULL, '2018-01-15 09:44:23', NULL),
(187, 1243, 3, 1, '13', '13', 'N/A', NULL, '2018-01-15 11:36:04', NULL);

-- --------------------------------------------------------

--
-- Table structure for table `db_cache`
--

DROP TABLE IF EXISTS `db_cache`;
CREATE TABLE IF NOT EXISTS `db_cache` (
  `id` char(128) NOT NULL,
  `expire` int(11) DEFAULT NULL,
  `data` blob
) ENGINE=InnoDB DEFAULT CHARSET=latin1;

--
-- Dumping data for table `db_cache`
--

INSERT INTO `db_cache` (`id`, `expire`, `data`) VALUES
('963454f612a8b5fb4a63ba1e97f028a1', 0, 0x613a323a7b693a303b613a323a7b693a303b613a32333a7b693a303b4f3a31353a227969695c7765625c55726c52756c65223a31363a7b733a343a226e616d65223b733a32353a223c636f6e74726f6c6c65723a5c772b3e2f3c69643a5c642b3e223b733a373a227061747465726e223b733a34323a22235e283f503c6134636632363639613e5c772b292f283f503c6162663339363735303e5c642b29242375223b733a343a22686f7374223b4e3b733a353a22726f757465223b733a31373a223c636f6e74726f6c6c65723e2f76696577223b733a383a2264656661756c7473223b613a303a7b7d733a363a22737566666978223b4e3b733a343a2276657262223b4e3b733a343a226d6f6465223b4e3b733a31323a22656e636f6465506172616d73223b623a313b733a31303a226e6f726d616c697a6572223b4e3b733a31353a22002a00637265617465537461747573223b4e3b733a31353a22002a00706c616365686f6c64657273223b613a323a7b733a393a22613463663236363961223b733a31303a22636f6e74726f6c6c6572223b733a393a22616266333936373530223b733a323a226964223b7d733a32363a22007969695c7765625c55726c52756c65005f74656d706c617465223b733a31393a222f3c636f6e74726f6c6c65723e2f3c69643e2f223b733a32373a22007969695c7765625c55726c52756c65005f726f75746552756c65223b733a32383a22235e283f503c6134636632363639613e5c772b292f76696577242375223b733a32383a22007969695c7765625c55726c52756c65005f706172616d52756c6573223b613a313a7b733a323a226964223b733a383a22235e5c642b242375223b7d733a32393a22007969695c7765625c55726c52756c65005f726f757465506172616d73223b613a313a7b733a31303a22636f6e74726f6c6c6572223b733a31323a223c636f6e74726f6c6c65723e223b7d7d693a313b4f3a31353a227969695c7765625c55726c52756c65223a31363a7b733a343a226e616d65223b733a33383a223c636f6e74726f6c6c65723a5c772b3e2f3c616374696f6e3a5c772b3e2f3c69643a5c642b3e223b733a373a227061747465726e223b733a36313a22235e283f503c6134636632363639613e5c772b292f283f503c6134376363386339323e5c772b292f283f503c6162663339363735303e5c642b29242375223b733a343a22686f7374223b4e3b733a353a22726f757465223b733a32313a223c636f6e74726f6c6c65723e2f3c616374696f6e3e223b733a383a2264656661756c7473223b613a303a7b7d733a363a22737566666978223b4e3b733a343a2276657262223b4e3b733a343a226d6f6465223b4e3b733a31323a22656e636f6465506172616d73223b623a313b733a31303a226e6f726d616c697a6572223b4e3b733a31353a22002a00637265617465537461747573223b4e3b733a31353a22002a00706c616365686f6c64657273223b613a333a7b733a393a22613463663236363961223b733a31303a22636f6e74726f6c6c6572223b733a393a22613437636338633932223b733a363a22616374696f6e223b733a393a22616266333936373530223b733a323a226964223b7d733a32363a22007969695c7765625c55726c52756c65005f74656d706c617465223b733a32383a222f3c636f6e74726f6c6c65723e2f3c616374696f6e3e2f3c69643e2f223b733a32373a22007969695c7765625c55726c52756c65005f726f75746552756c65223b733a34323a22235e283f503c6134636632363639613e5c772b292f283f503c6134376363386339323e5c772b29242375223b733a32383a22007969695c7765625c55726c52756c65005f706172616d52756c6573223b613a313a7b733a323a226964223b733a383a22235e5c642b242375223b7d733a32393a22007969695c7765625c55726c52756c65005f726f757465506172616d73223b613a323a7b733a31303a22636f6e74726f6c6c6572223b733a31323a223c636f6e74726f6c6c65723e223b733a363a22616374696f6e223b733a383a223c616374696f6e3e223b7d7d693a323b4f3a31353a227969695c7765625c55726c52756c65223a31363a7b733a343a226e616d65223b733a32393a223c636f6e74726f6c6c65723a5c772b3e2f3c616374696f6e3a5c772b3e223b733a373a227061747465726e223b733a34323a22235e283f503c6134636632363639613e5c772b292f283f503c6134376363386339323e5c772b29242375223b733a343a22686f7374223b4e3b733a353a22726f757465223b733a32313a223c636f6e74726f6c6c65723e2f3c616374696f6e3e223b733a383a2264656661756c7473223b613a303a7b7d733a363a22737566666978223b4e3b733a343a2276657262223b4e3b733a343a226d6f6465223b4e3b733a31323a22656e636f6465506172616d73223b623a313b733a31303a226e6f726d616c697a6572223b4e3b733a31353a22002a00637265617465537461747573223b4e3b733a31353a22002a00706c616365686f6c64657273223b613a323a7b733a393a22613463663236363961223b733a31303a22636f6e74726f6c6c6572223b733a393a22613437636338633932223b733a363a22616374696f6e223b7d733a32363a22007969695c7765625c55726c52756c65005f74656d706c617465223b733a32333a222f3c636f6e74726f6c6c65723e2f3c616374696f6e3e2f223b733a32373a22007969695c7765625c55726c52756c65005f726f75746552756c65223b733a34323a22235e283f503c6134636632363639613e5c772b292f283f503c6134376363386339323e5c772b29242375223b733a32383a22007969695c7765625c55726c52756c65005f706172616d52756c6573223b613a303a7b7d733a32393a22007969695c7765625c55726c52756c65005f726f757465506172616d73223b613a323a7b733a31303a22636f6e74726f6c6c6572223b733a31323a223c636f6e74726f6c6c65723e223b733a363a22616374696f6e223b733a383a223c616374696f6e3e223b7d7d693a333b4f3a31353a227969695c7765625c55726c52756c65223a31363a7b733a343a226e616d65223b733a313a222f223b733a373a227061747465726e223b733a353a22235e242375223b733a343a22686f7374223b4e3b733a353a22726f757465223b733a31303a22736974652f696e646578223b733a383a2264656661756c7473223b613a303a7b7d733a363a22737566666978223b4e3b733a343a2276657262223b4e3b733a343a226d6f6465223b4e3b733a31323a22656e636f6465506172616d73223b623a313b733a31303a226e6f726d616c697a6572223b4e3b733a31353a22002a00637265617465537461747573223b4e3b733a31353a22002a00706c616365686f6c64657273223b613a303a7b7d733a32363a22007969695c7765625c55726c52756c65005f74656d706c617465223b733a303a22223b733a32373a22007969695c7765625c55726c52756c65005f726f75746552756c65223b4e3b733a32383a22007969695c7765625c55726c52756c65005f706172616d52756c6573223b613a303a7b7d733a32393a22007969695c7765625c55726c52756c65005f726f757465506172616d73223b613a303a7b7d7d693a343b4f3a31353a227969695c7765625c55726c52756c65223a31363a7b733a343a226e616d65223b733a393a226d792d73616c6f6e73223b733a373a227061747465726e223b733a31343a22235e6d792d73616c6f6e73242375223b733a343a22686f7374223b4e3b733a353a22726f757465223b733a31313a2273616c6f6e2f696e646578223b733a383a2264656661756c7473223b613a303a7b7d733a363a22737566666978223b4e3b733a343a2276657262223b4e3b733a343a226d6f6465223b4e3b733a31323a22656e636f6465506172616d73223b623a313b733a31303a226e6f726d616c697a6572223b4e3b733a31353a22002a00637265617465537461747573223b4e3b733a31353a22002a00706c616365686f6c64657273223b613a303a7b7d733a32363a22007969695c7765625c55726c52756c65005f74656d706c617465223b733a31313a222f6d792d73616c6f6e732f223b733a32373a22007969695c7765625c55726c52756c65005f726f75746552756c65223b4e3b733a32383a22007969695c7765625c55726c52756c65005f706172616d52756c6573223b613a303a7b7d733a32393a22007969695c7765625c55726c52756c65005f726f757465506172616d73223b613a303a7b7d7d693a353b4f3a31353a227969695c7765625c55726c52756c65223a31363a7b733a343a226e616d65223b733a383a226d792d7374616666223b733a373a227061747465726e223b733a31333a22235e6d792d7374616666242375223b733a343a22686f7374223b4e3b733a353a22726f757465223b733a31313a2273746166662f696e646578223b733a383a2264656661756c7473223b613a303a7b7d733a363a22737566666978223b4e3b733a343a2276657262223b4e3b733a343a226d6f6465223b4e3b733a31323a22656e636f6465506172616d73223b623a313b733a31303a226e6f726d616c697a6572223b4e3b733a31353a22002a00637265617465537461747573223b4e3b733a31353a22002a00706c616365686f6c64657273223b613a303a7b7d733a32363a22007969695c7765625c55726c52756c65005f74656d706c617465223b733a31303a222f6d792d73746166662f223b733a32373a22007969695c7765625c55726c52756c65005f726f75746552756c65223b4e3b733a32383a22007969695c7765625c55726c52756c65005f706172616d52756c6573223b613a303a7b7d733a32393a22007969695c7765625c55726c52756c65005f726f757465506172616d73223b613a303a7b7d7d693a363b4f3a31353a227969695c7765625c55726c52756c65223a31363a7b733a343a226e616d65223b733a31313a226d792d7061796d656e7473223b733a373a227061747465726e223b733a31363a22235e6d792d7061796d656e7473242375223b733a343a22686f7374223b4e3b733a353a22726f757465223b733a31333a227061796d656e742f696e646578223b733a383a2264656661756c7473223b613a303a7b7d733a363a22737566666978223b4e3b733a343a2276657262223b4e3b733a343a226d6f6465223b4e3b733a31323a22656e636f6465506172616d73223b623a313b733a31303a226e6f726d616c697a6572223b4e3b733a31353a22002a00637265617465537461747573223b4e3b733a31353a22002a00706c616365686f6c64657273223b613a303a7b7d733a32363a22007969695c7765625c55726c52756c65005f74656d706c617465223b733a31333a222f6d792d7061796d656e74732f223b733a32373a22007969695c7765625c55726c52756c65005f726f75746552756c65223b4e3b733a32383a22007969695c7765625c55726c52756c65005f706172616d52756c6573223b613a303a7b7d733a32393a22007969695c7765625c55726c52756c65005f726f757465506172616d73223b613a303a7b7d7d693a373b4f3a31353a227969695c7765625c55726c52756c65223a31363a7b733a343a226e616d65223b733a31363a2270656e64696e672d7061796d656e7473223b733a373a227061747465726e223b733a32313a22235e70656e64696e672d7061796d656e7473242375223b733a343a22686f7374223b4e3b733a353a22726f757465223b733a32343a227061796d656e742f70656e64696e672d7061796d656e7473223b733a383a2264656661756c7473223b613a303a7b7d733a363a22737566666978223b4e3b733a343a2276657262223b4e3b733a343a226d6f6465223b4e3b733a31323a22656e636f6465506172616d73223b623a313b733a31303a226e6f726d616c697a6572223b4e3b733a31353a22002a00637265617465537461747573223b4e3b733a31353a22002a00706c616365686f6c64657273223b613a303a7b7d733a32363a22007969695c7765625c55726c52756c65005f74656d706c617465223b733a31383a222f70656e64696e672d7061796d656e74732f223b733a32373a22007969695c7765625c55726c52756c65005f726f75746552756c65223b4e3b733a32383a22007969695c7765625c55726c52756c65005f706172616d52756c6573223b613a303a7b7d733a32393a22007969695c7765625c55726c52756c65005f726f757465506172616d73223b613a303a7b7d7d693a383b4f3a31353a227969695c7765625c55726c52756c65223a31363a7b733a343a226e616d65223b733a31353a22636f6e6669726d2d7061796d656e74223b733a373a227061747465726e223b733a32303a22235e636f6e6669726d2d7061796d656e74242375223b733a343a22686f7374223b4e3b733a353a22726f757465223b733a32333a227061796d656e742f636f6e6669726d2d7061796d656e74223b733a383a2264656661756c7473223b613a303a7b7d733a363a22737566666978223b4e3b733a343a2276657262223b4e3b733a343a226d6f6465223b4e3b733a31323a22656e636f6465506172616d73223b623a313b733a31303a226e6f726d616c697a6572223b4e3b733a31353a22002a00637265617465537461747573223b4e3b733a31353a22002a00706c616365686f6c64657273223b613a303a7b7d733a32363a22007969695c7765625c55726c52756c65005f74656d706c617465223b733a31373a222f636f6e6669726d2d7061796d656e742f223b733a32373a22007969695c7765625c55726c52756c65005f726f75746552756c65223b4e3b733a32383a22007969695c7765625c55726c52756c65005f706172616d52756c6573223b613a303a7b7d733a32393a22007969695c7765625c55726c52756c65005f726f757465506172616d73223b613a303a7b7d7d693a393b4f3a31353a227969695c7765625c55726c52756c65223a31363a7b733a343a226e616d65223b733a31383a2266696e616c697a65642d7061796d656e7473223b733a373a227061747465726e223b733a32333a22235e66696e616c697a65642d7061796d656e7473242375223b733a343a22686f7374223b4e3b733a353a22726f757465223b733a32363a227061796d656e742f66696e616c697a65642d7061796d656e7473223b733a383a2264656661756c7473223b613a303a7b7d733a363a22737566666978223b4e3b733a343a2276657262223b4e3b733a343a226d6f6465223b4e3b733a31323a22656e636f6465506172616d73223b623a313b733a31303a226e6f726d616c697a6572223b4e3b733a31353a22002a00637265617465537461747573223b4e3b733a31353a22002a00706c616365686f6c64657273223b613a303a7b7d733a32363a22007969695c7765625c55726c52756c65005f74656d706c617465223b733a32303a222f66696e616c697a65642d7061796d656e74732f223b733a32373a22007969695c7765625c55726c52756c65005f726f75746552756c65223b4e3b733a32383a22007969695c7765625c55726c52756c65005f706172616d52756c6573223b613a303a7b7d733a32393a22007969695c7765625c55726c52756c65005f726f757465506172616d73223b613a303a7b7d7d693a31303b4f3a31353a227969695c7765625c55726c52756c65223a31363a7b733a343a226e616d65223b733a31313a226d792d626f6f6b696e6773223b733a373a227061747465726e223b733a31363a22235e6d792d626f6f6b696e6773242375223b733a343a22686f7374223b4e3b733a353a22726f757465223b733a31373a227265736572766174696f6e2f696e646578223b733a383a2264656661756c7473223b613a303a7b7d733a363a22737566666978223b4e3b733a343a2276657262223b4e3b733a343a226d6f6465223b4e3b733a31323a22656e636f6465506172616d73223b623a313b733a31303a226e6f726d616c697a6572223b4e3b733a31353a22002a00637265617465537461747573223b4e3b733a31353a22002a00706c616365686f6c64657273223b613a303a7b7d733a32363a22007969695c7765625c55726c52756c65005f74656d706c617465223b733a31333a222f6d792d626f6f6b696e67732f223b733a32373a22007969695c7765625c55726c52756c65005f726f75746552756c65223b4e3b733a32383a22007969695c7765625c55726c52756c65005f706172616d52756c6573223b613a303a7b7d733a32393a22007969695c7765625c55726c52756c65005f726f757465506172616d73223b613a303a7b7d7d693a31313b4f3a31353a227969695c7765625c55726c52756c65223a31363a7b733a343a226e616d65223b733a31313a226164642d73657276696365223b733a373a227061747465726e223b733a31363a22235e6164642d73657276696365242375223b733a343a22686f7374223b4e3b733a353a22726f757465223b733a32303a2273616c6f6e73657276696365732f637265617465223b733a383a2264656661756c7473223b613a303a7b7d733a363a22737566666978223b4e3b733a343a2276657262223b4e3b733a343a226d6f6465223b4e3b733a31323a22656e636f6465506172616d73223b623a313b733a31303a226e6f726d616c697a6572223b4e3b733a31353a22002a00637265617465537461747573223b4e3b733a31353a22002a00706c616365686f6c64657273223b613a303a7b7d733a32363a22007969695c7765625c55726c52756c65005f74656d706c617465223b733a31333a222f6164642d736572766963652f223b733a32373a22007969695c7765625c55726c52756c65005f726f75746552756c65223b4e3b733a32383a22007969695c7765625c55726c52756c65005f706172616d52756c6573223b613a303a7b7d733a32393a22007969695c7765625c55726c52756c65005f726f757465506172616d73223b613a303a7b7d7d693a31323b4f3a31353a227969695c7765625c55726c52756c65223a31363a7b733a343a226e616d65223b733a31343a2261737369676e2d73657276696365223b733a373a227061747465726e223b733a31393a22235e61737369676e2d73657276696365242375223b733a343a22686f7374223b4e3b733a353a22726f757465223b733a32313a22626f6f6b65642f61737369676e2d73657276696365223b733a383a2264656661756c7473223b613a303a7b7d733a363a22737566666978223b4e3b733a343a2276657262223b4e3b733a343a226d6f6465223b4e3b733a31323a22656e636f6465506172616d73223b623a313b733a31303a226e6f726d616c697a6572223b4e3b733a31353a22002a00637265617465537461747573223b4e3b733a31353a22002a00706c616365686f6c64657273223b613a303a7b7d733a32363a22007969695c7765625c55726c52756c65005f74656d706c617465223b733a31363a222f61737369676e2d736572766963652f223b733a32373a22007969695c7765625c55726c52756c65005f726f75746552756c65223b4e3b733a32383a22007969695c7765625c55726c52756c65005f706172616d52756c6573223b613a303a7b7d733a32393a22007969695c7765625c55726c52756c65005f726f757465506172616d73223b613a303a7b7d7d693a31333b4f3a31353a227969695c7765625c55726c52756c65223a31363a7b733a343a226e616d65223b733a31353a22636f6e6669726d2d73657276696365223b733a373a227061747465726e223b733a32303a22235e636f6e6669726d2d73657276696365242375223b733a343a22686f7374223b4e3b733a353a22726f757465223b733a32323a22626f6f6b65642f636f6e6669726d2d73657276696365223b733a383a2264656661756c7473223b613a303a7b7d733a363a22737566666978223b4e3b733a343a2276657262223b4e3b733a343a226d6f6465223b4e3b733a31323a22656e636f6465506172616d73223b623a313b733a31303a226e6f726d616c697a6572223b4e3b733a31353a22002a00637265617465537461747573223b4e3b733a31353a22002a00706c616365686f6c64657273223b613a303a7b7d733a32363a22007969695c7765625c55726c52756c65005f74656d706c617465223b733a31373a222f636f6e6669726d2d736572766963652f223b733a32373a22007969695c7765625c55726c52756c65005f726f75746552756c65223b4e3b733a32383a22007969695c7765625c55726c52756c65005f706172616d52756c6573223b613a303a7b7d733a32393a22007969695c7765625c55726c52756c65005f726f757465506172616d73223b613a303a7b7d7d693a31343b4f3a31353a227969695c7765625c55726c52756c65223a31363a7b733a343a226e616d65223b733a31393a22636f6e6669726d2d7265736572766174696f6e223b733a373a227061747465726e223b733a32343a22235e636f6e6669726d2d7265736572766174696f6e242375223b733a343a22686f7374223b4e3b733a353a22726f757465223b733a33313a227265736572766174696f6e2f636f6e6669726d2d7265736572766174696f6e223b733a383a2264656661756c7473223b613a303a7b7d733a363a22737566666978223b4e3b733a343a2276657262223b4e3b733a343a226d6f6465223b4e3b733a31323a22656e636f6465506172616d73223b623a313b733a31303a226e6f726d616c697a6572223b4e3b733a31353a22002a00637265617465537461747573223b4e3b733a31353a22002a00706c616365686f6c64657273223b613a303a7b7d733a32363a22007969695c7765625c55726c52756c65005f74656d706c617465223b733a32313a222f636f6e6669726d2d7265736572766174696f6e2f223b733a32373a22007969695c7765625c55726c52756c65005f726f75746552756c65223b4e3b733a32383a22007969695c7765625c55726c52756c65005f706172616d52756c6573223b613a303a7b7d733a32393a22007969695c7765625c55726c52756c65005f726f757465506172616d73223b613a303a7b7d7d693a31353b4f3a31353a227969695c7765625c55726c52756c65223a31363a7b733a343a226e616d65223b733a31393a2270726f636573732d7265736572766174696f6e223b733a373a227061747465726e223b733a32343a22235e70726f636573732d7265736572766174696f6e242375223b733a343a22686f7374223b4e3b733a353a22726f757465223b733a33313a227265736572766174696f6e2f70726f636573732d7265736572766174696f6e223b733a383a2264656661756c7473223b613a303a7b7d733a363a22737566666978223b4e3b733a343a2276657262223b4e3b733a343a226d6f6465223b4e3b733a31323a22656e636f6465506172616d73223b623a313b733a31303a226e6f726d616c697a6572223b4e3b733a31353a22002a00637265617465537461747573223b4e3b733a31353a22002a00706c616365686f6c64657273223b613a303a7b7d733a32363a22007969695c7765625c55726c52756c65005f74656d706c617465223b733a32313a222f70726f636573732d7265736572766174696f6e2f223b733a32373a22007969695c7765625c55726c52756c65005f726f75746552756c65223b4e3b733a32383a22007969695c7765625c55726c52756c65005f706172616d52756c6573223b613a303a7b7d733a32393a22007969695c7765625c55726c52756c65005f726f757465506172616d73223b613a303a7b7d7d693a31363b4f3a31353a227969695c7765625c55726c52756c65223a31363a7b733a343a226e616d65223b733a373a22636f6e6669726d223b733a373a227061747465726e223b733a31323a22235e636f6e6669726d242375223b733a343a22686f7374223b4e3b733a353a22726f757465223b733a31393a227265736572766174696f6e2f636f6e6669726d223b733a383a2264656661756c7473223b613a303a7b7d733a363a22737566666978223b4e3b733a343a2276657262223b4e3b733a343a226d6f6465223b4e3b733a31323a22656e636f6465506172616d73223b623a313b733a31303a226e6f726d616c697a6572223b4e3b733a31353a22002a00637265617465537461747573223b4e3b733a31353a22002a00706c616365686f6c64657273223b613a303a7b7d733a32363a22007969695c7765625c55726c52756c65005f74656d706c617465223b733a393a222f636f6e6669726d2f223b733a32373a22007969695c7765625c55726c52756c65005f726f75746552756c65223b4e3b733a32383a22007969695c7765625c55726c52756c65005f706172616d52756c6573223b613a303a7b7d733a32393a22007969695c7765625c55726c52756c65005f726f757465506172616d73223b613a303a7b7d7d693a31373b4f3a31353a227969695c7765625c55726c52756c65223a31363a7b733a343a226e616d65223b733a383a227365727669636573223b733a373a227061747465726e223b733a31333a22235e7365727669636573242375223b733a343a22686f7374223b4e3b733a353a22726f757465223b733a31333a22736572766963652f696e646578223b733a383a2264656661756c7473223b613a303a7b7d733a363a22737566666978223b4e3b733a343a2276657262223b4e3b733a343a226d6f6465223b4e3b733a31323a22656e636f6465506172616d73223b623a313b733a31303a226e6f726d616c697a6572223b4e3b733a31353a22002a00637265617465537461747573223b4e3b733a31353a22002a00706c616365686f6c64657273223b613a303a7b7d733a32363a22007969695c7765625c55726c52756c65005f74656d706c617465223b733a31303a222f73657276696365732f223b733a32373a22007969695c7765625c55726c52756c65005f726f75746552756c65223b4e3b733a32383a22007969695c7765625c55726c52756c65005f706172616d52756c6573223b613a303a7b7d733a32393a22007969695c7765625c55726c52756c65005f726f757465506172616d73223b613a303a7b7d7d693a31383b4f3a31353a227969695c7765625c55726c52756c65223a31363a7b733a343a226e616d65223b733a31323a226163746976652d7573657273223b733a373a227061747465726e223b733a31373a22235e6163746976652d7573657273242375223b733a343a22686f7374223b4e3b733a353a22726f757465223b733a31373a22757365722f6163746976652d7573657273223b733a383a2264656661756c7473223b613a303a7b7d733a363a22737566666978223b4e3b733a343a2276657262223b4e3b733a343a226d6f6465223b4e3b733a31323a22656e636f6465506172616d73223b623a313b733a31303a226e6f726d616c697a6572223b4e3b733a31353a22002a00637265617465537461747573223b4e3b733a31353a22002a00706c616365686f6c64657273223b613a303a7b7d733a32363a22007969695c7765625c55726c52756c65005f74656d706c617465223b733a31343a222f6163746976652d75736572732f223b733a32373a22007969695c7765625c55726c52756c65005f726f75746552756c65223b4e3b733a32383a22007969695c7765625c55726c52756c65005f706172616d52756c6573223b613a303a7b7d733a32393a22007969695c7765625c55726c52756c65005f726f757465506172616d73223b613a303a7b7d7d693a31393b4f3a31353a227969695c7765625c55726c52756c65223a31363a7b733a343a226e616d65223b733a31333a2270656e64696e672d7573657273223b733a373a227061747465726e223b733a31383a22235e70656e64696e672d7573657273242375223b733a343a22686f7374223b4e3b733a353a22726f757465223b733a31383a22757365722f70656e64696e672d7573657273223b733a383a2264656661756c7473223b613a303a7b7d733a363a22737566666978223b4e3b733a343a2276657262223b4e3b733a343a226d6f6465223b4e3b733a31323a22656e636f6465506172616d73223b623a313b733a31303a226e6f726d616c697a6572223b4e3b733a31353a22002a00637265617465537461747573223b4e3b733a31353a22002a00706c616365686f6c64657273223b613a303a7b7d733a32363a22007969695c7765625c55726c52756c65005f74656d706c617465223b733a31353a222f70656e64696e672d75736572732f223b733a32373a22007969695c7765625c55726c52756c65005f726f75746552756c65223b4e3b733a32383a22007969695c7765625c55726c52756c65005f706172616d52756c6573223b613a303a7b7d733a32393a22007969695c7765625c55726c52756c65005f726f757465506172616d73223b613a303a7b7d7d693a32303b4f3a31353a227969695c7765625c55726c52756c65223a31363a7b733a343a226e616d65223b733a31353a2273757370656e6465642d7573657273223b733a373a227061747465726e223b733a32303a22235e73757370656e6465642d7573657273242375223b733a343a22686f7374223b4e3b733a353a22726f757465223b733a32303a22757365722f73757370656e6465642d7573657273223b733a383a2264656661756c7473223b613a303a7b7d733a363a22737566666978223b4e3b733a343a2276657262223b4e3b733a343a226d6f6465223b4e3b733a31323a22656e636f6465506172616d73223b623a313b733a31303a226e6f726d616c697a6572223b4e3b733a31353a22002a00637265617465537461747573223b4e3b733a31353a22002a00706c616365686f6c64657273223b613a303a7b7d733a32363a22007969695c7765625c55726c52756c65005f74656d706c617465223b733a31373a222f73757370656e6465642d75736572732f223b733a32373a22007969695c7765625c55726c52756c65005f726f75746552756c65223b4e3b733a32383a22007969695c7765625c55726c52756c65005f706172616d52756c6573223b613a303a7b7d733a32393a22007969695c7765625c55726c52756c65005f726f757465506172616d73223b613a303a7b7d7d693a32313b4f3a31353a227969695c7765625c55726c52756c65223a31363a7b733a343a226e616d65223b733a31373a2264656163746976617465642d7573657273223b733a373a227061747465726e223b733a32323a22235e64656163746976617465642d7573657273242375223b733a343a22686f7374223b4e3b733a353a22726f757465223b733a32323a22757365722f64656163746976617465642d7573657273223b733a383a2264656661756c7473223b613a303a7b7d733a363a22737566666978223b4e3b733a343a2276657262223b4e3b733a343a226d6f6465223b4e3b733a31323a22656e636f6465506172616d73223b623a313b733a31303a226e6f726d616c697a6572223b4e3b733a31353a22002a00637265617465537461747573223b4e3b733a31353a22002a00706c616365686f6c64657273223b613a303a7b7d733a32363a22007969695c7765625c55726c52756c65005f74656d706c617465223b733a31393a222f64656163746976617465642d75736572732f223b733a32373a22007969695c7765625c55726c52756c65005f726f75746552756c65223b4e3b733a32383a22007969695c7765625c55726c52756c65005f706172616d52756c6573223b613a303a7b7d733a32393a22007969695c7765625c55726c52756c65005f726f757465506172616d73223b613a303a7b7d7d693a32323b4f3a31353a227969695c7765625c55726c52756c65223a31363a7b733a343a226e616d65223b733a31313a22757365722d737461747573223b733a373a227061747465726e223b733a31363a22235e757365722d737461747573242375223b733a343a22686f7374223b4e3b733a353a22726f757465223b733a31363a22757365722f757365722d737461747573223b733a383a2264656661756c7473223b613a303a7b7d733a363a22737566666978223b4e3b733a343a2276657262223b4e3b733a343a226d6f6465223b4e3b733a31323a22656e636f6465506172616d73223b623a313b733a31303a226e6f726d616c697a6572223b4e3b733a31353a22002a00637265617465537461747573223b4e3b733a31353a22002a00706c616365686f6c64657273223b613a303a7b7d733a32363a22007969695c7765625c55726c52756c65005f74656d706c617465223b733a31333a222f757365722d7374617475732f223b733a32373a22007969695c7765625c55726c52756c65005f726f75746552756c65223b4e3b733a32383a22007969695c7765625c55726c52756c65005f706172616d52756c6573223b613a303a7b7d733a32393a22007969695c7765625c55726c52756c65005f726f757465506172616d73223b613a303a7b7d7d7d693a313b733a33323a226232653031636433643535663537643638626664363364323039373561336535223b7d693a313b4e3b7d);

-- --------------------------------------------------------

--
-- Table structure for table `kitchen`
--

DROP TABLE IF EXISTS `kitchen`;
CREATE TABLE IF NOT EXISTS `kitchen` (
  `KITCHEN_ID` bigint(20) NOT NULL,
  `KITCHEN_NAME` varchar(100) NOT NULL,
  `CITY_ID` bigint(20) NOT NULL,
  `OPENING_TIME` time DEFAULT NULL,
  `CLOSING_TIME` time DEFAULT NULL,
  `ADDRESS` text
) ENGINE=InnoDB AUTO_INCREMENT=3 DEFAULT CHARSET=latin1;

--
-- Dumping data for table `kitchen`
--

INSERT INTO `kitchen` (`KITCHEN_ID`, `KITCHEN_NAME`, `CITY_ID`, `OPENING_TIME`, `CLOSING_TIME`, `ADDRESS`) VALUES
(1, 'MOGADISHU', 1, '09:56:58', '23:57:03', NULL);

-- --------------------------------------------------------

--
-- Table structure for table `location`
--

DROP TABLE IF EXISTS `location`;
CREATE TABLE IF NOT EXISTS `location` (
  `LOCATION_ID` bigint(20) NOT NULL,
  `CITY_ID` bigint(20) DEFAULT NULL,
  `LOCATION_NAME` varchar(255) NOT NULL,
  `ADDRESS` text
) ENGINE=InnoDB AUTO_INCREMENT=18 DEFAULT CHARSET=latin1;

--
-- Dumping data for table `location`
--

INSERT INTO `location` (`LOCATION_ID`, `CITY_ID`, `LOCATION_NAME`, `ADDRESS`) VALUES
(1, 1, 'Degmada Boondheere ', 'Mogadishu'),
(2, 1, 'Degmada C/Casiis', 'Mogadishu'),
(3, 1, 'Degnada Dayniile', 'Mogadishu'),
(4, 1, 'Degmada Dharkeynley', 'Mogadishu'),
(5, 1, 'Degmada Hodan', 'Mogadishu'),
(6, 1, 'Degmada Howlwadaag', 'Mogadishu'),
(7, 1, 'Degmada Heliwa', 'Mogadishu'),
(8, 1, 'Degmada Kaxda', 'Mogadishu'),
(9, 1, 'Degmada Kaaraan', 'Mogadishu'),
(10, 1, 'Degmada Shibis  ', 'Mogadishu'),
(11, 1, 'Degmada Shangaani', 'Mogadishu'),
(12, 1, 'Degmada Waabari', 'Mogadishu'),
(13, 1, 'Degmada Wadajir', 'Mogadishu'),
(14, 1, 'Degmada Warta nabada ', 'Mogadishu'),
(15, 1, 'Degmada Xamerweyne', 'Mogadishu'),
(16, 1, 'Degnada Xamerjajab', 'Mogadishu'),
(17, 1, 'Degmada Yaaqshiid', 'Mogadishu');

-- --------------------------------------------------------

--
-- Table structure for table `menu_category`
--

DROP TABLE IF EXISTS `menu_category`;
CREATE TABLE IF NOT EXISTS `menu_category` (
  `MENU_CAT_ID` bigint(10) NOT NULL,
  `MENU_CAT_NAME` varchar(50) COLLATE utf8_unicode_ci NOT NULL,
  `MENU_CAT_IMAGE` varchar(255) COLLATE utf8_unicode_ci DEFAULT NULL,
  `ACTIVE` int(1) NOT NULL DEFAULT '1',
  `RANK` int(2) NOT NULL
) ENGINE=InnoDB AUTO_INCREMENT=7 DEFAULT CHARSET=utf8 COLLATE=utf8_unicode_ci;

--
-- Dumping data for table `menu_category`
--

INSERT INTO `menu_category` (`MENU_CAT_ID`, `MENU_CAT_NAME`, `MENU_CAT_IMAGE`, `ACTIVE`, `RANK`) VALUES
(1, 'PIZZA', 'pizza.jpg', 1, 1),
(2, 'BURGERS', NULL, 0, 5),
(3, 'SALADS', NULL, 0, 3),
(4, 'SWEETS', NULL, 0, 6),
(5, 'SANDWICH', NULL, 0, 4),
(6, 'DRINKS', 'drinks.jpg', 1, 2);

-- --------------------------------------------------------

--
-- Table structure for table `menu_item`
--

DROP TABLE IF EXISTS `menu_item`;
CREATE TABLE IF NOT EXISTS `menu_item` (
  `MENU_ITEM_ID` bigint(10) NOT NULL,
  `MENU_CAT_ID` bigint(10) NOT NULL,
  `MENU_ITEM_NAME` varchar(255) COLLATE utf8_unicode_ci NOT NULL,
  `MENU_ITEM_DESC` text COLLATE utf8_unicode_ci NOT NULL,
  `MENU_ITEM_IMAGE` varchar(255) COLLATE utf8_unicode_ci NOT NULL,
  `HOT_DEAL` bit(1) NOT NULL DEFAULT b'0',
  `VEGETARIAN` bit(1) NOT NULL DEFAULT b'0',
  `MAX_QTY` int(2) NOT NULL DEFAULT '10' COMMENT 'Show the maximum number of quantities one can select from'
) ENGINE=InnoDB AUTO_INCREMENT=15 DEFAULT CHARSET=utf8 COLLATE=utf8_unicode_ci;

--
-- Dumping data for table `menu_item`
--

INSERT INTO `menu_item` (`MENU_ITEM_ID`, `MENU_CAT_ID`, `MENU_ITEM_NAME`, `MENU_ITEM_DESC`, `MENU_ITEM_IMAGE`, `HOT_DEAL`, `VEGETARIAN`, `MAX_QTY`) VALUES
(1, 1, 'MARGHERITA', 'Crushed Tomatoes, Mozzarella, Grana, Basil', 'pizza1.jpg', b'0', b'0', 20),
(2, 1, 'HAWAIIAN', 'pizza topped with tomato sauce, cheese, pineapple, and Canadian bacon or ham. Some versions may include peppers, mushrooms', 'pizza2.jpg', b'0', b'0', 20),
(3, 1, 'CHICKEN TIKKA MASALA', 'cheesy pizza topped with delicious Indian chicken tikka masala', 'pizza3.jpg', b'0', b'0', 20),
(4, 1, 'SUPREME', 'Sausage, pepperoni, mushrooms, olives, peppers, and onion', 'pizza8.jpg', b'0', b'0', 20),
(11, 6, 'FANTA', 'Soft Drink', 'fanta.jpg', b'0', b'0', 20),
(12, 6, 'COCA COLA', 'Soft Drink', 'coke.jpg', b'0', b'0', 20),
(13, 6, 'SPRITE', 'Soft Drink', 'sprite.jpg', b'0', b'0', 20),
(14, 6, 'DASANI', 'Mineral water', 'dasani.png', b'0', b'0', 20);

-- --------------------------------------------------------

--
-- Table structure for table `menu_item_type`
--

DROP TABLE IF EXISTS `menu_item_type`;
CREATE TABLE IF NOT EXISTS `menu_item_type` (
  `ITEM_TYPE_ID` bigint(11) NOT NULL,
  `MENU_ITEM_ID` bigint(11) NOT NULL,
  `ITEM_TYPE_SIZE` varchar(15) DEFAULT NULL,
  `PRICE` decimal(10,2) NOT NULL,
  `AVAILABLE` bit(1) NOT NULL DEFAULT b'1'
) ENGINE=InnoDB AUTO_INCREMENT=32 DEFAULT CHARSET=latin1;

--
-- Dumping data for table `menu_item_type`
--

INSERT INTO `menu_item_type` (`ITEM_TYPE_ID`, `MENU_ITEM_ID`, `ITEM_TYPE_SIZE`, `PRICE`, `AVAILABLE`) VALUES
(1, 1, 'LARGE', '15.00', b'1'),
(2, 1, 'SMALL', '11.00', b'1'),
(3, 2, 'MEDIUM', '13.00', b'1'),
(4, 4, 'LARGE', '15.00', b'1'),
(5, 3, 'MEDIUM', '13.00', b'1'),
(6, 1, 'MEDIUM', '13.00', b'1'),
(7, 2, 'SMALL', '11.00', b'1'),
(8, 2, 'LARGE', '15.00', b'1'),
(9, 3, 'SMALL', '11.00', b'1'),
(10, 3, 'LARGE', '15.00', b'1'),
(19, 11, '500ML', '1.00', b'1'),
(23, 12, '500ML', '1.00', b'1'),
(27, 13, '500ML', '1.00', b'1'),
(31, 14, '500ML', '1.00', b'1');

-- --------------------------------------------------------

--
-- Table structure for table `my_session`
--

DROP TABLE IF EXISTS `my_session`;
CREATE TABLE IF NOT EXISTS `my_session` (
  `id` char(60) NOT NULL,
  `expire` int(11) DEFAULT NULL,
  `data` longblob,
  `user_id` bigint(20) DEFAULT NULL,
  `user_name` varchar(20) DEFAULT NULL
) ENGINE=InnoDB DEFAULT CHARSET=latin1;

--
-- Dumping data for table `my_session`
--

INSERT INTO `my_session` (`id`, `expire`, `data`, `user_id`, `user_name`) VALUES
('079e5fae24a9038cc1010f01fcb6cb24', 1516267147, 0x5f5f666c6173687c613a303a7b7d5f5f72657475726e55726c7c733a373a222f6f7264657273223b, 0, '0'),
('10ab9ce68fbec60df1eb4a49114fb181', 1516273445, 0x5f5f666c6173687c613a303a7b7d5f5f69647c693a31313b5f5f6578706972657c693a313531363237333434353b, 11, 'ADMIN'),
('289f5fd8e827db5620243759d6e8b5c1', 1516126379, 0x5f5f666c6173687c613a303a7b7d5f5f72657475726e55726c7c733a31333a222f6f72646572732f696e646578223b, 0, '0'),
('33fc5fdc30f03ab6ba2a76ead5758f07', 1516350873, 0x5f5f666c6173687c613a303a7b7d5f5f72657475726e55726c7c733a32343a222f637573746f6d65722f6f72646572732f70656e64696e67223b, 0, '0'),
('3a82e68e48c72007fe6c32c372e835ab', 1516350876, 0x5f5f666c6173687c613a303a7b7d5f5f72657475726e55726c7c733a32363a222f637573746f6d65722f6f72646572732f636f6e6669726d6564223b, 0, '0'),
('4436254e2a6417c22ef2c7d2166aa15d', 1516351530, 0x5f5f666c6173687c613a303a7b7d5f5f72657475726e55726c7c733a31333a222f6b69746368656e7175657565223b, 0, '0'),
('4594738d2399ad0a0326f55042df3490', 1516352975, 0x5f5f666c6173687c613a303a7b7d5f5f69647c693a31313b5f5f6578706972657c693a313531363335323937343b, 11, 'ADMIN'),
('52fcf04a480fe1adbc6dabb99147e3c8', 1516110593, 0x5f5f666c6173687c613a303a7b7d, 0, '0'),
('5de3285bc6a6d524e14cdd651f4ee099', 1516350848, 0x5f5f666c6173687c613a303a7b7d5f5f72657475726e55726c7c733a393a222f637573746f6d6572223b, 0, '0'),
('66a1a4428d06c2bfc25781fa5a405fdd', 1516126379, 0x5f5f666c6173687c613a303a7b7d5f5f69647c693a31313b5f5f6578706972657c693a313531363132363337393b, 11, 'ADMIN'),
('69d7ed657735043f965a0073c5ace531', 1516267172, 0x5f5f666c6173687c613a303a7b7d5f5f72657475726e55726c7c733a31333a222f6f72646572732f696e646578223b, 0, '0'),
('7b4ce255ea72af28455ac4c4766ddb71', 1516267190, 0x5f5f666c6173687c613a303a7b7d5f5f72657475726e55726c7c733a31393a222f6f72646572732f7570646174652f31323337223b, 0, '0'),
('8b84971ba868c8e75a1b710cfaa084e9', 1516350881, 0x5f5f666c6173687c613a303a7b7d5f5f72657475726e55726c7c733a32363a222f637573746f6d65722f6f72646572732f63616e63656c6c6564223b, 0, '0'),
('9435f3480d8ab4d14cf3f58d9c705f82', 1516351925, 0x5f5f666c6173687c613a303a7b7d5f5f72657475726e55726c7c733a32323a222f6f72646572732f61737369676e2d6b69746368656e223b, 0, '0'),
('ab1b27e5d9d65c26b277ac2de5139403', 1516352933, 0x5f5f666c6173687c613a303a7b7d5f5f72657475726e55726c7c733a32353a222f6b69746368656e71756575652f61737369676e2d63686566223b, 0, '0'),
('ad3d70291b1eb1db84bdecfae6d436b7', 1516350879, 0x5f5f666c6173687c613a303a7b7d5f5f72657475726e55726c7c733a32333a222f637573746f6d65722f6f72646572732f636c6f736564223b, 0, '0'),
('d112cf6d4351cb1e76bcfeee177aeff5', 1516352587, 0x5f5f666c6173687c613a303a7b7d5f5f69647c693a31313b5f5f6578706972657c693a313531363335323538373b, 11, 'ADMIN'),
('d9a685341eb11b9d4916b5ab159e6ce1', 1516352964, 0x5f5f666c6173687c613a303a7b7d5f5f69647c693a31313b5f5f6578706972657c693a313531363238323239343b, 11, 'ADMIN'),
('e91fca809cf3c8f3ba79c4feb2030059', 1516352974, 0x5f5f666c6173687c613a303a7b7d5f5f72657475726e55726c7c733a31393a222f6b69746368656e71756575652f696e646578223b, 0, '0'),
('f77813dba2bc8e3f26af46cb409b4b1c', 1516351829, 0x5f5f666c6173687c613a303a7b7d5f5f72657475726e55726c7c733a31393a222f6f72646572732f7570646174652f31323433223b, 0, '0');

-- --------------------------------------------------------

--
-- Table structure for table `order_tracking`
--

DROP TABLE IF EXISTS `order_tracking`;
CREATE TABLE IF NOT EXISTS `order_tracking` (
  `TRACKING_ID` bigint(10) NOT NULL,
  `ORDER_ID` bigint(10) NOT NULL,
  `COMMENTS` varchar(255) DEFAULT NULL,
  `STATUS` varchar(30) NOT NULL,
  `TRACKING_DATE` datetime DEFAULT NULL,
  `USER_VISIBLE` bit(1) NOT NULL DEFAULT b'1'
) ENGINE=InnoDB AUTO_INCREMENT=362 DEFAULT CHARSET=latin1;

--
-- Dumping data for table `order_tracking`
--

INSERT INTO `order_tracking` (`TRACKING_ID`, `ORDER_ID`, `COMMENTS`, `STATUS`, `TRACKING_DATE`, `USER_VISIBLE`) VALUES
(341, 1235, NULL, 'PAYMENT PENDING', '2018-01-06 12:30:29', b'1'),
(342, 1236, NULL, 'PAYMENT PENDING', '2018-01-07 20:54:27', b'1'),
(343, 1235, NULL, 'ORDER CONFIRMED', '2018-01-14 00:22:05', b'1'),
(344, 1235, NULL, 'KITCHEN ALLOCATED', '2018-01-14 00:22:15', b'1'),
(345, 1235, NULL, 'UNDER PREPARATION', '2018-01-14 00:22:28', b'1'),
(346, 1235, NULL, 'ORDER READY', '2018-01-14 00:22:36', b'1'),
(347, 1237, NULL, 'PAYMENT PENDING', '2018-01-14 00:54:38', b'1'),
(348, 1237, NULL, 'ORDER CONFIRMED', '2018-01-14 12:20:02', b'1'),
(349, 1236, NULL, 'ORDER CONFIRMED', '2018-01-14 13:50:41', b'1'),
(350, 1236, NULL, 'KITCHEN ALLOCATED', '2018-01-14 13:51:22', b'1'),
(351, 1236, NULL, 'UNDER PREPARATION', '2018-01-14 13:58:38', b'1'),
(352, 1236, NULL, 'ORDER READY', '2018-01-14 13:59:14', b'1'),
(353, 1238, NULL, 'PAYMENT PENDING', '2018-01-14 14:41:32', b'1'),
(354, 1239, NULL, 'PAYMENT PENDING', '2018-01-14 14:47:01', b'1'),
(355, 1240, NULL, 'PAYMENT PENDING', '2018-01-14 17:24:53', b'1'),
(356, 1241, NULL, 'PAYMENT PENDING', '2018-01-14 19:47:42', b'1'),
(357, 1242, NULL, 'PAYMENT PENDING', '2018-01-15 09:44:24', b'1'),
(358, 1243, NULL, 'PAYMENT PENDING', '2018-01-15 11:36:04', b'1'),
(359, 1243, NULL, 'ORDER CONFIRMED', '2018-01-15 11:50:54', b'1'),
(360, 1243, NULL, 'KITCHEN ALLOCATED', '2018-01-15 11:52:27', b'1'),
(361, 1243, NULL, 'UNDER PREPARATION', '2018-01-15 12:09:34', b'1');

-- --------------------------------------------------------

--
-- Table structure for table `payment`
--

DROP TABLE IF EXISTS `payment`;
CREATE TABLE IF NOT EXISTS `payment` (
  `PAYMENT_ID` bigint(20) NOT NULL,
  `ORDER_ID` bigint(20) DEFAULT NULL,
  `PAYMENT_CHANNEL` varchar(255) NOT NULL,
  `PAYMENT_AMOUNT` decimal(10,2) NOT NULL,
  `PAYMENT_REF` varchar(255) NOT NULL,
  `PAYMENT_STATUS` varchar(30) DEFAULT NULL,
  `PAYMENT_DATE` datetime NOT NULL,
  `PAYMENT_NOTES` varchar(255) DEFAULT NULL,
  `PAYMENT_NUMBER` varchar(30) DEFAULT NULL
) ENGINE=InnoDB AUTO_INCREMENT=34 DEFAULT CHARSET=latin1;

-- --------------------------------------------------------

--
-- Table structure for table `riders`
--

DROP TABLE IF EXISTS `riders`;
CREATE TABLE IF NOT EXISTS `riders` (
  `RIDER_ID` bigint(10) NOT NULL,
  `USER_ID` bigint(10) DEFAULT NULL,
  `KITCHEN_ID` bigint(10) DEFAULT NULL,
  `RIDER_STATUS` bit(1) NOT NULL DEFAULT b'1'
) ENGINE=InnoDB AUTO_INCREMENT=5 DEFAULT CHARSET=latin1;

-- --------------------------------------------------------

--
-- Table structure for table `tb_cart`
--

DROP TABLE IF EXISTS `tb_cart`;
CREATE TABLE IF NOT EXISTS `tb_cart` (
  `CART_ITEM_ID` bigint(10) NOT NULL,
  `USER_ID` bigint(20) NOT NULL,
  `ITEM_TYPE_ID` bigint(10) NOT NULL,
  `QUANTITY` int(4) NOT NULL,
  `ITEM_PRICE` decimal(10,0) NOT NULL,
  `ITEM_TYPE_SIZE` varchar(15) COLLATE utf8_unicode_ci NOT NULL,
  `NOTES` varchar(255) COLLATE utf8_unicode_ci DEFAULT NULL,
  `CART_TIMESTAMP` bigint(20) DEFAULT NULL,
  `CREATED_AT` datetime DEFAULT NULL,
  `UPDATED_AT` datetime DEFAULT NULL
) ENGINE=InnoDB AUTO_INCREMENT=246 DEFAULT CHARSET=utf8 COLLATE=utf8_unicode_ci;

--
-- Dumping data for table `tb_cart`
--

INSERT INTO `tb_cart` (`CART_ITEM_ID`, `USER_ID`, `ITEM_TYPE_ID`, `QUANTITY`, `ITEM_PRICE`, `ITEM_TYPE_SIZE`, `NOTES`, `CART_TIMESTAMP`, `CREATED_AT`, `UPDATED_AT`) VALUES
(231, 57, 3, 1, '13', 'MEDIUM', NULL, 1515641960, '2018-01-11 06:39:20', '2018-01-11 06:39:33'),
(232, 57, 19, 1, '1', '500ML', NULL, 1515641960, '2018-01-11 06:39:55', '2018-01-11 06:39:55'),
(235, 5, 1, 2, '15', 'LARGE', NULL, 1515925132, '2018-01-14 13:18:52', '2018-01-14 13:29:38'),
(239, 58, 4, 2, '15', 'LARGE', NULL, 1515946110, '2018-01-14 19:08:30', '2018-01-14 19:08:30'),
(242, 60, 3, 1, '13', 'MEDIUM', NULL, 1515999011, '2018-01-15 09:50:11', '2018-01-15 09:50:11'),
(243, 60, 31, 1, '1', '500ML', NULL, 1515999011, '2018-01-15 09:50:21', '2018-01-15 09:50:22'),
(245, 59, 5, 1, '13', 'MEDIUM', NULL, 1516006190, '2018-01-15 11:49:50', '2018-01-15 11:49:50');

-- --------------------------------------------------------

--
-- Table structure for table `tb_favs`
--

DROP TABLE IF EXISTS `tb_favs`;
CREATE TABLE IF NOT EXISTS `tb_favs` (
  `FAV_ID` bigint(20) NOT NULL,
  `MENU_ITEM_ID` bigint(20) DEFAULT NULL,
  `USER_ID` bigint(20) DEFAULT NULL
) ENGINE=InnoDB DEFAULT CHARSET=latin1;

-- --------------------------------------------------------

--
-- Table structure for table `tb_migration`
--

DROP TABLE IF EXISTS `tb_migration`;
CREATE TABLE IF NOT EXISTS `tb_migration` (
  `version` varchar(180) NOT NULL,
  `apply_time` int(11) DEFAULT NULL
) ENGINE=InnoDB DEFAULT CHARSET=latin1;

--
-- Dumping data for table `tb_migration`
--

INSERT INTO `tb_migration` (`version`, `apply_time`) VALUES
('m000000_000000_base', 1510298356),
('m160516_095943_init', 1510298358);

-- --------------------------------------------------------

--
-- Table structure for table `tb_sizes`
--

DROP TABLE IF EXISTS `tb_sizes`;
CREATE TABLE IF NOT EXISTS `tb_sizes` (
  `SIZE_ID` bigint(20) NOT NULL,
  `SIZE_TYPE` varchar(20) NOT NULL,
  `ACTIVE` bit(1) DEFAULT b'1'
) ENGINE=InnoDB AUTO_INCREMENT=8 DEFAULT CHARSET=latin1;

--
-- Dumping data for table `tb_sizes`
--

INSERT INTO `tb_sizes` (`SIZE_ID`, `SIZE_TYPE`, `ACTIVE`) VALUES
(1, 'SMALL', b'1'),
(2, 'MEDIUM', b'1'),
(3, 'LARGE', b'1'),
(4, '500ML', b'1'),
(5, '1LITRE', b'1'),
(6, '1.5LITRE', b'1'),
(7, '300ML', b'1');

-- --------------------------------------------------------

--
-- Table structure for table `tb_status`
--

DROP TABLE IF EXISTS `tb_status`;
CREATE TABLE IF NOT EXISTS `tb_status` (
  `STATUS_NAME` varchar(30) NOT NULL,
  `STATUS_DESC` varchar(100) DEFAULT NULL,
  `COLOR` varchar(10) NOT NULL DEFAULT 'GREEN',
  `SCOPE` varchar(10) NOT NULL DEFAULT 'ALL',
  `RANK` int(2) NOT NULL DEFAULT '1',
  `WORKFLOW` int(2) NOT NULL DEFAULT '1'
) ENGINE=InnoDB DEFAULT CHARSET=latin1;

--
-- Dumping data for table `tb_status`
--

INSERT INTO `tb_status` (`STATUS_NAME`, `STATUS_DESC`, `COLOR`, `SCOPE`, `RANK`, `WORKFLOW`) VALUES
('AWAITING RIDER', 'Awaiting Rider', 'BROWN', 'INACTIVE', 7, 3),
('CHEF ASSIGNED', 'Assign Chef', 'GREEN', 'INACTIVE', 4, 0),
('KITCHEN ALLOCATED', 'Transfer to Kitchen', 'GREEN', 'OFFICE', 3, 1),
('ORDER CANCELLED', 'Cancel Order', 'RED', 'ALL', 0, 0),
('ORDER CONFIRMED', 'Confirm Order', 'PURPLE', 'OFFICE', 2, 0),
('ORDER DELIVERED', 'Order Delieverd', 'RED', 'RIDER', 10, 0),
('ORDER NOT DELIVERED', 'Order Not Delivered', 'RED', 'RIDER', 12, 0),
('ORDER PENDING', 'Awaiting Processing', '#ff69b4', 'ALL', 1, 0),
('ORDER READY', 'Order Ready', 'GREEN', 'KITCHEN', 6, 2),
('PAYMENT PENDING', 'Payment Not Confirmed', 'GREEN', 'OFFICE', 11, 2),
('RIDER ASSIGNED', 'Assign Rider', 'GREEN', 'INACTIVE', 8, 4),
('RIDER DISPATCHED', 'Assign & Dispatch Rider', 'GREEN', 'KITCHEN', 9, 5),
('UNDER PREPARATION', 'Preparing Order', 'ORANGE', 'KITCHEN', 5, 1);

-- --------------------------------------------------------

--
-- Table structure for table `tb_users`
--

DROP TABLE IF EXISTS `tb_users`;
CREATE TABLE IF NOT EXISTS `tb_users` (
  `USER_ID` bigint(20) NOT NULL,
  `USER_NAME` varchar(100) NOT NULL,
  `USER_TYPE` bigint(20) NOT NULL,
  `SURNAME` varchar(100) NOT NULL,
  `OTHER_NAMES` varchar(100) NOT NULL,
  `MOBILE` varchar(25) NOT NULL,
  `EMAIL` varchar(100) NOT NULL,
  `LOCATION_ID` bigint(20) DEFAULT NULL,
  `PASSWORD` varchar(100) NOT NULL,
  `DATE_REGISTERED` datetime DEFAULT NULL,
  `LAST_UPDATED` datetime DEFAULT NULL,
  `CLIENT_TOKEN` varchar(255) DEFAULT NULL,
  `RESET_TOKEN` varchar(100) NOT NULL,
  `USER_STATUS` bit(1) DEFAULT b'1' COMMENT 'Indicate if user is active or not',
  `TOKEN_EXPPIRY` timestamp NULL DEFAULT NULL
) ENGINE=InnoDB AUTO_INCREMENT=61 DEFAULT CHARSET=latin1;

--
-- Dumping data for table `tb_users`
--

INSERT INTO `tb_users` (`USER_ID`, `USER_NAME`, `USER_TYPE`, `SURNAME`, `OTHER_NAMES`, `MOBILE`, `EMAIL`, `LOCATION_ID`, `PASSWORD`, `DATE_REGISTERED`, `LAST_UPDATED`, `CLIENT_TOKEN`, `RESET_TOKEN`, `USER_STATUS`, `TOKEN_EXPPIRY`) VALUES
(5, 'pkyalo', 1, 'KINGOO', 'PETER KYALO', '724802220', 'petchaloo@gmail.com', 1, '834dfae0c40820faccf4f83580be800545dca3c1', '2017-10-09 07:06:51', '2017-10-09 07:06:51', NULL, '', b'1', NULL),
(10, 'fatelord', 1, 'BARASA', 'SAMMY M', '1123', 'barsamms@gmail.com', 1, '63aaa47cb0b76f0b157c40cdba9bf78653a7af37', '2017-10-09 07:06:51', '2018-01-12 16:51:31', NULL, '56tCNYtO4pBSZUqsNiJO3-uEvm_AzpN8', b'1', NULL),
(11, 'admin', 2, 'ADMIN', 'ADMIN', '123', 'admin@pizzaout.so', 1, '40bd001563085fc35165329ea1ff5c5ecbdbbeef', '2017-11-10 13:11:43', '2017-11-10 13:11:49', NULL, '', b'1', NULL),
(24, 'kyalo', 1, 'KINGOO', 'PETER KYALO', '2147483647', 'pkyalo@uonbi.ac.ke', 1, '834dfae0c40820faccf4f83580be800545dca3c1', '2017-12-20 12:38:11', '2017-12-20 12:38:11', NULL, '', b'1', NULL),
(25, 'mohacpr', 1, 'MOHAMED', 'MOHAMED', '619000333', 'mohacpr@gmail.com', 1, '2d7d1969f957c467cfb161b81ff408af6b94a8ea', '2017-12-20 19:39:38', '2017-12-20 19:39:38', NULL, '', b'1', NULL),
(29, 'shumac', 1, 'SHUMAC', 'SHUSHUU', '2147483647', 'shumac55@gmail.com', 1, '513a7c4018127c653ce3b9037e29bdd9c03e29f7', '2017-12-21 13:50:19', '2017-12-21 13:50:19', NULL, '', b'1', NULL),
(37, 'aw-ali', 1, 'KADAR', 'MOHAMED', '615417477', 'kadarfeyore1@gmail.com', 1, 'ae62e53fb3b2afe899a5dbd09cad2eac8a2487f1', '2017-12-21 15:46:08', '2017-12-21 15:46:08', NULL, '', b'1', NULL),
(44, 'abdikasim', 1, 'MOALIM', 'AHMED', '617999222', 'abdulkasimmoalim@gmail.com', 1, 'b82886f310d6c223dea476600babca5849670e21', '2017-12-21 17:27:14', '2017-12-21 17:27:14', NULL, '', b'1', NULL),
(45, 'sandheere', 1, 'MOHAMED', 'SANDHEERE', '2147483647', 'sanka6016@gmail.com', 1, '890940a175fdd194c3f42a27e8ecbfefb983094d', '2017-12-21 17:48:20', '2017-12-21 17:48:20', NULL, '', b'1', NULL),
(46, 'sandheere10', 1, 'MOHAMED', 'SANDHEERE', '2147483647', 'sanka6015@gmail.com', 1, '8238a351f035bc1f72a1a7cff337221a73dae6f2', '2017-12-21 18:02:10', '2017-12-21 18:02:10', NULL, '', b'1', NULL),
(47, 'mr. vision', 1, 'YASIR', 'BAFFO', '618309457', 'mr.vision2025@gmail.com', 1, '7c4a8d09ca3762af61e59520943dc26494f8941b', '2017-12-21 18:32:22', '2017-12-21 18:32:22', NULL, '', b'1', NULL),
(48, 'aainab', 1, 'AINAB', 'AHMED ABDI', '615513533', 'axmedcaynab@gmail.com', 1, '0fb641dff5070d488355f89a1ad0fdc8203e0f33', '2017-12-23 06:44:32', '2017-12-23 06:44:32', NULL, '', b'1', NULL),
(49, 'ozgur.catal', 1, 'CATAL', 'OZGUR', '612136659', 'ozgur.catal@hotmail.com', 1, '7a59c162217c6abbe65db58ecdfcb1765780af7b', '2017-12-24 13:08:46', '2017-12-24 13:08:46', NULL, '', b'1', NULL),
(50, 'rafiki01', 1, 'RAFIK', 'HASSAN', '618900015', 'hafarah1@gmail.com', 1, 'fa758a0c5aa550ebd7f7a09d2a8c9a335be7dcd0', '2017-12-24 15:22:41', '2017-12-24 15:22:41', NULL, '', b'1', NULL),
(51, 'zuhuur', 1, 'ZAHRA', 'ZUU', '618812510', 'zahra@sostec.so', 1, '5ddf228c30669af17fb926a7d728c4e9d6c8df27', '2017-12-25 10:09:12', '2017-12-25 10:09:12', NULL, '', b'1', NULL),
(52, 'zahradhaqane', 1, 'DHAQANE', 'ZAHRA OSMAN', '615533643', 'zahradhaqane@gmail.com', 1, 'e72fb1b6ffd172fef3a3c97b4555a0669cac4c7e', '2017-12-26 04:15:21', '2017-12-26 04:15:21', NULL, '', b'1', NULL),
(53, 'aallaa', 1, 'AALLAA', 'HABAD', '615888129', 'Aallaahabad@gmail.com', 1, '3edacb467448252d0f8f49c732ba00cc438b5895', '2017-12-26 16:49:26', '2017-12-26 16:49:26', NULL, '', b'1', NULL),
(54, 'badle', 1, 'MAXAMUUD XAMUD', 'BADLE', '617641354', 'badle7171@gmail.com', 1, 'c4f7d269ffa6b3c3c77fb0b3d14a3afdd0161182', '2017-12-27 07:41:24', '2017-12-27 07:41:24', NULL, '', b'1', NULL),
(55, 'shiine', 1, 'MOHAMED', 'ALI', '619616338', 'shiine318@hotmail.com', 1, '02ecc6c8afccd0dd029bddc56641cd309a171f3e', '2017-12-28 20:54:38', '2017-12-28 20:54:38', NULL, '', b'1', NULL),
(56, 'arafat', 1, 'ARAFAT', 'ABDULLAHI', '615518583', 'arafat.abdulahi@gmail.com', 1, '866e7caa1629cd75acb8af543d55cc3985c47212', '2018-01-01 19:14:05', '2018-01-01 19:14:05', NULL, '', b'1', NULL),
(57, 'Izabella', 1, 'Faiza Abdullahi', 'izabella', '00252615429642', 'faizaabdullahi114@gmail.com', 1, 'eb131bc0d99b318156189f73024ce1cb29727f72', '2018-01-11 06:38:20', '2018-01-11 06:38:20', NULL, '', b'1', NULL),
(58, 'Abdirizak', 1, 'war', 'war', '0611111553', 'mogastars@gmail.com', 1, '7110eda4d09e062aa5e4a390b0a572ac0d2c0220', '2018-01-14 14:44:35', '2018-01-14 14:44:35', NULL, '', b'1', NULL),
(59, 'mohamed', 1, 'kaabe', 'kabogeed', '0619420000', 'mohamedkabbe@gmail.com', 1, '40bd001563085fc35165329ea1ff5c5ecbdbbeef', '2018-01-15 09:48:31', '2018-01-15 09:48:31', NULL, '', b'1', NULL),
(60, 'cabdalla', 1, 'Mohamed', 'cabdalla Mohamed Muhumed', '0615577730', 'cabdallamm2@gmail.com', 1, '40bd001563085fc35165329ea1ff5c5ecbdbbeef', '2018-01-15 09:48:46', '2018-01-15 09:48:46', NULL, '', b'1', NULL);

-- --------------------------------------------------------

--
-- Table structure for table `user_type`
--

DROP TABLE IF EXISTS `user_type`;
CREATE TABLE IF NOT EXISTS `user_type` (
  `USER_TYPE_ID` bigint(20) NOT NULL,
  `USER_TYPE_NAME` varchar(255) NOT NULL
) ENGINE=InnoDB AUTO_INCREMENT=4 DEFAULT CHARSET=latin1;

--
-- Dumping data for table `user_type`
--

INSERT INTO `user_type` (`USER_TYPE_ID`, `USER_TYPE_NAME`) VALUES
(1, 'CUSTOMER'),
(2, 'ADMIN'),
(3, 'RIDER');

-- --------------------------------------------------------

--
-- Stand-in structure for view `vw_orders`
--
DROP VIEW IF EXISTS `vw_orders`;
CREATE TABLE IF NOT EXISTS `vw_orders` (
`ORDER_ID` bigint(20)
,`USER_ID` bigint(20)
,`KITCHEN_ID` bigint(10)
,`CHEF_ID` bigint(10)
,`RIDER_ID` bigint(10)
,`MOBILE` varchar(25)
,`SURNAME` varchar(100)
,`OTHER_NAMES` varchar(100)
,`ORDER_DATE` datetime
,`ORDER_STATUS` varchar(30)
,`PAYMENT_AMOUNT` decimal(10,2)
,`PAYMENT_NUMBER` varchar(30)
,`NOTES` varchar(255)
,`PAYMENT_METHOD` varchar(20)
,`CREATED_AT` datetime
,`UPDATED_AT` datetime
,`PAYMENT_DATE` datetime
,`LOCATION_ID` bigint(20)
,`LOCATION_NAME` varchar(255)
,`ADDRESS` text
,`CITY_NAME` varchar(100)
,`CITY_ID` bigint(20)
,`COUNRY_ID` bigint(20)
,`COUNTRY_NAME` varchar(100)
);

-- --------------------------------------------------------

--
-- Stand-in structure for view `vw_order_items`
--
DROP VIEW IF EXISTS `vw_order_items`;
CREATE TABLE IF NOT EXISTS `vw_order_items` (
`ORDER_ID` bigint(20)
,`QUANTITY` int(4)
,`PRICE` decimal(10,0)
,`SUBTOTAL` decimal(10,0)
,`ITEM_TYPE_SIZE` varchar(15)
,`MENU_ITEM_NAME` varchar(255)
,`MENU_CAT_NAME` varchar(50)
,`MENU_CAT_IMAGE` varchar(255)
,`MENU_ITEM_IMAGE` varchar(255)
,`USER_ID` bigint(20)
);

-- --------------------------------------------------------

--
-- Structure for view `vw_orders`
--
DROP TABLE IF EXISTS `vw_orders`;

CREATE VIEW `vw_orders` AS select `customer_order`.`ORDER_ID` AS `ORDER_ID`,`customer_order`.`USER_ID` AS `USER_ID`,`customer_order`.`KITCHEN_ID` AS `KITCHEN_ID`,`customer_order`.`CHEF_ID` AS `CHEF_ID`,`customer_order`.`RIDER_ID` AS `RIDER_ID`,`tb_users`.`MOBILE` AS `MOBILE`,`tb_users`.`SURNAME` AS `SURNAME`,`tb_users`.`OTHER_NAMES` AS `OTHER_NAMES`,`customer_order`.`ORDER_DATE` AS `ORDER_DATE`,`customer_order`.`ORDER_STATUS` AS `ORDER_STATUS`,`payment`.`PAYMENT_AMOUNT` AS `PAYMENT_AMOUNT`,`payment`.`PAYMENT_NUMBER` AS `PAYMENT_NUMBER`,`customer_order`.`NOTES` AS `NOTES`,`customer_order`.`PAYMENT_METHOD` AS `PAYMENT_METHOD`,`customer_order`.`CREATED_AT` AS `CREATED_AT`,`customer_order`.`UPDATED_AT` AS `UPDATED_AT`,`payment`.`PAYMENT_DATE` AS `PAYMENT_DATE`,`location`.`LOCATION_ID` AS `LOCATION_ID`,`location`.`LOCATION_NAME` AS `LOCATION_NAME`,`location`.`ADDRESS` AS `ADDRESS`,`city`.`CITY_NAME` AS `CITY_NAME`,`city`.`CITY_ID` AS `CITY_ID`,`country`.`COUNRY_ID` AS `COUNRY_ID`,`country`.`COUNTRY_NAME` AS `COUNTRY_NAME` from (((((`customer_order` join `tb_users` on((`customer_order`.`USER_ID` = `tb_users`.`USER_ID`))) left join `payment` on((`payment`.`ORDER_ID` = `customer_order`.`ORDER_ID`))) join `location` on((`customer_order`.`LOCATION_ID` = `location`.`LOCATION_ID`))) join `city` on((`location`.`CITY_ID` = `city`.`CITY_ID`))) join `country` on((`city`.`COUNTRY_ID` = `country`.`COUNRY_ID`)));

-- --------------------------------------------------------

--
-- Structure for view `vw_order_items`
--
DROP TABLE IF EXISTS `vw_order_items`;

CREATE VIEW `vw_order_items` AS select `customer_order`.`ORDER_ID` AS `ORDER_ID`,`customer_order_item`.`QUANTITY` AS `QUANTITY`,`customer_order_item`.`PRICE` AS `PRICE`,`customer_order_item`.`SUBTOTAL` AS `SUBTOTAL`,`menu_item_type`.`ITEM_TYPE_SIZE` AS `ITEM_TYPE_SIZE`,`menu_item`.`MENU_ITEM_NAME` AS `MENU_ITEM_NAME`,`menu_category`.`MENU_CAT_NAME` AS `MENU_CAT_NAME`,`menu_category`.`MENU_CAT_IMAGE` AS `MENU_CAT_IMAGE`,`menu_item`.`MENU_ITEM_IMAGE` AS `MENU_ITEM_IMAGE`,`customer_order`.`USER_ID` AS `USER_ID` from ((((`customer_order` join `customer_order_item` on((`customer_order_item`.`ORDER_ID` = `customer_order`.`ORDER_ID`))) join `menu_item_type` on((`customer_order_item`.`ITEM_TYPE_ID` = `menu_item_type`.`ITEM_TYPE_ID`))) join `menu_item` on((`menu_item_type`.`MENU_ITEM_ID` = `menu_item`.`MENU_ITEM_ID`))) join `menu_category` on((`menu_item`.`MENU_CAT_ID` = `menu_category`.`MENU_CAT_ID`)));

--
-- Indexes for dumped tables
--

--
-- Indexes for table `api_token`
--
ALTER TABLE `api_token`
  ADD PRIMARY KEY (`TOKEN_ID`), ADD KEY `DATE_CREATED` (`DATE_CREATED`,`EXPIRY_DATE`), ADD KEY `USER_ID` (`USER_ID`);

--
-- Indexes for table `chef`
--
ALTER TABLE `chef`
  ADD PRIMARY KEY (`CHEF_ID`), ADD KEY `Kitchen_ID` (`KITCHEN_ID`) USING BTREE;

--
-- Indexes for table `city`
--
ALTER TABLE `city`
  ADD PRIMARY KEY (`CITY_ID`), ADD KEY `Country_ID` (`COUNTRY_ID`) USING BTREE;

--
-- Indexes for table `country`
--
ALTER TABLE `country`
  ADD PRIMARY KEY (`COUNRY_ID`);

--
-- Indexes for table `customer_order`
--
ALTER TABLE `customer_order`
  ADD PRIMARY KEY (`ORDER_ID`), ADD KEY `User_ID` (`USER_ID`) USING BTREE, ADD KEY `Location_ID` (`LOCATION_ID`) USING BTREE, ADD KEY `customer_order_ibfk_3` (`RIDER_ID`) USING BTREE, ADD KEY `KITCHEN_ID` (`KITCHEN_ID`) USING BTREE, ADD KEY `ORDER_STATUS` (`ORDER_STATUS`) USING BTREE, ADD KEY `CHEF_ID` (`CHEF_ID`) USING BTREE;

--
-- Indexes for table `customer_order_item`
--
ALTER TABLE `customer_order_item`
  ADD PRIMARY KEY (`ORDER_ITEM_ID`), ADD KEY `ORDER_ID` (`ORDER_ID`) USING BTREE, ADD KEY `order_item_ibfk_2` (`ITEM_TYPE_ID`) USING BTREE;

--
-- Indexes for table `db_cache`
--
ALTER TABLE `db_cache`
  ADD PRIMARY KEY (`id`), ADD KEY `expire` (`expire`);

--
-- Indexes for table `kitchen`
--
ALTER TABLE `kitchen`
  ADD PRIMARY KEY (`KITCHEN_ID`), ADD KEY `City_ID` (`CITY_ID`) USING BTREE;

--
-- Indexes for table `location`
--
ALTER TABLE `location`
  ADD PRIMARY KEY (`LOCATION_ID`), ADD KEY `CITY_ID` (`CITY_ID`);

--
-- Indexes for table `menu_category`
--
ALTER TABLE `menu_category`
  ADD PRIMARY KEY (`MENU_CAT_ID`), ADD UNIQUE KEY `MENU_CAT_ID` (`MENU_CAT_ID`,`RANK`), ADD UNIQUE KEY `MENU_CAT_NAME` (`MENU_CAT_NAME`), ADD KEY `MENU_CAT_ID_2` (`MENU_CAT_ID`);

--
-- Indexes for table `menu_item`
--
ALTER TABLE `menu_item`
  ADD PRIMARY KEY (`MENU_ITEM_ID`), ADD KEY `MENU_CAT_ID` (`MENU_CAT_ID`) USING BTREE;

--
-- Indexes for table `menu_item_type`
--
ALTER TABLE `menu_item_type`
  ADD PRIMARY KEY (`ITEM_TYPE_ID`), ADD KEY `MENU_ITEM_ID` (`MENU_ITEM_ID`) USING BTREE, ADD KEY `ITEM_TYPE_SIZE` (`ITEM_TYPE_SIZE`);

--
-- Indexes for table `my_session`
--
ALTER TABLE `my_session`
  ADD PRIMARY KEY (`id`), ADD KEY `id` (`id`), ADD KEY `expire` (`expire`), ADD KEY `user_id` (`user_id`);

--
-- Indexes for table `order_tracking`
--
ALTER TABLE `order_tracking`
  ADD PRIMARY KEY (`TRACKING_ID`), ADD UNIQUE KEY `ORDER_ID` (`ORDER_ID`,`STATUS`) USING BTREE, ADD KEY `STATUS` (`STATUS`) USING BTREE, ADD KEY `order_tracking_ibfk_1` (`ORDER_ID`) USING BTREE;

--
-- Indexes for table `payment`
--
ALTER TABLE `payment`
  ADD PRIMARY KEY (`PAYMENT_ID`), ADD KEY `payment_ibfk_1` (`PAYMENT_STATUS`) USING BTREE, ADD KEY `payment_ibfk_2` (`ORDER_ID`) USING BTREE;

--
-- Indexes for table `riders`
--
ALTER TABLE `riders`
  ADD PRIMARY KEY (`RIDER_ID`), ADD KEY `KITCHEN_ID` (`KITCHEN_ID`) USING BTREE, ADD KEY `USER_ID` (`USER_ID`);

--
-- Indexes for table `tb_cart`
--
ALTER TABLE `tb_cart`
  ADD PRIMARY KEY (`CART_ITEM_ID`), ADD KEY `order_item_ibfk_2` (`ITEM_TYPE_ID`) USING BTREE, ADD KEY `USER_ID` (`USER_ID`) USING BTREE;

--
-- Indexes for table `tb_favs`
--
ALTER TABLE `tb_favs`
  ADD PRIMARY KEY (`FAV_ID`), ADD KEY `MENU_ITEM_ID` (`MENU_ITEM_ID`), ADD KEY `USER_ID` (`USER_ID`);

--
-- Indexes for table `tb_migration`
--
ALTER TABLE `tb_migration`
  ADD PRIMARY KEY (`version`);

--
-- Indexes for table `tb_sizes`
--
ALTER TABLE `tb_sizes`
  ADD PRIMARY KEY (`SIZE_ID`), ADD UNIQUE KEY `SIZE_NAME` (`SIZE_TYPE`), ADD KEY `SIZED_ID` (`SIZE_ID`);

--
-- Indexes for table `tb_status`
--
ALTER TABLE `tb_status`
  ADD UNIQUE KEY `STATUS_NAME` (`STATUS_NAME`) USING BTREE, ADD UNIQUE KEY `RANK` (`RANK`) USING BTREE;

--
-- Indexes for table `tb_users`
--
ALTER TABLE `tb_users`
  ADD PRIMARY KEY (`USER_ID`), ADD KEY `LOCATION_ID_idx` (`LOCATION_ID`) USING BTREE, ADD KEY `USER_TYPE_idx` (`USER_TYPE`) USING BTREE, ADD KEY `DATE_REGISTERED` (`DATE_REGISTERED`);

--
-- Indexes for table `user_type`
--
ALTER TABLE `user_type`
  ADD PRIMARY KEY (`USER_TYPE_ID`);

--
-- AUTO_INCREMENT for dumped tables
--

--
-- AUTO_INCREMENT for table `api_token`
--
ALTER TABLE `api_token`
  MODIFY `TOKEN_ID` bigint(20) NOT NULL AUTO_INCREMENT,AUTO_INCREMENT=10;
--
-- AUTO_INCREMENT for table `chef`
--
ALTER TABLE `chef`
  MODIFY `CHEF_ID` bigint(20) NOT NULL AUTO_INCREMENT,AUTO_INCREMENT=6;
--
-- AUTO_INCREMENT for table `city`
--
ALTER TABLE `city`
  MODIFY `CITY_ID` bigint(20) NOT NULL AUTO_INCREMENT,AUTO_INCREMENT=4;
--
-- AUTO_INCREMENT for table `country`
--
ALTER TABLE `country`
  MODIFY `COUNRY_ID` bigint(20) NOT NULL AUTO_INCREMENT,AUTO_INCREMENT=6;
--
-- AUTO_INCREMENT for table `customer_order`
--
ALTER TABLE `customer_order`
  MODIFY `ORDER_ID` bigint(20) NOT NULL AUTO_INCREMENT,AUTO_INCREMENT=1244;
--
-- AUTO_INCREMENT for table `customer_order_item`
--
ALTER TABLE `customer_order_item`
  MODIFY `ORDER_ITEM_ID` int(11) NOT NULL AUTO_INCREMENT,AUTO_INCREMENT=188;
--
-- AUTO_INCREMENT for table `kitchen`
--
ALTER TABLE `kitchen`
  MODIFY `KITCHEN_ID` bigint(20) NOT NULL AUTO_INCREMENT,AUTO_INCREMENT=3;
--
-- AUTO_INCREMENT for table `location`
--
ALTER TABLE `location`
  MODIFY `LOCATION_ID` bigint(20) NOT NULL AUTO_INCREMENT,AUTO_INCREMENT=18;
--
-- AUTO_INCREMENT for table `menu_category`
--
ALTER TABLE `menu_category`
  MODIFY `MENU_CAT_ID` bigint(10) NOT NULL AUTO_INCREMENT,AUTO_INCREMENT=7;
--
-- AUTO_INCREMENT for table `menu_item`
--
ALTER TABLE `menu_item`
  MODIFY `MENU_ITEM_ID` bigint(10) NOT NULL AUTO_INCREMENT,AUTO_INCREMENT=15;
--
-- AUTO_INCREMENT for table `menu_item_type`
--
ALTER TABLE `menu_item_type`
  MODIFY `ITEM_TYPE_ID` bigint(11) NOT NULL AUTO_INCREMENT,AUTO_INCREMENT=32;
--
-- AUTO_INCREMENT for table `order_tracking`
--
ALTER TABLE `order_tracking`
  MODIFY `TRACKING_ID` bigint(10) NOT NULL AUTO_INCREMENT,AUTO_INCREMENT=362;
--
-- AUTO_INCREMENT for table `payment`
--
ALTER TABLE `payment`
  MODIFY `PAYMENT_ID` bigint(20) NOT NULL AUTO_INCREMENT,AUTO_INCREMENT=34;
--
-- AUTO_INCREMENT for table `riders`
--
ALTER TABLE `riders`
  MODIFY `RIDER_ID` bigint(10) NOT NULL AUTO_INCREMENT,AUTO_INCREMENT=5;
--
-- AUTO_INCREMENT for table `tb_cart`
--
ALTER TABLE `tb_cart`
  MODIFY `CART_ITEM_ID` bigint(10) NOT NULL AUTO_INCREMENT,AUTO_INCREMENT=246;
--
-- AUTO_INCREMENT for table `tb_favs`
--
ALTER TABLE `tb_favs`
  MODIFY `FAV_ID` bigint(20) NOT NULL AUTO_INCREMENT;
--
-- AUTO_INCREMENT for table `tb_sizes`
--
ALTER TABLE `tb_sizes`
  MODIFY `SIZE_ID` bigint(20) NOT NULL AUTO_INCREMENT,AUTO_INCREMENT=8;
--
-- AUTO_INCREMENT for table `tb_users`
--
ALTER TABLE `tb_users`
  MODIFY `USER_ID` bigint(20) NOT NULL AUTO_INCREMENT,AUTO_INCREMENT=61;
--
-- AUTO_INCREMENT for table `user_type`
--
ALTER TABLE `user_type`
  MODIFY `USER_TYPE_ID` bigint(20) NOT NULL AUTO_INCREMENT,AUTO_INCREMENT=4;
--
-- Constraints for dumped tables
--

--
-- Constraints for table `api_token`
--
ALTER TABLE `api_token`
ADD CONSTRAINT `api_token_ibfk_1` FOREIGN KEY (`USER_ID`) REFERENCES `tb_users` (`USER_ID`) ON DELETE CASCADE ON UPDATE CASCADE;

--
-- Constraints for table `chef`
--
ALTER TABLE `chef`
ADD CONSTRAINT `chef_ibfk_1` FOREIGN KEY (`KITCHEN_ID`) REFERENCES `kitchen` (`KITCHEN_ID`);

--
-- Constraints for table `city`
--
ALTER TABLE `city`
ADD CONSTRAINT `city_ibfk_1` FOREIGN KEY (`COUNTRY_ID`) REFERENCES `country` (`COUNRY_ID`);

--
-- Constraints for table `customer_order`
--
ALTER TABLE `customer_order`
ADD CONSTRAINT `customer_order_ibfk_1` FOREIGN KEY (`USER_ID`) REFERENCES `tb_users` (`USER_ID`) ON UPDATE CASCADE,
ADD CONSTRAINT `customer_order_ibfk_3` FOREIGN KEY (`RIDER_ID`) REFERENCES `riders` (`RIDER_ID`) ON UPDATE CASCADE,
ADD CONSTRAINT `customer_order_ibfk_4` FOREIGN KEY (`KITCHEN_ID`) REFERENCES `kitchen` (`KITCHEN_ID`) ON UPDATE CASCADE,
ADD CONSTRAINT `customer_order_ibfk_5` FOREIGN KEY (`ORDER_STATUS`) REFERENCES `tb_status` (`STATUS_NAME`) ON UPDATE CASCADE,
ADD CONSTRAINT `customer_order_ibfk_6` FOREIGN KEY (`CHEF_ID`) REFERENCES `chef` (`CHEF_ID`) ON UPDATE CASCADE,
ADD CONSTRAINT `customer_order_ibfk_7` FOREIGN KEY (`LOCATION_ID`) REFERENCES `location` (`LOCATION_ID`) ON UPDATE CASCADE;

--
-- Constraints for table `customer_order_item`
--
ALTER TABLE `customer_order_item`
ADD CONSTRAINT `customer_order_item_ibfk_1` FOREIGN KEY (`ITEM_TYPE_ID`) REFERENCES `menu_item_type` (`ITEM_TYPE_ID`) ON DELETE CASCADE ON UPDATE CASCADE,
ADD CONSTRAINT `customer_order_item_ibfk_2` FOREIGN KEY (`ORDER_ID`) REFERENCES `customer_order` (`ORDER_ID`) ON DELETE CASCADE ON UPDATE CASCADE;

--
-- Constraints for table `kitchen`
--
ALTER TABLE `kitchen`
ADD CONSTRAINT `kitchen_ibfk_1` FOREIGN KEY (`CITY_ID`) REFERENCES `city` (`CITY_ID`);

--
-- Constraints for table `location`
--
ALTER TABLE `location`
ADD CONSTRAINT `location_ibfk_1` FOREIGN KEY (`CITY_ID`) REFERENCES `city` (`CITY_ID`) ON DELETE CASCADE ON UPDATE CASCADE;

--
-- Constraints for table `menu_item`
--
ALTER TABLE `menu_item`
ADD CONSTRAINT `menu_item_ibfk_1` FOREIGN KEY (`MENU_CAT_ID`) REFERENCES `menu_category` (`MENU_CAT_ID`) ON DELETE CASCADE ON UPDATE CASCADE;

--
-- Constraints for table `menu_item_type`
--
ALTER TABLE `menu_item_type`
ADD CONSTRAINT `menu_item_type_ibfk_1` FOREIGN KEY (`MENU_ITEM_ID`) REFERENCES `menu_item` (`MENU_ITEM_ID`) ON DELETE CASCADE ON UPDATE CASCADE,
ADD CONSTRAINT `menu_item_type_ibfk_2` FOREIGN KEY (`ITEM_TYPE_SIZE`) REFERENCES `tb_sizes` (`SIZE_TYPE`) ON DELETE CASCADE ON UPDATE CASCADE;

--
-- Constraints for table `order_tracking`
--
ALTER TABLE `order_tracking`
ADD CONSTRAINT `order_tracking_ibfk_1` FOREIGN KEY (`ORDER_ID`) REFERENCES `customer_order` (`ORDER_ID`) ON DELETE CASCADE ON UPDATE CASCADE,
ADD CONSTRAINT `order_tracking_ibfk_2` FOREIGN KEY (`STATUS`) REFERENCES `tb_status` (`STATUS_NAME`) ON UPDATE CASCADE;

--
-- Constraints for table `payment`
--
ALTER TABLE `payment`
ADD CONSTRAINT `payment_ibfk_1` FOREIGN KEY (`PAYMENT_STATUS`) REFERENCES `tb_status` (`STATUS_NAME`) ON DELETE CASCADE ON UPDATE CASCADE,
ADD CONSTRAINT `payment_ibfk_2` FOREIGN KEY (`ORDER_ID`) REFERENCES `customer_order` (`ORDER_ID`) ON DELETE CASCADE ON UPDATE CASCADE;

--
-- Constraints for table `riders`
--
ALTER TABLE `riders`
ADD CONSTRAINT `riders_ibfk_1` FOREIGN KEY (`KITCHEN_ID`) REFERENCES `kitchen` (`KITCHEN_ID`) ON DELETE CASCADE ON UPDATE CASCADE,
ADD CONSTRAINT `riders_ibfk_2` FOREIGN KEY (`USER_ID`) REFERENCES `tb_users` (`USER_ID`) ON DELETE CASCADE ON UPDATE CASCADE;

--
-- Constraints for table `tb_cart`
--
ALTER TABLE `tb_cart`
ADD CONSTRAINT `tb_cart_ibfk_1` FOREIGN KEY (`ITEM_TYPE_ID`) REFERENCES `menu_item_type` (`ITEM_TYPE_ID`) ON DELETE CASCADE ON UPDATE CASCADE,
ADD CONSTRAINT `tb_cart_ibfk_2` FOREIGN KEY (`USER_ID`) REFERENCES `tb_users` (`USER_ID`) ON DELETE CASCADE ON UPDATE CASCADE;

--
-- Constraints for table `tb_favs`
--
ALTER TABLE `tb_favs`
ADD CONSTRAINT `tb_favs_ibfk_1` FOREIGN KEY (`MENU_ITEM_ID`) REFERENCES `menu_item` (`MENU_ITEM_ID`) ON DELETE CASCADE ON UPDATE CASCADE,
ADD CONSTRAINT `tb_favs_ibfk_2` FOREIGN KEY (`USER_ID`) REFERENCES `tb_users` (`USER_ID`) ON DELETE CASCADE ON UPDATE CASCADE;

--
-- Constraints for table `tb_users`
--
ALTER TABLE `tb_users`
ADD CONSTRAINT `tb_users_ibfk_2` FOREIGN KEY (`USER_TYPE`) REFERENCES `user_type` (`USER_TYPE_ID`) ON UPDATE CASCADE;

/*!40101 SET CHARACTER_SET_CLIENT=@OLD_CHARACTER_SET_CLIENT */;
/*!40101 SET CHARACTER_SET_RESULTS=@OLD_CHARACTER_SET_RESULTS */;
/*!40101 SET COLLATION_CONNECTION=@OLD_COLLATION_CONNECTION */;
