-- phpMyAdmin SQL Dump
-- version 4.7.3
-- https://www.phpmyadmin.net/
--
-- Host: localhost:3306
-- Generation Time: Jan 04, 2018 at 02:12 AM
-- Server version: 10.0.33-MariaDB
-- PHP Version: 5.6.30

SET SQL_MODE = "NO_AUTO_VALUE_ON_ZERO";
SET AUTOCOMMIT = 0;
START TRANSACTION;
SET time_zone = "+00:00";


/*!40101 SET @OLD_CHARACTER_SET_CLIENT = @@CHARACTER_SET_CLIENT */;
/*!40101 SET @OLD_CHARACTER_SET_RESULTS = @@CHARACTER_SET_RESULTS */;
/*!40101 SET @OLD_COLLATION_CONNECTION = @@COLLATION_CONNECTION */;
/*!40101 SET NAMES utf8mb4 */;

--
-- Database: `tsobucok_pizza`
--

-- --------------------------------------------------------

--
-- Table structure for table `chef`
--

DROP TABLE IF EXISTS `chef`;
CREATE TABLE IF NOT EXISTS `chef` (
  `CHEF_ID` bigint(20) NOT NULL AUTO_INCREMENT,
  `CHEF_NAME` varchar(100) NOT NULL,
  `KITCHEN_ID` bigint(20) NOT NULL,
  PRIMARY KEY (`CHEF_ID`),
  KEY `Kitchen_ID` (`KITCHEN_ID`) USING BTREE
) ENGINE=InnoDB AUTO_INCREMENT=6 DEFAULT CHARSET=latin1;

--
-- Dumping data for table `chef`
--

INSERT INTO `chef` (`CHEF_ID`, `CHEF_NAME`, `KITCHEN_ID`) VALUES
  (4, 'Ahmed Jama', 1),
  (5, 'Bashir Munye', 2);

-- --------------------------------------------------------

--
-- Table structure for table `city`
--

DROP TABLE IF EXISTS `city`;
CREATE TABLE IF NOT EXISTS `city` (
  `CITY_ID` bigint(20) NOT NULL AUTO_INCREMENT,
  `CITY_NAME` varchar(100) NOT NULL,
  `COUNTRY_ID` bigint(20) NOT NULL,
  PRIMARY KEY (`CITY_ID`),
  KEY `Country_ID` (`COUNTRY_ID`) USING BTREE
) ENGINE=InnoDB AUTO_INCREMENT=4 DEFAULT CHARSET=latin1;

--
-- Dumping data for table `city`
--

INSERT INTO `city` (`CITY_ID`, `CITY_NAME`, `COUNTRY_ID`) VALUES
  (1, 'MOGADISHU', 2),
  (3, 'MOMBASA', 1);

-- --------------------------------------------------------

--
-- Table structure for table `country`
--

DROP TABLE IF EXISTS `country`;
CREATE TABLE IF NOT EXISTS `country` (
  `COUNRY_ID` bigint(20) NOT NULL AUTO_INCREMENT,
  `COUNTRY_NAME` varchar(100) NOT NULL,
  PRIMARY KEY (`COUNRY_ID`)
) ENGINE=InnoDB AUTO_INCREMENT=6 DEFAULT CHARSET=latin1;

--
-- Dumping data for table `country`
--

INSERT INTO `country` (`COUNRY_ID`, `COUNTRY_NAME`) VALUES
  (1, 'KENYA'),
  (2, 'SOMALIA'),
  (3, 'SOUTH SUDAN'),
  (4, 'ETHIOPIA'),
  (5, 'ERITREA');

-- --------------------------------------------------------

--
-- Table structure for table `customer_order`
--

DROP TABLE IF EXISTS `customer_order`;
CREATE TABLE IF NOT EXISTS `customer_order` (
  `ORDER_ID` bigint(20) NOT NULL AUTO_INCREMENT,
  `USER_ID` bigint(20) NOT NULL,
  `LOCATION_ID` bigint(20) NOT NULL,
  `KITCHEN_ID` bigint(10) DEFAULT NULL,
  `CHEF_ID` bigint(10) DEFAULT NULL,
  `RIDER_ID` bigint(10) DEFAULT NULL,
  `ORDER_DATE` datetime NOT NULL,
  `PAYMENT_METHOD` varchar(20) NOT NULL,
  `ORDER_STATUS` varchar(30) NOT NULL COMMENT 'Status of the order',
  `NOTES` varchar(255) DEFAULT NULL COMMENT 'Can contain payment text from mobile transactions etc',
  `CREATED_AT` datetime DEFAULT NULL,
  `UPDATED_AT` datetime DEFAULT NULL,
  PRIMARY KEY (`ORDER_ID`),
  KEY `User_ID` (`USER_ID`) USING BTREE,
  KEY `Location_ID` (`LOCATION_ID`) USING BTREE,
  KEY `customer_order_ibfk_3` (`RIDER_ID`) USING BTREE,
  KEY `KITCHEN_ID` (`KITCHEN_ID`) USING BTREE,
  KEY `ORDER_STATUS` (`ORDER_STATUS`) USING BTREE,
  KEY `CHEF_ID` (`CHEF_ID`) USING BTREE
)
  ENGINE = InnoDB
  AUTO_INCREMENT = 1235
  DEFAULT CHARSET = latin1;

--
-- Dumping data for table `customer_order`
--

INSERT INTO `customer_order` (`ORDER_ID`, `USER_ID`, `LOCATION_ID`, `KITCHEN_ID`, `CHEF_ID`, `RIDER_ID`, `ORDER_DATE`, `PAYMENT_METHOD`, `ORDER_STATUS`, `NOTES`, `CREATED_AT`, `UPDATED_AT`)
VALUES
  (1051, 25, 1, 1, 4, 1, '2017-12-21 13:40:50', 'MOBILE', 'RIDER DISPATCHED', NULL, '2017-12-21 13:40:50',
   '2017-12-31 13:50:15'),
  (1052, 25, 1, NULL, NULL, NULL, '2017-12-21 14:07:43', 'MOBILE', 'PAYMENT PENDING', NULL, '2017-12-21 14:07:43', '2017-12-21 14:07:43'),
  (1053, 25, 1, NULL, NULL, NULL, '2017-12-21 14:10:57', 'MOBILE', 'PAYMENT PENDING', NULL, '2017-12-21 14:10:57', '2017-12-21 14:10:57'),
  (1054, 25, 1, NULL, NULL, NULL, '2017-12-21 14:11:05', 'MOBILE', 'PAYMENT PENDING', NULL, '2017-12-21 14:11:05', '2017-12-21 14:11:05'),
  (1055, 25, 1, NULL, NULL, NULL, '2017-12-21 14:15:30', 'MOBILE', 'PAYMENT PENDING', NULL, '2017-12-21 14:15:30', '2017-12-21 14:15:30'),
  (1056, 25, 1, NULL, NULL, NULL, '2017-12-21 15:17:48', 'MOBILE', 'PAYMENT PENDING', NULL, '2017-12-21 15:17:48', '2017-12-21 15:17:48'),
  (1057, 25, 1, NULL, NULL, NULL, '2017-12-21 15:17:49', 'MOBILE', 'PAYMENT PENDING', NULL, '2017-12-21 15:17:49', '2017-12-21 15:17:49'),
  (1058, 25, 1, NULL, NULL, NULL, '2017-12-21 15:33:19', 'MOBILE', 'PAYMENT PENDING', NULL, '2017-12-21 15:33:19', '2017-12-21 15:33:19'),
  (1059, 25, 1, NULL, NULL, NULL, '2017-12-21 15:34:15', 'MOBILE', 'PAYMENT PENDING', NULL, '2017-12-21 15:34:15', '2017-12-21 15:34:15'),
  (1060, 25, 1, NULL, NULL, NULL, '2017-12-21 15:36:32', 'MOBILE', 'PAYMENT PENDING', NULL, '2017-12-21 15:36:32', '2017-12-21 15:36:32'),
  (1061, 25, 1, NULL, NULL, NULL, '2017-12-21 17:43:36', 'MOBILE', 'PAYMENT PENDING', NULL, '2017-12-21 17:43:36', '2017-12-21 17:43:36'),
  (1062, 25, 1, NULL, NULL, NULL, '2017-12-21 17:46:10', 'MOBILE', 'PAYMENT PENDING', NULL, '2017-12-21 17:46:10', '2017-12-21 17:46:10'),
  (1063, 25, 1, NULL, NULL, NULL, '2017-12-21 18:03:18', 'MOBILE', 'PAYMENT PENDING', NULL, '2017-12-21 18:03:19', '2017-12-21 18:03:19'),
  (1064, 46, 1, NULL, NULL, NULL, '2017-12-21 18:05:13', 'MOBILE', 'PAYMENT PENDING', NULL, '2017-12-21 18:05:13', '2017-12-21 18:05:13'),
  (1065, 46, 1, NULL, NULL, NULL, '2017-12-21 18:16:00', 'MOBILE', 'PAYMENT PENDING', NULL, '2017-12-21 18:16:00', '2017-12-21 18:16:00'),
  (1066, 46, 1, NULL, NULL, NULL, '2017-12-21 18:23:41', 'MOBILE', 'PAYMENT PENDING', NULL, '2017-12-21 18:23:41', '2017-12-21 18:23:41'),
  (1067, 46, 1, NULL, NULL, NULL, '2017-12-21 18:27:20', 'MOBILE', 'PAYMENT PENDING', NULL, '2017-12-21 18:27:20', '2017-12-21 18:27:20'),
  (1068, 46, 1, NULL, NULL, NULL, '2017-12-21 18:30:22', 'MOBILE', 'PAYMENT PENDING', NULL, '2017-12-21 18:30:22', '2017-12-21 18:30:22'),
  (1069, 25, 1, NULL, NULL, NULL, '2017-12-21 18:46:02', 'MOBILE', 'PAYMENT PENDING', NULL, '2017-12-21 18:46:02', '2017-12-21 18:46:02'),
  (1070, 25, 1, NULL, NULL, NULL, '2017-12-21 18:48:56', 'MOBILE', 'PAYMENT PENDING', NULL, '2017-12-21 18:48:56', '2017-12-21 18:48:56'),
  (1071, 25, 1, NULL, NULL, NULL, '2017-12-21 18:49:19', 'MOBILE', 'PAYMENT PENDING', NULL, '2017-12-21 18:49:19', '2017-12-21 18:49:19'),
  (1072, 25, 1, NULL, NULL, NULL, '2017-12-21 18:51:10', 'MOBILE', 'PAYMENT PENDING', NULL, '2017-12-21 18:51:10', '2017-12-21 18:51:10'),
  (1073, 37, 1, NULL, NULL, NULL, '2017-12-21 19:19:39', 'MOBILE', 'PAYMENT PENDING', NULL, '2017-12-21 19:19:40', '2017-12-21 19:19:40'),
  (1074, 25, 1, NULL, NULL, NULL, '2017-12-21 22:41:26', 'MOBILE', 'PAYMENT PENDING', NULL, '2017-12-21 22:41:26', '2017-12-21 22:41:26'),
  (1075, 25, 1, NULL, NULL, NULL, '2017-12-22 03:13:59', 'MOBILE', 'PAYMENT PENDING', NULL, '2017-12-22 03:13:59', '2017-12-22 03:13:59'),
  (1076, 25, 1, NULL, NULL, NULL, '2017-12-22 05:39:58', 'MOBILE', 'PAYMENT PENDING', NULL, '2017-12-22 05:39:58', '2017-12-22 05:39:58'),
  (1087, 25, 1, NULL, NULL, NULL, '2017-12-22 08:22:37', 'MOBILE', 'PAYMENT PENDING', NULL, '2017-12-22 08:22:37', '2017-12-22 08:22:37'),
  (1088, 25, 1, NULL, NULL, NULL, '2017-12-22 08:22:37', 'MOBILE', 'PAYMENT PENDING', NULL, '2017-12-22 08:22:37', '2017-12-22 08:22:37'),
  (1089, 25, 1, NULL, NULL, NULL, '2017-12-22 09:00:37', 'MOBILE', 'PAYMENT PENDING', NULL, '2017-12-22 09:00:38', '2017-12-22 09:00:38'),
  (1090, 25, 1, NULL, NULL, NULL, '2017-12-22 09:14:01', 'MOBILE', 'PAYMENT PENDING', NULL, '2017-12-22 09:14:02', '2017-12-22 09:14:02'),
  (1091, 25, 1, NULL, NULL, NULL, '2017-12-22 12:42:47', 'MOBILE', 'PAYMENT PENDING', NULL, '2017-12-22 12:42:47', '2017-12-22 12:42:47'),
  (1092, 25, 1, NULL, NULL, NULL, '2017-12-22 12:42:47', 'MOBILE', 'PAYMENT PENDING', NULL, '2017-12-22 12:42:47', '2017-12-22 12:42:47'),
  (1093, 25, 1, NULL, NULL, NULL, '2017-12-22 14:38:12', 'MOBILE', 'PAYMENT PENDING', NULL, '2017-12-22 14:38:12', '2017-12-22 14:38:12'),
  (1094, 25, 1, NULL, NULL, NULL, '2017-12-22 14:38:12', 'MOBILE', 'PAYMENT PENDING', NULL, '2017-12-22 14:38:13', '2017-12-22 14:38:13'),
  (1095, 25, 1, NULL, NULL, NULL, '2017-12-22 16:13:46', 'MOBILE', 'PAYMENT PENDING', NULL, '2017-12-22 16:13:46', '2017-12-22 16:13:46'),
  (1099, 46, 1, NULL, NULL, NULL, '2017-12-22 16:53:32', 'MOBILE', 'PAYMENT PENDING', NULL, '2017-12-22 16:53:32', '2017-12-22 16:53:32'),
  (1100, 46, 1, NULL, NULL, NULL, '2017-12-22 16:53:32', 'MOBILE', 'PAYMENT PENDING', NULL, '2017-12-22 16:53:32', '2017-12-22 16:53:32'),
  (1102, 5, 1, NULL, NULL, NULL, '2017-12-22 17:33:56', 'MOBILE', 'PAYMENT PENDING', NULL, '2017-12-22 17:33:56', '2017-12-22 17:33:56'),
  (1103, 25, 1, NULL, NULL, NULL, '2017-12-23 02:18:54', 'MOBILE', 'PAYMENT PENDING', NULL, '2017-12-23 02:18:54', '2017-12-23 02:18:54'),
  (1104, 25, 1, NULL, NULL, NULL, '2017-12-23 02:18:55', 'MOBILE', 'PAYMENT PENDING', NULL, '2017-12-23 02:18:55', '2017-12-23 02:18:55'),
  (1105, 48, 1, NULL, NULL, NULL, '2017-12-23 07:10:29', 'MOBILE', 'PAYMENT PENDING', NULL, '2017-12-23 07:10:29', '2017-12-23 07:10:29'),
  (1106, 48, 1, NULL, NULL, NULL, '2017-12-23 07:10:37', 'MOBILE', 'PAYMENT PENDING', NULL, '2017-12-23 07:10:37', '2017-12-23 07:10:37'),
  (1107, 25, 1, NULL, NULL, NULL, '2017-12-23 10:58:55', 'MOBILE', 'PAYMENT PENDING', NULL, '2017-12-23 10:58:55', '2017-12-23 10:58:55'),
  (1109, 25, 1, NULL, NULL, NULL, '2017-12-24 13:34:40', 'MOBILE', 'PAYMENT PENDING', NULL, '2017-12-24 13:34:41', '2017-12-24 13:34:41'),
  (1110, 25, 1, NULL, NULL, NULL, '2017-12-24 13:36:43', 'MOBILE', 'PAYMENT PENDING', NULL, '2017-12-24 13:36:43', '2017-12-24 13:36:43'),
  (1111, 25, 1, NULL, NULL, NULL, '2017-12-24 13:38:49', 'MOBILE', 'PAYMENT PENDING', NULL, '2017-12-24 13:38:49', '2017-12-24 13:38:49'),
  (1112, 50, 1, NULL, NULL, NULL, '2017-12-24 15:24:36', 'MOBILE', 'PAYMENT PENDING', NULL, '2017-12-24 15:24:37', '2017-12-24 15:24:37'),
  (1113, 25, 1, NULL, NULL, NULL, '2017-12-24 17:25:38', 'MOBILE', 'PAYMENT PENDING', NULL, '2017-12-24 17:25:38', '2017-12-24 17:25:38'),
  (1114, 25, 1, NULL, NULL, NULL, '2017-12-24 19:49:26', 'MOBILE', 'PAYMENT PENDING', NULL, '2017-12-24 19:49:26', '2017-12-24 19:49:26'),
  (1115, 25, 1, NULL, NULL, NULL, '2017-12-24 19:49:45', 'MOBILE', 'PAYMENT PENDING', NULL, '2017-12-24 19:49:45', '2017-12-24 19:49:45'),
  (1116, 25, 1, NULL, NULL, NULL, '2017-12-24 19:49:49', 'MOBILE', 'PAYMENT PENDING', NULL, '2017-12-24 19:49:49', '2017-12-24 19:49:49'),
  (1117, 25, 1, NULL, NULL, NULL, '2017-12-24 19:49:52', 'MOBILE', 'PAYMENT PENDING', NULL, '2017-12-24 19:49:52', '2017-12-24 19:49:52'),
  (1118, 25, 1, NULL, NULL, NULL, '2017-12-24 19:50:09', 'MOBILE', 'PAYMENT PENDING', NULL, '2017-12-24 19:50:09', '2017-12-24 19:50:09'),
  (1119, 25, 1, NULL, NULL, NULL, '2017-12-24 19:50:18', 'MOBILE', 'PAYMENT PENDING', NULL, '2017-12-24 19:50:18', '2017-12-24 19:50:18'),
  (1120, 25, 1, NULL, NULL, NULL, '2017-12-24 19:50:20', 'MOBILE', 'PAYMENT PENDING', NULL, '2017-12-24 19:50:20', '2017-12-24 19:50:20'),
  (1121, 25, 1, NULL, NULL, NULL, '2017-12-24 19:50:22', 'MOBILE', 'PAYMENT PENDING', NULL, '2017-12-24 19:50:22', '2017-12-24 19:50:22'),
  (1122, 25, 1, NULL, NULL, NULL, '2017-12-24 19:50:23', 'MOBILE', 'PAYMENT PENDING', NULL, '2017-12-24 19:50:23', '2017-12-24 19:50:23'),
  (1123, 25, 1, NULL, NULL, NULL, '2017-12-24 19:50:46', 'MOBILE', 'PAYMENT PENDING', NULL, '2017-12-24 19:50:46', '2017-12-24 19:50:46'),
  (1124, 25, 1, NULL, NULL, NULL, '2017-12-25 07:23:43', 'MOBILE', 'PAYMENT PENDING', NULL, '2017-12-25 07:23:43', '2017-12-25 07:23:43'),
  (1125, 25, 1, NULL, NULL, NULL, '2017-12-25 07:23:49', 'MOBILE', 'PAYMENT PENDING', NULL, '2017-12-25 07:23:49', '2017-12-25 07:23:49'),
  (1126, 25, 1, NULL, NULL, NULL, '2017-12-25 07:24:50', 'MOBILE', 'PAYMENT PENDING', NULL, '2017-12-25 07:24:50', '2017-12-25 07:24:50'),
  (1127, 51, 1, NULL, NULL, NULL, '2017-12-25 10:10:54', 'MOBILE', 'PAYMENT PENDING', NULL, '2017-12-25 10:10:54', '2017-12-25 10:10:54'),
  (1128, 25, 1, NULL, NULL, NULL, '2017-12-25 10:18:52', 'MOBILE', 'PAYMENT PENDING', NULL, '2017-12-25 10:18:52', '2017-12-25 10:18:52'),
  (1130, 46, 1, NULL, NULL, NULL, '2017-12-25 13:26:55', 'MOBILE', 'PAYMENT PENDING', NULL, '2017-12-25 13:26:55', '2017-12-25 13:26:55'),
  (1131, 25, 1, NULL, NULL, NULL, '2017-12-25 15:52:28', 'MOBILE', 'PAYMENT PENDING', NULL, '2017-12-25 15:52:28', '2017-12-25 15:52:28'),
  (1132, 46, 1, NULL, NULL, NULL, '2017-12-25 16:36:56', 'MOBILE', 'PAYMENT PENDING', NULL, '2017-12-25 16:36:56', '2017-12-25 16:36:56'),
  (1133, 25, 1, NULL, NULL, NULL, '2017-12-26 02:28:52', 'MOBILE', 'PAYMENT PENDING', NULL, '2017-12-26 02:28:53', '2017-12-26 02:28:53'),
  (1134, 52, 1, NULL, NULL, NULL, '2017-12-26 04:18:09', 'MOBILE', 'PAYMENT PENDING', NULL, '2017-12-26 04:18:09', '2017-12-26 04:18:09'),
  (1135, 47, 1, NULL, NULL, NULL, '2017-12-26 10:39:48', 'MOBILE', 'PAYMENT PENDING', NULL, '2017-12-26 10:39:48', '2017-12-26 10:39:48'),
  (1136, 37, 1, NULL, NULL, NULL, '2017-12-26 10:52:08', 'MOBILE', 'PAYMENT PENDING', NULL, '2017-12-26 10:52:08', '2017-12-26 10:52:08'),
  (1137, 37, 1, NULL, NULL, NULL, '2017-12-26 10:54:25', 'MOBILE', 'PAYMENT PENDING', NULL, '2017-12-26 10:54:25', '2017-12-26 10:54:25'),
  (1138, 37, 1, NULL, NULL, NULL, '2017-12-26 16:51:23', 'MOBILE', 'PAYMENT PENDING', NULL, '2017-12-26 16:51:23', '2017-12-26 16:51:23'),
  (1139, 53, 1, NULL, NULL, NULL, '2017-12-26 16:51:31', 'MOBILE', 'PAYMENT PENDING', NULL, '2017-12-26 16:51:31', '2017-12-26 16:51:31'),
  (1140, 47, 1, NULL, NULL, NULL, '2017-12-26 17:26:05', 'MOBILE', 'PAYMENT PENDING', NULL, '2017-12-26 17:26:05', '2017-12-26 17:26:05'),
  (1141, 29, 1, NULL, NULL, NULL, '2017-12-26 18:15:54', 'MOBILE', 'PAYMENT PENDING', NULL, '2017-12-26 18:15:54', '2017-12-26 18:15:54'),
  (1142, 25, 1, NULL, NULL, NULL, '2017-12-27 07:15:10', 'MOBILE', 'PAYMENT PENDING', NULL, '2017-12-27 07:15:10', '2017-12-27 07:15:10'),
  (1143, 54, 1, NULL, NULL, NULL, '2017-12-27 09:16:21', 'MOBILE', 'PAYMENT PENDING', NULL, '2017-12-27 09:16:21', '2017-12-27 09:16:21'),
  (1144, 46, 1, NULL, NULL, NULL, '2017-12-27 11:24:38', 'MOBILE', 'PAYMENT PENDING', NULL, '2017-12-27 11:24:38', '2017-12-27 11:24:38'),
  (1145, 54, 1, NULL, NULL, NULL, '2017-12-27 12:32:23', 'MOBILE', 'PAYMENT PENDING', NULL, '2017-12-27 12:32:23', '2017-12-27 12:32:23'),
  (1146, 54, 1, NULL, NULL, NULL, '2017-12-27 12:32:29', 'MOBILE', 'PAYMENT PENDING', NULL, '2017-12-27 12:32:29', '2017-12-27 12:32:29'),
  (1147, 25, 1, NULL, NULL, NULL, '2017-12-27 16:25:03', 'MOBILE', 'PAYMENT PENDING', NULL, '2017-12-27 16:25:03', '2017-12-27 16:25:03'),
  (1148, 25, 1, NULL, NULL, NULL, '2017-12-27 16:25:07', 'MOBILE', 'PAYMENT PENDING', NULL, '2017-12-27 16:25:07', '2017-12-27 16:25:07'),
  (1149, 25, 1, NULL, NULL, NULL, '2017-12-27 16:25:11', 'MOBILE', 'PAYMENT PENDING', NULL, '2017-12-27 16:25:11', '2017-12-27 16:25:11'),
  (1150, 25, 1, NULL, NULL, NULL, '2017-12-27 16:25:16', 'MOBILE', 'PAYMENT PENDING', NULL, '2017-12-27 16:25:16', '2017-12-27 16:25:16'),
  (1151, 25, 1, NULL, NULL, NULL, '2017-12-27 16:25:19', 'MOBILE', 'PAYMENT PENDING', NULL, '2017-12-27 16:25:19', '2017-12-27 16:25:19'),
  (1152, 25, 1, NULL, NULL, NULL, '2017-12-27 16:25:21', 'MOBILE', 'PAYMENT PENDING', NULL, '2017-12-27 16:25:21', '2017-12-27 16:25:21'),
  (1153, 25, 1, NULL, NULL, NULL, '2017-12-27 16:25:28', 'MOBILE', 'PAYMENT PENDING', NULL, '2017-12-27 16:25:28', '2017-12-27 16:25:28'),
  (1154, 25, 1, NULL, NULL, NULL, '2017-12-27 16:25:34', 'MOBILE', 'PAYMENT PENDING', NULL, '2017-12-27 16:25:34', '2017-12-27 16:25:34'),
  (1155, 25, 1, NULL, NULL, NULL, '2017-12-27 16:25:37', 'MOBILE', 'PAYMENT PENDING', NULL, '2017-12-27 16:25:37', '2017-12-27 16:25:37'),
  (1156, 25, 1, NULL, NULL, NULL, '2017-12-27 16:25:39', 'MOBILE', 'PAYMENT PENDING', NULL, '2017-12-27 16:25:39', '2017-12-27 16:25:39'),
  (1157, 25, 1, NULL, NULL, NULL, '2017-12-27 16:25:40', 'MOBILE', 'PAYMENT PENDING', NULL, '2017-12-27 16:25:40', '2017-12-27 16:25:40'),
  (1158, 25, 1, NULL, NULL, NULL, '2017-12-27 16:25:42', 'MOBILE', 'PAYMENT PENDING', NULL, '2017-12-27 16:25:42', '2017-12-27 16:25:42'),
  (1159, 25, 1, NULL, NULL, NULL, '2017-12-27 16:26:13', 'MOBILE', 'PAYMENT PENDING', NULL, '2017-12-27 16:26:13', '2017-12-27 16:26:13'),
  (1160, 25, 1, NULL, NULL, NULL, '2017-12-28 10:41:21', 'MOBILE', 'PAYMENT PENDING', NULL, '2017-12-28 10:41:21', '2017-12-28 10:41:21'),
  (1161, 25, 1, NULL, NULL, NULL, '2017-12-28 10:41:31', 'MOBILE', 'PAYMENT PENDING', NULL, '2017-12-28 10:41:31', '2017-12-28 10:41:31'),
  (1162, 37, 1, NULL, NULL, NULL, '2017-12-28 10:41:37', 'MOBILE', 'PAYMENT PENDING', NULL, '2017-12-28 10:41:37', '2017-12-28 10:41:37'),
  (1163, 25, 1, NULL, NULL, NULL, '2017-12-28 10:41:38', 'MOBILE', 'PAYMENT PENDING', NULL, '2017-12-28 10:41:38', '2017-12-28 10:41:38'),
  (1166, 25, 1, NULL, NULL, NULL, '2017-12-28 11:55:09', 'MOBILE', 'PAYMENT PENDING', NULL, '2017-12-28 11:55:09', '2017-12-28 11:55:09'),
  (1167, 25, 1, NULL, NULL, NULL, '2017-12-28 11:55:51', 'MOBILE', 'PAYMENT PENDING', NULL, '2017-12-28 11:55:51', '2017-12-28 11:55:51'),
  (1168, 25, 1, NULL, NULL, NULL, '2017-12-28 13:23:22', 'MOBILE', 'PAYMENT PENDING', NULL, '2017-12-28 13:23:22', '2017-12-28 13:23:22'),
  (1169, 25, 1, NULL, NULL, NULL, '2017-12-28 13:23:37', 'MOBILE', 'ORDER CONFIRMED', NULL, '2017-12-28 13:23:37', '2018-01-02 03:09:30'),
  (1170, 25, 1, NULL, NULL, NULL, '2017-12-28 15:58:07', 'MOBILE', 'PAYMENT PENDING', NULL, '2017-12-28 15:58:07', '2017-12-28 15:58:07'),
  (1173, 25, 1, NULL, NULL, NULL, '2017-12-28 20:35:56', 'MOBILE', 'PAYMENT PENDING', NULL, '2017-12-28 20:35:56', '2017-12-28 20:35:56'),
  (1176, 29, 1, NULL, NULL, NULL, '2017-12-29 10:21:31', 'MOBILE', 'PAYMENT PENDING', NULL, '2017-12-29 10:21:31', '2017-12-29 10:21:31'),
  (1177, 5, 1, NULL, NULL, NULL, '2017-12-30 05:30:28', 'MOBILE', 'PAYMENT PENDING', NULL, '2017-12-30 05:30:28', '2017-12-30 05:30:28'),
  (1178, 5, 1, NULL, NULL, NULL, '2017-12-30 05:37:35', 'MOBILE', 'PAYMENT PENDING', NULL, '2017-12-30 05:37:35', '2017-12-30 05:37:35'),
  (1179, 25, 1, NULL, NULL, NULL, '2017-12-30 07:59:41', 'MOBILE', 'PAYMENT PENDING', NULL, '2017-12-30 07:59:41', '2017-12-30 07:59:41'),
  (1180, 25, 1, NULL, NULL, NULL, '2017-12-30 08:35:41', 'MOBILE', 'PAYMENT PENDING', NULL, '2017-12-30 08:35:41', '2017-12-30 08:35:41'),
  (1185, 54, 1, NULL, NULL, NULL, '2017-12-30 11:28:41', 'MOBILE', 'PAYMENT PENDING', NULL, '2017-12-30 11:28:41', '2017-12-30 11:28:41'),
  (1186, 54, 1, NULL, NULL, NULL, '2017-12-30 11:30:17', 'MOBILE', 'PAYMENT PENDING', NULL, '2017-12-30 11:30:17', '2017-12-30 11:30:17'),
  (1189, 5, 1, NULL, NULL, NULL, '2017-12-30 12:28:09', 'MOBILE', 'PAYMENT PENDING', NULL, '2017-12-30 12:28:09', '2017-12-30 12:28:09'),
  (1190, 25, 1, NULL, NULL, NULL, '2017-12-30 17:40:20', 'MOBILE', 'PAYMENT PENDING', NULL, '2017-12-30 17:40:20', '2017-12-30 17:40:20'),
  (1191, 10, 1, 2, NULL, NULL, '2017-12-30 20:20:07', 'MOBILE', 'KITCHEN ALLOCATED', NULL, '2017-12-30 20:20:07', '2017-12-31 13:51:29'),
  (1192, 25, 1, NULL, NULL, NULL, '2017-12-31 03:02:32', 'MOBILE', 'PAYMENT PENDING', NULL, '2017-12-31 03:02:32', '2017-12-31 03:02:32'),
  (1193, 25, 1, NULL, NULL, NULL, '2017-12-31 03:17:04', 'MOBILE', 'PAYMENT PENDING', NULL, '2017-12-31 03:17:04', '2017-12-31 03:17:04'),
  (1194, 25, 1, NULL, NULL, NULL, '2017-12-31 03:46:44', 'MOBILE', 'PAYMENT PENDING', NULL, '2017-12-31 03:46:44', '2017-12-31 03:46:44'),
  (1195, 25, 1, NULL, NULL, NULL, '2017-12-31 06:08:25', 'MOBILE', 'PAYMENT PENDING', NULL, '2017-12-31 06:08:25', '2017-12-31 06:08:25'),
  (1196, 25, 1, NULL, NULL, NULL, '2017-12-31 15:32:30', 'MOBILE', 'PAYMENT PENDING', NULL, '2017-12-31 15:32:30', '2017-12-31 15:32:30'),
  (1197, 10, 1, NULL, NULL, NULL, '2017-12-31 17:53:01', 'MOBILE', 'PAYMENT PENDING', NULL, '2017-12-31 17:53:01', '2017-12-31 17:53:01'),
  (1198, 25, 1, NULL, NULL, NULL, '2018-01-01 05:43:07', 'MOBILE', 'PAYMENT PENDING', NULL, '2018-01-01 05:43:07', '2018-01-01 05:43:07'),
  (1199, 10, 1, NULL, NULL, NULL, '2018-01-01 07:24:28', 'MOBILE', 'PAYMENT PENDING', NULL, '2018-01-01 07:24:28', '2018-01-01 07:24:28'),
  (1200, 25, 1, NULL, NULL, NULL, '2018-01-01 12:37:20', 'MOBILE', 'PAYMENT PENDING', NULL, '2018-01-01 12:37:20', '2018-01-01 12:37:20'),
  (1201, 25, 1, NULL, NULL, NULL, '2018-01-01 13:40:36', 'MOBILE', 'PAYMENT PENDING', NULL, '2018-01-01 13:40:36', '2018-01-01 13:40:36'),
  (1202, 25, 1, NULL, NULL, NULL, '2018-01-01 14:16:23', 'MOBILE', 'PAYMENT PENDING', NULL, '2018-01-01 14:16:23', '2018-01-01 14:16:23'),
  (1203, 25, 1, NULL, NULL, NULL, '2018-01-01 17:12:00', 'MOBILE', 'PAYMENT PENDING', NULL, '2018-01-01 17:12:00', '2018-01-01 17:12:00'),
  (1204, 25, 1, NULL, NULL, NULL, '2018-01-01 17:17:28', 'MOBILE', 'PAYMENT PENDING', NULL, '2018-01-01 17:17:29', '2018-01-01 17:17:29'),
  (1205, 56, 1, NULL, NULL, NULL, '2018-01-01 19:15:03', 'MOBILE', 'PAYMENT PENDING', NULL, '2018-01-01 19:15:03', '2018-01-01 19:15:03'),
  (1206, 25, 1, NULL, NULL, NULL, '2018-01-01 19:35:48', 'MOBILE', 'PAYMENT PENDING', NULL, '2018-01-01 19:35:48', '2018-01-01 19:35:48'),
  (1207, 10, 15, NULL, NULL, NULL, '2018-01-01 21:37:19', 'MOBILE', 'PAYMENT PENDING', NULL, '2018-01-01 21:37:19', '2018-01-01 21:37:19'),
  (1208, 10, 4, NULL, NULL, NULL, '2018-01-01 22:49:53', 'MOBILE', 'PAYMENT PENDING', NULL, '2018-01-01 22:49:53', '2018-01-01 22:49:53'),
  (1209, 25, 15, NULL, NULL, NULL, '2018-01-02 02:39:41', 'MOBILE', 'PAYMENT PENDING', NULL, '2018-01-02 02:39:41', '2018-01-02 02:39:41'),
  (1210, 25, 6, NULL, NULL, NULL, '2018-01-02 02:40:21', 'MOBILE', 'PAYMENT PENDING', NULL, '2018-01-02 02:40:21', '2018-01-02 02:40:21'),
  (1211, 25, 1, NULL, NULL, NULL, '2018-01-02 02:41:27', 'MOBILE', 'PAYMENT PENDING', NULL, '2018-01-02 02:41:27', '2018-01-02 02:41:27'),
  (1212, 25, 1, NULL, NULL, NULL, '2018-01-02 02:41:45', 'MOBILE', 'PAYMENT PENDING', NULL, '2018-01-02 02:41:45', '2018-01-02 02:41:45'),
  (1213, 25, 2, NULL, NULL, NULL, '2018-01-02 02:43:04', 'MOBILE', 'PAYMENT PENDING', NULL, '2018-01-02 02:43:04', '2018-01-02 02:43:04'),
  (1214, 25, 1, 1, NULL, NULL, '2018-01-02 03:15:06', 'MOBILE', 'KITCHEN ALLOCATED', '1250', '2018-01-02 03:15:06', '2018-01-02 03:51:46'),
  (1215, 25, 1, NULL, NULL, NULL, '2018-01-02 03:23:07', 'MOBILE', 'PAYMENT PENDING', NULL, '2018-01-02 03:23:07', '2018-01-02 03:23:07'),
  (1216, 25, 3, NULL, NULL, NULL, '2018-01-02 03:24:40', 'MOBILE', 'PAYMENT PENDING', NULL, '2018-01-02 03:24:40', '2018-01-02 03:24:40'),
  (1217, 25, 3, NULL, NULL, NULL, '2018-01-02 03:30:17', 'MOBILE', 'PAYMENT PENDING', NULL, '2018-01-02 03:30:17', '2018-01-02 03:30:17'),
  (1218, 10, 14, NULL, NULL, NULL, '2018-01-02 05:50:24', 'MOBILE', 'PAYMENT PENDING', NULL, '2018-01-02 05:50:24', '2018-01-02 05:50:24'),
  (1219, 10, 1, NULL, NULL, NULL, '2018-01-02 10:29:37', 'MOBILE', 'PAYMENT PENDING', NULL, '2018-01-02 10:29:37', '2018-01-02 10:29:37'),
  (1220, 29, 6, NULL, NULL, NULL, '2018-01-02 11:14:20', 'MOBILE', 'PAYMENT PENDING', NULL, '2018-01-02 11:14:20', '2018-01-02 11:14:20'),
  (1221, 25, 13, NULL, NULL, NULL, '2018-01-02 11:23:32', 'MOBILE', 'PAYMENT PENDING', NULL, '2018-01-02 11:23:32', '2018-01-02 11:23:32'),
  (1222, 25, 3, NULL, NULL, NULL, '2018-01-02 11:24:05', 'MOBILE', 'PAYMENT PENDING', NULL, '2018-01-02 11:24:05', '2018-01-02 11:24:05'),
  (1223, 25, 6, NULL, NULL, NULL, '2018-01-02 15:19:33', 'MOBILE', 'PAYMENT PENDING', NULL, '2018-01-02 15:19:33', '2018-01-02 15:19:33'),
  (1224, 25, 1, NULL, NULL, NULL, '2018-01-02 19:38:05', 'MOBILE', 'PAYMENT PENDING', NULL, '2018-01-02 19:38:05', '2018-01-02 19:38:05'),
  (1225, 10, 2, NULL, NULL, NULL, '2018-01-02 20:33:10', 'MOBILE', 'PAYMENT PENDING', NULL, '2018-01-02 20:33:10', '2018-01-02 20:33:10'),
  (1226, 25, 3, NULL, NULL, NULL, '2018-01-02 21:07:13', 'MOBILE', 'ORDER CONFIRMED', NULL, '2018-01-02 21:07:13', '2018-01-02 21:49:35'),
  (1227, 25, 6, NULL, NULL, NULL, '2018-01-02 21:18:20', 'MOBILE', 'ORDER CONFIRMED', NULL, '2018-01-02 21:18:22', '2018-01-02 21:21:54'),
  (1228, 25, 5, NULL, NULL, NULL, '2018-01-02 21:26:06', 'MOBILE', 'PAYMENT PENDING', NULL, '2018-01-02 21:26:06', '2018-01-02 21:26:06'),
  (1229, 10, 15, NULL, NULL, NULL, '2018-01-02 23:37:59', 'MOBILE', 'PAYMENT PENDING', NULL, '2018-01-02 23:37:59', '2018-01-02 23:37:59'),
  (1230, 25, 5, NULL, NULL, NULL, '2018-01-03 05:27:14', 'MOBILE', 'PAYMENT PENDING', NULL, '2018-01-03 05:27:14',
   '2018-01-03 05:27:14'),
  (1231, 25, 3, NULL, NULL, NULL, '2018-01-03 08:53:58', 'MOBILE', 'PAYMENT PENDING', NULL, '2018-01-03 08:53:58',
   '2018-01-03 08:53:58'),
  (1232, 47, 6, NULL, NULL, NULL, '2018-01-03 11:35:44', 'MOBILE', 'PAYMENT PENDING', NULL, '2018-01-03 11:35:44',
   '2018-01-03 11:35:44'),
  (1233, 47, 6, NULL, NULL, NULL, '2018-01-03 12:40:18', 'MOBILE', 'PAYMENT PENDING', NULL, '2018-01-03 12:40:18',
   '2018-01-03 12:40:18'),
  (1234, 47, 5, NULL, NULL, NULL, '2018-01-04 00:20:48', 'MOBILE', 'PAYMENT PENDING', NULL, '2018-01-04 00:20:48',
   '2018-01-04 00:20:48');

-- --------------------------------------------------------

--
-- Table structure for table `customer_order_item`
--

DROP TABLE IF EXISTS `customer_order_item`;
CREATE TABLE IF NOT EXISTS `customer_order_item` (
  `ORDER_ITEM_ID` int(11) NOT NULL AUTO_INCREMENT,
  `ORDER_ID` bigint(10) NOT NULL,
  `ITEM_TYPE_ID` bigint(10) NOT NULL,
  `QUANTITY` int(4) NOT NULL,
  `PRICE` decimal(10,0) NOT NULL,
  `SUBTOTAL` decimal(10,0) NOT NULL,
  `OPTIONS` varchar(100) COLLATE utf8_unicode_ci DEFAULT NULL,
  `NOTES` varchar(200) COLLATE utf8_unicode_ci DEFAULT NULL,
  `CREATED_AT` datetime NOT NULL,
  `UPDATED_AT` datetime DEFAULT NULL,
  PRIMARY KEY (`ORDER_ITEM_ID`),
  KEY `ORDER_ID` (`ORDER_ID`) USING BTREE,
  KEY `order_item_ibfk_2` (`ITEM_TYPE_ID`) USING BTREE
)
  ENGINE = InnoDB
  AUTO_INCREMENT = 177
  DEFAULT CHARSET = utf8
  COLLATE = utf8_unicode_ci;

--
-- Dumping data for table `customer_order_item`
--

INSERT INTO `customer_order_item` (`ORDER_ITEM_ID`, `ORDER_ID`, `ITEM_TYPE_ID`, `QUANTITY`, `PRICE`, `SUBTOTAL`, `OPTIONS`, `NOTES`, `CREATED_AT`, `UPDATED_AT`)
VALUES
  (18, 1051, 4, 4, '300', '1200', 'N/A', NULL, '2017-12-21 13:40:50', NULL),
  (19, 1051, 5, 5, '10', '50', 'N/A', NULL, '2017-12-21 13:40:50', NULL),
  (20, 1052, 5, 10, '1', '10', 'N/A', NULL, '2017-12-21 14:07:43', NULL),
  (21, 1053, 4, 5, '1', '5', 'N/A', NULL, '2017-12-21 14:10:57', NULL),
  (22, 1055, 1, 1, '1', '1', 'N/A', NULL, '2017-12-21 14:15:30', NULL),
  (23, 1056, 2, 2, '1', '2', 'N/A', NULL, '2017-12-21 15:17:48', NULL),
  (24, 1056, 2, 2, '1', '2', 'N/A', NULL, '2017-12-21 15:17:48', NULL),
  (25, 1059, 1, 3, '1', '3', 'N/A', NULL, '2017-12-21 15:34:15', NULL),
  (26, 1060, 5, 1, '1', '1', 'N/A', NULL, '2017-12-21 15:36:32', NULL),
  (27, 1062, 3, 2, '1', '2', 'N/A', NULL, '2017-12-21 17:46:10', NULL),
  (28, 1064, 5, 2, '1', '2', 'N/A', NULL, '2017-12-21 18:05:13', NULL),
  (29, 1065, 4, 1, '1', '1', 'N/A', NULL, '2017-12-21 18:16:00', NULL),
  (30, 1066, 1, 1, '1', '1', 'N/A', NULL, '2017-12-21 18:23:41', NULL),
  (31, 1067, 5, 1, '1', '1', 'N/A', NULL, '2017-12-21 18:27:20', NULL),
  (32, 1068, 5, 1, '1', '1', 'N/A', NULL, '2017-12-21 18:30:22', NULL),
  (33, 1070, 4, 10, '1', '10', 'N/A', NULL, '2017-12-21 18:48:56', NULL),
  (34, 1072, 3, 1, '1', '1', 'N/A', NULL, '2017-12-21 18:51:10', NULL),
  (35, 1073, 4, 1, '1', '1', 'N/A', NULL, '2017-12-21 19:19:39', NULL),
  (36, 1074, 5, 1, '1', '1', 'N/A', NULL, '2017-12-21 22:41:26', NULL),
  (37, 1074, 5, 1, '1', '1', 'N/A', NULL, '2017-12-21 22:41:26', NULL),
  (38, 1074, 3, 1, '1', '1', 'N/A', NULL, '2017-12-21 22:41:26', NULL),
  (39, 1074, 1, 1, '1', '1', 'N/A', NULL, '2017-12-21 22:41:26', NULL),
  (40, 1074, 4, 1, '1', '1', 'N/A', NULL, '2017-12-21 22:41:26', NULL),
  (41, 1075, 3, 5, '1', '5', 'N/A', NULL, '2017-12-22 03:13:59', NULL),
  (42, 1076, 5, 1, '1', '1', 'N/A', NULL, '2017-12-22 05:39:58', NULL),
  (43, 1076, 5, 1, '1', '1', 'N/A', NULL, '2017-12-22 05:39:58', NULL),
  (49, 1087, 4, 10, '1', '10', 'N/A', NULL, '2017-12-22 08:22:37', NULL),
  (50, 1089, 10, 20, '1', '20', 'N/A', NULL, '2017-12-22 09:00:37', NULL),
  (51, 1090, 10, 20, '1', '20', 'N/A', NULL, '2017-12-22 09:14:01', NULL),
  (52, 1090, 10, 20, '1', '20', 'N/A', NULL, '2017-12-22 09:14:01', NULL),
  (53, 1090, 9, 20, '1', '20', 'N/A', NULL, '2017-12-22 09:14:01', NULL),
  (56, 1093, 10, 1, '15', '15', 'N/A', NULL, '2017-12-22 14:38:12', NULL),
  (57, 1095, 9, 1, '13', '13', 'N/A', NULL, '2017-12-22 16:13:46', NULL),
  (58, 1095, 10, 1, '15', '15', 'N/A', NULL, '2017-12-22 16:13:46', NULL),
  (65, 1102, 5, 1, '1', '1', 'N/A', NULL, '2017-12-22 17:33:56', NULL),
  (66, 1102, 5, 1, '1', '1', 'N/A', NULL, '2017-12-22 17:33:56', NULL),
  (67, 1103, 1, 1, '15', '15', 'N/A', NULL, '2017-12-23 02:18:54', NULL),
  (68, 1103, 8, 1, '13', '13', 'N/A', NULL, '2017-12-23 02:18:54', NULL),
  (69, 1104, 1, 1, '15', '15', 'N/A', NULL, '2017-12-23 02:18:55', NULL),
  (70, 1104, 8, 1, '13', '13', 'N/A', NULL, '2017-12-23 02:18:55', NULL),
  (71, 1105, 9, 2, '11', '22', 'N/A', NULL, '2017-12-23 07:10:29', NULL),
  (72, 1105, 9, 2, '11', '22', 'N/A', NULL, '2017-12-23 07:10:29', NULL),
  (73, 1107, 3, 1, '13', '13', 'N/A', NULL, '2017-12-23 10:58:55', NULL),
  (75, 1109, 8, 6, '15', '90', 'N/A', NULL, '2017-12-24 13:34:40', NULL),
  (76, 1110, 19, 1, '1', '1', 'N/A', NULL, '2017-12-24 13:36:43', NULL),
  (77, 1110, 8, 1, '15', '15', 'N/A', NULL, '2017-12-24 13:36:43', NULL),
  (78, 1112, 3, 1, '13', '13', 'N/A', NULL, '2017-12-24 15:24:36', NULL),
  (79, 1113, 8, 1, '15', '15', 'N/A', NULL, '2017-12-24 17:25:38', NULL),
  (80, 1114, 7, 4, '11', '44', 'N/A', NULL, '2017-12-24 19:49:26', NULL),
  (81, 1124, 4, 1, '15', '15', 'N/A', NULL, '2017-12-25 07:23:43', NULL),
  (82, 1127, 4, 1, '15', '15', 'N/A', NULL, '2017-12-25 10:10:54', NULL),
  (83, 1128, 1, 1, '15', '15', 'N/A', NULL, '2017-12-25 10:18:52', NULL),
  (86, 1131, 9, 1, '11', '11', 'N/A', NULL, '2017-12-25 15:52:28', NULL),
  (87, 1133, 8, 1, '15', '15', 'N/A', NULL, '2017-12-26 02:28:52', NULL),
  (88, 1134, 9, 1, '11', '11', 'N/A', NULL, '2017-12-26 04:18:09', NULL),
  (89, 1135, 2, 1, '11', '11', 'N/A', NULL, '2017-12-26 10:39:48', NULL),
  (90, 1136, 8, 1, '15', '15', 'N/A', NULL, '2017-12-26 10:52:08', NULL),
  (91, 1137, 1, 5, '15', '75', 'N/A', NULL, '2017-12-26 10:54:25', NULL),
  (92, 1139, 1, 1, '15', '15', 'N/A', NULL, '2017-12-26 16:51:31', NULL),
  (93, 1141, 9, 1, '11', '11', 'N/A', NULL, '2017-12-26 18:15:54', NULL),
  (94, 1142, 10, 1, '15', '15', 'N/A', NULL, '2017-12-27 07:15:10', NULL),
  (95, 1143, 10, 1, '15', '15', 'N/A', NULL, '2017-12-27 09:16:21', NULL),
  (96, 1159, 1, 1, '15', '15', 'N/A', NULL, '2017-12-27 16:26:13', NULL),
  (97, 1160, 5, 1, '13', '13', 'N/A', NULL, '2017-12-28 10:41:21', NULL),
  (98, 1162, 27, 1, '1', '1', 'N/A', NULL, '2017-12-28 10:41:37', NULL),
  (101, 1166, 5, 1, '13', '13', 'N/A', NULL, '2017-12-28 11:55:09', NULL),
  (102, 1167, 23, 1, '1', '1', 'N/A', NULL, '2017-12-28 11:55:51', NULL),
  (103, 1169, 23, 1, '1', '1', 'N/A', NULL, '2017-12-28 13:23:37', NULL),
  (104, 1170, 4, 1, '15', '15', 'N/A', NULL, '2017-12-28 15:58:07', NULL),
  (107, 1173, 5, 1, '13', '13', 'N/A', NULL, '2017-12-28 20:35:56', NULL),
  (108, 1176, 5, 1, '13', '13', 'N/A', NULL, '2017-12-29 10:21:31', NULL),
  (109, 1177, 27, 1, '1', '1', 'N/A', NULL, '2017-12-30 05:30:28', NULL),
  (110, 1177, 23, 1, '1', '1', 'N/A', NULL, '2017-12-30 05:30:28', NULL),
  (111, 1178, 23, 1, '1', '1', 'N/A', NULL, '2017-12-30 05:37:35', NULL),
  (112, 1179, 8, 1, '15', '15', 'N/A', NULL, '2017-12-30 07:59:41', NULL),
  (113, 1180, 8, 1, '15', '15', 'N/A', NULL, '2017-12-30 08:35:41', NULL),
  (114, 1180, 5, 1, '13', '13', 'N/A', NULL, '2017-12-30 08:35:41', NULL),
  (119, 1186, 8, 1, '15', '15', 'N/A', NULL, '2017-12-30 11:30:17', NULL),
  (122, 1189, 2, 1, '11', '11', 'N/A', NULL, '2017-12-30 12:28:09', NULL),
  (123, 1189, 4, 1, '15', '15', 'N/A', NULL, '2017-12-30 12:28:09', NULL),
  (124, 1189, 1, 1, '15', '15', 'N/A', NULL, '2017-12-30 12:28:09', NULL),
  (125, 1190, 3, 1, '13', '13', 'N/A', NULL, '2017-12-30 17:40:20', NULL),
  (126, 1191, 5, 1, '13', '13', 'N/A', NULL, '2017-12-30 20:20:07', NULL),
  (127, 1191, 27, 1, '1', '1', 'N/A', NULL, '2017-12-30 20:20:07', NULL),
  (128, 1192, 3, 1, '13', '13', 'N/A', NULL, '2017-12-31 03:02:32', NULL),
  (129, 1193, 8, 1, '15', '15', 'N/A', NULL, '2017-12-31 03:17:04', NULL),
  (130, 1193, 27, 1, '1', '1', 'N/A', NULL, '2017-12-31 03:17:04', NULL),
  (131, 1194, 3, 1, '13', '13', 'N/A', NULL, '2017-12-31 03:46:44', NULL),
  (132, 1194, 8, 1, '15', '15', 'N/A', NULL, '2017-12-31 03:46:44', NULL),
  (133, 1194, 27, 10, '1', '10', 'N/A', NULL, '2017-12-31 03:46:44', NULL),
  (134, 1195, 3, 1, '13', '13', 'N/A', NULL, '2017-12-31 06:08:25', NULL),
  (135, 1196, 3, 1, '13', '13', 'N/A', NULL, '2017-12-31 15:32:30', NULL),
  (136, 1197, 2, 1, '11', '11', 'N/A', NULL, '2017-12-31 17:53:01', NULL),
  (137, 1197, 23, 1, '1', '1', 'N/A', NULL, '2017-12-31 17:53:01', NULL),
  (138, 1198, 3, 1, '13', '13', 'N/A', NULL, '2018-01-01 05:43:07', NULL),
  (139, 1199, 1, 1, '15', '15', 'N/A', NULL, '2018-01-01 07:24:28', NULL),
  (140, 1200, 5, 1, '13', '13', 'N/A', NULL, '2018-01-01 12:37:20', NULL),
  (141, 1201, 4, 1, '15', '15', 'N/A', NULL, '2018-01-01 13:40:36', NULL),
  (142, 1202, 10, 1, '15', '15', 'N/A', NULL, '2018-01-01 14:16:23', NULL),
  (143, 1203, 5, 1, '13', '13', 'N/A', NULL, '2018-01-01 17:12:00', NULL),
  (144, 1203, 8, 1, '15', '15', 'N/A', NULL, '2018-01-01 17:12:00', NULL),
  (145, 1204, 3, 1, '13', '13', 'N/A', NULL, '2018-01-01 17:17:28', NULL),
  (146, 1206, 10, 1, '15', '15', 'N/A', NULL, '2018-01-01 19:35:48', NULL),
  (147, 1207, 2, 1, '11', '11', 'N/A', NULL, '2018-01-01 21:37:19', NULL),
  (148, 1208, 4, 1, '15', '15', 'N/A', NULL, '2018-01-01 22:49:53', NULL),
  (149, 1209, 3, 1, '13', '13', 'N/A', NULL, '2018-01-02 02:39:41', NULL),
  (150, 1210, 23, 10, '1', '10', 'N/A', NULL, '2018-01-02 02:40:21', NULL),
  (151, 1211, 5, 1, '13', '13', 'N/A', NULL, '2018-01-02 02:41:27', NULL),
  (152, 1213, 3, 1, '13', '13', 'N/A', NULL, '2018-01-02 02:43:04', NULL),
  (153, 1213, 19, 11, '1', '11', 'N/A', NULL, '2018-01-02 02:43:04', NULL),
  (154, 1214, 4, 1, '15', '15', 'N/A', 'Test Order Here', '2018-01-02 03:15:06', NULL),
  (155, 1214, 23, 1, '1', '1', 'N/A', 'Test Order Here', '2018-01-02 03:15:06', NULL),
  (156, 1215, 3, 1, '13', '13', 'N/A', NULL, '2018-01-02 03:23:07', NULL),
  (157, 1218, 31, 1, '1', '1', 'N/A', NULL, '2018-01-02 05:50:24', NULL),
  (158, 1219, 31, 1, '1', '1', 'N/A', NULL, '2018-01-02 10:29:37', NULL),
  (159, 1220, 4, 1, '15', '15', 'N/A', NULL, '2018-01-02 11:14:20', NULL),
  (160, 1221, 3, 1, '13', '13', 'N/A', NULL, '2018-01-02 11:23:32', NULL),
  (161, 1223, 3, 1, '13', '13', 'N/A', NULL, '2018-01-02 15:19:33', NULL),
  (162, 1224, 3, 1, '13', '13', 'N/A', NULL, '2018-01-02 19:38:05', NULL),
  (163, 1225, 31, 1, '1', '1', 'N/A', NULL, '2018-01-02 20:33:10', NULL),
  (164, 1226, 31, 1, '1', '1', 'N/A', NULL, '2018-01-02 21:07:13', NULL),
  (165, 1226, 3, 1, '13', '13', 'N/A', NULL, '2018-01-02 21:07:13', NULL),
  (166, 1227, 3, 1, '13', '13', 'N/A', NULL, '2018-01-02 21:18:21', NULL),
  (167, 1228, 3, 1, '13', '13', 'N/A', NULL, '2018-01-02 21:26:06', NULL),
  (168, 1229, 31, 1, '1', '1', 'N/A', NULL, '2018-01-02 23:37:59', NULL),
  (169, 1229, 23, 1, '1', '1', 'N/A', NULL, '2018-01-02 23:37:59', NULL),
  (170, 1229, 3, 1, '13', '13', 'N/A', NULL, '2018-01-02 23:37:59', NULL),
  (171, 1229, 4, 10, '15', '150', 'N/A', NULL, '2018-01-02 23:37:59', NULL),
  (172, 1230, 3, 1, '13', '13', 'N/A', NULL, '2018-01-03 05:27:14', NULL),
  (173, 1231, 3, 1, '13', '13', 'N/A', NULL, '2018-01-03 08:53:58', NULL),
  (174, 1232, 7, 2, '11', '22', 'N/A', NULL, '2018-01-03 11:35:44', NULL),
  (175, 1233, 3, 1, '13', '13', 'N/A', NULL, '2018-01-03 12:40:18', NULL),
  (176, 1234, 8, 1, '15', '15', 'N/A', NULL, '2018-01-04 00:20:48', NULL);

-- --------------------------------------------------------

--
-- Table structure for table `db_cache`
--

DROP TABLE IF EXISTS `db_cache`;
CREATE TABLE IF NOT EXISTS `db_cache` (
  `id`     char(128) NOT NULL,
  `expire` int(11) DEFAULT NULL,
  `data`   BLOB,
  PRIMARY KEY (`id`),
  KEY `expire` (`expire`)
) ENGINE=InnoDB DEFAULT CHARSET=latin1;

--
-- Dumping data for table `db_cache`
--

INSERT INTO `db_cache` (`id`, `expire`, `data`) VALUES
  ('963454f612a8b5fb4a63ba1e97f028a1', 0,
   0x613a323a7b693a303b613a323a7b693a303b613a32333a7b693a303b4f3a31353a227969695c7765625c55726c52756c65223a31363a7b733a343a226e616d65223b733a32353a223c636f6e74726f6c6c65723a5c772b3e2f3c69643a5c642b3e223b733a373a227061747465726e223b733a34323a22235e283f503c6134636632363639613e5c772b292f283f503c6162663339363735303e5c642b29242375223b733a343a22686f7374223b4e3b733a353a22726f757465223b733a31373a223c636f6e74726f6c6c65723e2f76696577223b733a383a2264656661756c7473223b613a303a7b7d733a363a22737566666978223b4e3b733a343a2276657262223b4e3b733a343a226d6f6465223b4e3b733a31323a22656e636f6465506172616d73223b623a313b733a31303a226e6f726d616c697a6572223b4e3b733a31353a22002a00637265617465537461747573223b4e3b733a31353a22002a00706c616365686f6c64657273223b613a323a7b733a393a22613463663236363961223b733a31303a22636f6e74726f6c6c6572223b733a393a22616266333936373530223b733a323a226964223b7d733a32363a22007969695c7765625c55726c52756c65005f74656d706c617465223b733a31393a222f3c636f6e74726f6c6c65723e2f3c69643e2f223b733a32373a22007969695c7765625c55726c52756c65005f726f75746552756c65223b733a32383a22235e283f503c6134636632363639613e5c772b292f76696577242375223b733a32383a22007969695c7765625c55726c52756c65005f706172616d52756c6573223b613a313a7b733a323a226964223b733a383a22235e5c642b242375223b7d733a32393a22007969695c7765625c55726c52756c65005f726f757465506172616d73223b613a313a7b733a31303a22636f6e74726f6c6c6572223b733a31323a223c636f6e74726f6c6c65723e223b7d7d693a313b4f3a31353a227969695c7765625c55726c52756c65223a31363a7b733a343a226e616d65223b733a33383a223c636f6e74726f6c6c65723a5c772b3e2f3c616374696f6e3a5c772b3e2f3c69643a5c642b3e223b733a373a227061747465726e223b733a36313a22235e283f503c6134636632363639613e5c772b292f283f503c6134376363386339323e5c772b292f283f503c6162663339363735303e5c642b29242375223b733a343a22686f7374223b4e3b733a353a22726f757465223b733a32313a223c636f6e74726f6c6c65723e2f3c616374696f6e3e223b733a383a2264656661756c7473223b613a303a7b7d733a363a22737566666978223b4e3b733a343a2276657262223b4e3b733a343a226d6f6465223b4e3b733a31323a22656e636f6465506172616d73223b623a313b733a31303a226e6f726d616c697a6572223b4e3b733a31353a22002a00637265617465537461747573223b4e3b733a31353a22002a00706c616365686f6c64657273223b613a333a7b733a393a22613463663236363961223b733a31303a22636f6e74726f6c6c6572223b733a393a22613437636338633932223b733a363a22616374696f6e223b733a393a22616266333936373530223b733a323a226964223b7d733a32363a22007969695c7765625c55726c52756c65005f74656d706c617465223b733a32383a222f3c636f6e74726f6c6c65723e2f3c616374696f6e3e2f3c69643e2f223b733a32373a22007969695c7765625c55726c52756c65005f726f75746552756c65223b733a34323a22235e283f503c6134636632363639613e5c772b292f283f503c6134376363386339323e5c772b29242375223b733a32383a22007969695c7765625c55726c52756c65005f706172616d52756c6573223b613a313a7b733a323a226964223b733a383a22235e5c642b242375223b7d733a32393a22007969695c7765625c55726c52756c65005f726f757465506172616d73223b613a323a7b733a31303a22636f6e74726f6c6c6572223b733a31323a223c636f6e74726f6c6c65723e223b733a363a22616374696f6e223b733a383a223c616374696f6e3e223b7d7d693a323b4f3a31353a227969695c7765625c55726c52756c65223a31363a7b733a343a226e616d65223b733a32393a223c636f6e74726f6c6c65723a5c772b3e2f3c616374696f6e3a5c772b3e223b733a373a227061747465726e223b733a34323a22235e283f503c6134636632363639613e5c772b292f283f503c6134376363386339323e5c772b29242375223b733a343a22686f7374223b4e3b733a353a22726f757465223b733a32313a223c636f6e74726f6c6c65723e2f3c616374696f6e3e223b733a383a2264656661756c7473223b613a303a7b7d733a363a22737566666978223b4e3b733a343a2276657262223b4e3b733a343a226d6f6465223b4e3b733a31323a22656e636f6465506172616d73223b623a313b733a31303a226e6f726d616c697a6572223b4e3b733a31353a22002a00637265617465537461747573223b4e3b733a31353a22002a00706c616365686f6c64657273223b613a323a7b733a393a22613463663236363961223b733a31303a22636f6e74726f6c6c6572223b733a393a22613437636338633932223b733a363a22616374696f6e223b7d733a32363a22007969695c7765625c55726c52756c65005f74656d706c617465223b733a32333a222f3c636f6e74726f6c6c65723e2f3c616374696f6e3e2f223b733a32373a22007969695c7765625c55726c52756c65005f726f75746552756c65223b733a34323a22235e283f503c6134636632363639613e5c772b292f283f503c6134376363386339323e5c772b29242375223b733a32383a22007969695c7765625c55726c52756c65005f706172616d52756c6573223b613a303a7b7d733a32393a22007969695c7765625c55726c52756c65005f726f757465506172616d73223b613a323a7b733a31303a22636f6e74726f6c6c6572223b733a31323a223c636f6e74726f6c6c65723e223b733a363a22616374696f6e223b733a383a223c616374696f6e3e223b7d7d693a333b4f3a31353a227969695c7765625c55726c52756c65223a31363a7b733a343a226e616d65223b733a313a222f223b733a373a227061747465726e223b733a353a22235e242375223b733a343a22686f7374223b4e3b733a353a22726f757465223b733a31303a22736974652f696e646578223b733a383a2264656661756c7473223b613a303a7b7d733a363a22737566666978223b4e3b733a343a2276657262223b4e3b733a343a226d6f6465223b4e3b733a31323a22656e636f6465506172616d73223b623a313b733a31303a226e6f726d616c697a6572223b4e3b733a31353a22002a00637265617465537461747573223b4e3b733a31353a22002a00706c616365686f6c64657273223b613a303a7b7d733a32363a22007969695c7765625c55726c52756c65005f74656d706c617465223b733a303a22223b733a32373a22007969695c7765625c55726c52756c65005f726f75746552756c65223b4e3b733a32383a22007969695c7765625c55726c52756c65005f706172616d52756c6573223b613a303a7b7d733a32393a22007969695c7765625c55726c52756c65005f726f757465506172616d73223b613a303a7b7d7d693a343b4f3a31353a227969695c7765625c55726c52756c65223a31363a7b733a343a226e616d65223b733a393a226d792d73616c6f6e73223b733a373a227061747465726e223b733a31343a22235e6d792d73616c6f6e73242375223b733a343a22686f7374223b4e3b733a353a22726f757465223b733a31313a2273616c6f6e2f696e646578223b733a383a2264656661756c7473223b613a303a7b7d733a363a22737566666978223b4e3b733a343a2276657262223b4e3b733a343a226d6f6465223b4e3b733a31323a22656e636f6465506172616d73223b623a313b733a31303a226e6f726d616c697a6572223b4e3b733a31353a22002a00637265617465537461747573223b4e3b733a31353a22002a00706c616365686f6c64657273223b613a303a7b7d733a32363a22007969695c7765625c55726c52756c65005f74656d706c617465223b733a31313a222f6d792d73616c6f6e732f223b733a32373a22007969695c7765625c55726c52756c65005f726f75746552756c65223b4e3b733a32383a22007969695c7765625c55726c52756c65005f706172616d52756c6573223b613a303a7b7d733a32393a22007969695c7765625c55726c52756c65005f726f757465506172616d73223b613a303a7b7d7d693a353b4f3a31353a227969695c7765625c55726c52756c65223a31363a7b733a343a226e616d65223b733a383a226d792d7374616666223b733a373a227061747465726e223b733a31333a22235e6d792d7374616666242375223b733a343a22686f7374223b4e3b733a353a22726f757465223b733a31313a2273746166662f696e646578223b733a383a2264656661756c7473223b613a303a7b7d733a363a22737566666978223b4e3b733a343a2276657262223b4e3b733a343a226d6f6465223b4e3b733a31323a22656e636f6465506172616d73223b623a313b733a31303a226e6f726d616c697a6572223b4e3b733a31353a22002a00637265617465537461747573223b4e3b733a31353a22002a00706c616365686f6c64657273223b613a303a7b7d733a32363a22007969695c7765625c55726c52756c65005f74656d706c617465223b733a31303a222f6d792d73746166662f223b733a32373a22007969695c7765625c55726c52756c65005f726f75746552756c65223b4e3b733a32383a22007969695c7765625c55726c52756c65005f706172616d52756c6573223b613a303a7b7d733a32393a22007969695c7765625c55726c52756c65005f726f757465506172616d73223b613a303a7b7d7d693a363b4f3a31353a227969695c7765625c55726c52756c65223a31363a7b733a343a226e616d65223b733a31313a226d792d7061796d656e7473223b733a373a227061747465726e223b733a31363a22235e6d792d7061796d656e7473242375223b733a343a22686f7374223b4e3b733a353a22726f757465223b733a31333a227061796d656e742f696e646578223b733a383a2264656661756c7473223b613a303a7b7d733a363a22737566666978223b4e3b733a343a2276657262223b4e3b733a343a226d6f6465223b4e3b733a31323a22656e636f6465506172616d73223b623a313b733a31303a226e6f726d616c697a6572223b4e3b733a31353a22002a00637265617465537461747573223b4e3b733a31353a22002a00706c616365686f6c64657273223b613a303a7b7d733a32363a22007969695c7765625c55726c52756c65005f74656d706c617465223b733a31333a222f6d792d7061796d656e74732f223b733a32373a22007969695c7765625c55726c52756c65005f726f75746552756c65223b4e3b733a32383a22007969695c7765625c55726c52756c65005f706172616d52756c6573223b613a303a7b7d733a32393a22007969695c7765625c55726c52756c65005f726f757465506172616d73223b613a303a7b7d7d693a373b4f3a31353a227969695c7765625c55726c52756c65223a31363a7b733a343a226e616d65223b733a31363a2270656e64696e672d7061796d656e7473223b733a373a227061747465726e223b733a32313a22235e70656e64696e672d7061796d656e7473242375223b733a343a22686f7374223b4e3b733a353a22726f757465223b733a32343a227061796d656e742f70656e64696e672d7061796d656e7473223b733a383a2264656661756c7473223b613a303a7b7d733a363a22737566666978223b4e3b733a343a2276657262223b4e3b733a343a226d6f6465223b4e3b733a31323a22656e636f6465506172616d73223b623a313b733a31303a226e6f726d616c697a6572223b4e3b733a31353a22002a00637265617465537461747573223b4e3b733a31353a22002a00706c616365686f6c64657273223b613a303a7b7d733a32363a22007969695c7765625c55726c52756c65005f74656d706c617465223b733a31383a222f70656e64696e672d7061796d656e74732f223b733a32373a22007969695c7765625c55726c52756c65005f726f75746552756c65223b4e3b733a32383a22007969695c7765625c55726c52756c65005f706172616d52756c6573223b613a303a7b7d733a32393a22007969695c7765625c55726c52756c65005f726f757465506172616d73223b613a303a7b7d7d693a383b4f3a31353a227969695c7765625c55726c52756c65223a31363a7b733a343a226e616d65223b733a31353a22636f6e6669726d2d7061796d656e74223b733a373a227061747465726e223b733a32303a22235e636f6e6669726d2d7061796d656e74242375223b733a343a22686f7374223b4e3b733a353a22726f757465223b733a32333a227061796d656e742f636f6e6669726d2d7061796d656e74223b733a383a2264656661756c7473223b613a303a7b7d733a363a22737566666978223b4e3b733a343a2276657262223b4e3b733a343a226d6f6465223b4e3b733a31323a22656e636f6465506172616d73223b623a313b733a31303a226e6f726d616c697a6572223b4e3b733a31353a22002a00637265617465537461747573223b4e3b733a31353a22002a00706c616365686f6c64657273223b613a303a7b7d733a32363a22007969695c7765625c55726c52756c65005f74656d706c617465223b733a31373a222f636f6e6669726d2d7061796d656e742f223b733a32373a22007969695c7765625c55726c52756c65005f726f75746552756c65223b4e3b733a32383a22007969695c7765625c55726c52756c65005f706172616d52756c6573223b613a303a7b7d733a32393a22007969695c7765625c55726c52756c65005f726f757465506172616d73223b613a303a7b7d7d693a393b4f3a31353a227969695c7765625c55726c52756c65223a31363a7b733a343a226e616d65223b733a31383a2266696e616c697a65642d7061796d656e7473223b733a373a227061747465726e223b733a32333a22235e66696e616c697a65642d7061796d656e7473242375223b733a343a22686f7374223b4e3b733a353a22726f757465223b733a32363a227061796d656e742f66696e616c697a65642d7061796d656e7473223b733a383a2264656661756c7473223b613a303a7b7d733a363a22737566666978223b4e3b733a343a2276657262223b4e3b733a343a226d6f6465223b4e3b733a31323a22656e636f6465506172616d73223b623a313b733a31303a226e6f726d616c697a6572223b4e3b733a31353a22002a00637265617465537461747573223b4e3b733a31353a22002a00706c616365686f6c64657273223b613a303a7b7d733a32363a22007969695c7765625c55726c52756c65005f74656d706c617465223b733a32303a222f66696e616c697a65642d7061796d656e74732f223b733a32373a22007969695c7765625c55726c52756c65005f726f75746552756c65223b4e3b733a32383a22007969695c7765625c55726c52756c65005f706172616d52756c6573223b613a303a7b7d733a32393a22007969695c7765625c55726c52756c65005f726f757465506172616d73223b613a303a7b7d7d693a31303b4f3a31353a227969695c7765625c55726c52756c65223a31363a7b733a343a226e616d65223b733a31313a226d792d626f6f6b696e6773223b733a373a227061747465726e223b733a31363a22235e6d792d626f6f6b696e6773242375223b733a343a22686f7374223b4e3b733a353a22726f757465223b733a31373a227265736572766174696f6e2f696e646578223b733a383a2264656661756c7473223b613a303a7b7d733a363a22737566666978223b4e3b733a343a2276657262223b4e3b733a343a226d6f6465223b4e3b733a31323a22656e636f6465506172616d73223b623a313b733a31303a226e6f726d616c697a6572223b4e3b733a31353a22002a00637265617465537461747573223b4e3b733a31353a22002a00706c616365686f6c64657273223b613a303a7b7d733a32363a22007969695c7765625c55726c52756c65005f74656d706c617465223b733a31333a222f6d792d626f6f6b696e67732f223b733a32373a22007969695c7765625c55726c52756c65005f726f75746552756c65223b4e3b733a32383a22007969695c7765625c55726c52756c65005f706172616d52756c6573223b613a303a7b7d733a32393a22007969695c7765625c55726c52756c65005f726f757465506172616d73223b613a303a7b7d7d693a31313b4f3a31353a227969695c7765625c55726c52756c65223a31363a7b733a343a226e616d65223b733a31313a226164642d73657276696365223b733a373a227061747465726e223b733a31363a22235e6164642d73657276696365242375223b733a343a22686f7374223b4e3b733a353a22726f757465223b733a32303a2273616c6f6e73657276696365732f637265617465223b733a383a2264656661756c7473223b613a303a7b7d733a363a22737566666978223b4e3b733a343a2276657262223b4e3b733a343a226d6f6465223b4e3b733a31323a22656e636f6465506172616d73223b623a313b733a31303a226e6f726d616c697a6572223b4e3b733a31353a22002a00637265617465537461747573223b4e3b733a31353a22002a00706c616365686f6c64657273223b613a303a7b7d733a32363a22007969695c7765625c55726c52756c65005f74656d706c617465223b733a31333a222f6164642d736572766963652f223b733a32373a22007969695c7765625c55726c52756c65005f726f75746552756c65223b4e3b733a32383a22007969695c7765625c55726c52756c65005f706172616d52756c6573223b613a303a7b7d733a32393a22007969695c7765625c55726c52756c65005f726f757465506172616d73223b613a303a7b7d7d693a31323b4f3a31353a227969695c7765625c55726c52756c65223a31363a7b733a343a226e616d65223b733a31343a2261737369676e2d73657276696365223b733a373a227061747465726e223b733a31393a22235e61737369676e2d73657276696365242375223b733a343a22686f7374223b4e3b733a353a22726f757465223b733a32313a22626f6f6b65642f61737369676e2d73657276696365223b733a383a2264656661756c7473223b613a303a7b7d733a363a22737566666978223b4e3b733a343a2276657262223b4e3b733a343a226d6f6465223b4e3b733a31323a22656e636f6465506172616d73223b623a313b733a31303a226e6f726d616c697a6572223b4e3b733a31353a22002a00637265617465537461747573223b4e3b733a31353a22002a00706c616365686f6c64657273223b613a303a7b7d733a32363a22007969695c7765625c55726c52756c65005f74656d706c617465223b733a31363a222f61737369676e2d736572766963652f223b733a32373a22007969695c7765625c55726c52756c65005f726f75746552756c65223b4e3b733a32383a22007969695c7765625c55726c52756c65005f706172616d52756c6573223b613a303a7b7d733a32393a22007969695c7765625c55726c52756c65005f726f757465506172616d73223b613a303a7b7d7d693a31333b4f3a31353a227969695c7765625c55726c52756c65223a31363a7b733a343a226e616d65223b733a31353a22636f6e6669726d2d73657276696365223b733a373a227061747465726e223b733a32303a22235e636f6e6669726d2d73657276696365242375223b733a343a22686f7374223b4e3b733a353a22726f757465223b733a32323a22626f6f6b65642f636f6e6669726d2d73657276696365223b733a383a2264656661756c7473223b613a303a7b7d733a363a22737566666978223b4e3b733a343a2276657262223b4e3b733a343a226d6f6465223b4e3b733a31323a22656e636f6465506172616d73223b623a313b733a31303a226e6f726d616c697a6572223b4e3b733a31353a22002a00637265617465537461747573223b4e3b733a31353a22002a00706c616365686f6c64657273223b613a303a7b7d733a32363a22007969695c7765625c55726c52756c65005f74656d706c617465223b733a31373a222f636f6e6669726d2d736572766963652f223b733a32373a22007969695c7765625c55726c52756c65005f726f75746552756c65223b4e3b733a32383a22007969695c7765625c55726c52756c65005f706172616d52756c6573223b613a303a7b7d733a32393a22007969695c7765625c55726c52756c65005f726f757465506172616d73223b613a303a7b7d7d693a31343b4f3a31353a227969695c7765625c55726c52756c65223a31363a7b733a343a226e616d65223b733a31393a22636f6e6669726d2d7265736572766174696f6e223b733a373a227061747465726e223b733a32343a22235e636f6e6669726d2d7265736572766174696f6e242375223b733a343a22686f7374223b4e3b733a353a22726f757465223b733a33313a227265736572766174696f6e2f636f6e6669726d2d7265736572766174696f6e223b733a383a2264656661756c7473223b613a303a7b7d733a363a22737566666978223b4e3b733a343a2276657262223b4e3b733a343a226d6f6465223b4e3b733a31323a22656e636f6465506172616d73223b623a313b733a31303a226e6f726d616c697a6572223b4e3b733a31353a22002a00637265617465537461747573223b4e3b733a31353a22002a00706c616365686f6c64657273223b613a303a7b7d733a32363a22007969695c7765625c55726c52756c65005f74656d706c617465223b733a32313a222f636f6e6669726d2d7265736572766174696f6e2f223b733a32373a22007969695c7765625c55726c52756c65005f726f75746552756c65223b4e3b733a32383a22007969695c7765625c55726c52756c65005f706172616d52756c6573223b613a303a7b7d733a32393a22007969695c7765625c55726c52756c65005f726f757465506172616d73223b613a303a7b7d7d693a31353b4f3a31353a227969695c7765625c55726c52756c65223a31363a7b733a343a226e616d65223b733a31393a2270726f636573732d7265736572766174696f6e223b733a373a227061747465726e223b733a32343a22235e70726f636573732d7265736572766174696f6e242375223b733a343a22686f7374223b4e3b733a353a22726f757465223b733a33313a227265736572766174696f6e2f70726f636573732d7265736572766174696f6e223b733a383a2264656661756c7473223b613a303a7b7d733a363a22737566666978223b4e3b733a343a2276657262223b4e3b733a343a226d6f6465223b4e3b733a31323a22656e636f6465506172616d73223b623a313b733a31303a226e6f726d616c697a6572223b4e3b733a31353a22002a00637265617465537461747573223b4e3b733a31353a22002a00706c616365686f6c64657273223b613a303a7b7d733a32363a22007969695c7765625c55726c52756c65005f74656d706c617465223b733a32313a222f70726f636573732d7265736572766174696f6e2f223b733a32373a22007969695c7765625c55726c52756c65005f726f75746552756c65223b4e3b733a32383a22007969695c7765625c55726c52756c65005f706172616d52756c6573223b613a303a7b7d733a32393a22007969695c7765625c55726c52756c65005f726f757465506172616d73223b613a303a7b7d7d693a31363b4f3a31353a227969695c7765625c55726c52756c65223a31363a7b733a343a226e616d65223b733a373a22636f6e6669726d223b733a373a227061747465726e223b733a31323a22235e636f6e6669726d242375223b733a343a22686f7374223b4e3b733a353a22726f757465223b733a31393a227265736572766174696f6e2f636f6e6669726d223b733a383a2264656661756c7473223b613a303a7b7d733a363a22737566666978223b4e3b733a343a2276657262223b4e3b733a343a226d6f6465223b4e3b733a31323a22656e636f6465506172616d73223b623a313b733a31303a226e6f726d616c697a6572223b4e3b733a31353a22002a00637265617465537461747573223b4e3b733a31353a22002a00706c616365686f6c64657273223b613a303a7b7d733a32363a22007969695c7765625c55726c52756c65005f74656d706c617465223b733a393a222f636f6e6669726d2f223b733a32373a22007969695c7765625c55726c52756c65005f726f75746552756c65223b4e3b733a32383a22007969695c7765625c55726c52756c65005f706172616d52756c6573223b613a303a7b7d733a32393a22007969695c7765625c55726c52756c65005f726f757465506172616d73223b613a303a7b7d7d693a31373b4f3a31353a227969695c7765625c55726c52756c65223a31363a7b733a343a226e616d65223b733a383a227365727669636573223b733a373a227061747465726e223b733a31333a22235e7365727669636573242375223b733a343a22686f7374223b4e3b733a353a22726f757465223b733a31333a22736572766963652f696e646578223b733a383a2264656661756c7473223b613a303a7b7d733a363a22737566666978223b4e3b733a343a2276657262223b4e3b733a343a226d6f6465223b4e3b733a31323a22656e636f6465506172616d73223b623a313b733a31303a226e6f726d616c697a6572223b4e3b733a31353a22002a00637265617465537461747573223b4e3b733a31353a22002a00706c616365686f6c64657273223b613a303a7b7d733a32363a22007969695c7765625c55726c52756c65005f74656d706c617465223b733a31303a222f73657276696365732f223b733a32373a22007969695c7765625c55726c52756c65005f726f75746552756c65223b4e3b733a32383a22007969695c7765625c55726c52756c65005f706172616d52756c6573223b613a303a7b7d733a32393a22007969695c7765625c55726c52756c65005f726f757465506172616d73223b613a303a7b7d7d693a31383b4f3a31353a227969695c7765625c55726c52756c65223a31363a7b733a343a226e616d65223b733a31323a226163746976652d7573657273223b733a373a227061747465726e223b733a31373a22235e6163746976652d7573657273242375223b733a343a22686f7374223b4e3b733a353a22726f757465223b733a31373a22757365722f6163746976652d7573657273223b733a383a2264656661756c7473223b613a303a7b7d733a363a22737566666978223b4e3b733a343a2276657262223b4e3b733a343a226d6f6465223b4e3b733a31323a22656e636f6465506172616d73223b623a313b733a31303a226e6f726d616c697a6572223b4e3b733a31353a22002a00637265617465537461747573223b4e3b733a31353a22002a00706c616365686f6c64657273223b613a303a7b7d733a32363a22007969695c7765625c55726c52756c65005f74656d706c617465223b733a31343a222f6163746976652d75736572732f223b733a32373a22007969695c7765625c55726c52756c65005f726f75746552756c65223b4e3b733a32383a22007969695c7765625c55726c52756c65005f706172616d52756c6573223b613a303a7b7d733a32393a22007969695c7765625c55726c52756c65005f726f757465506172616d73223b613a303a7b7d7d693a31393b4f3a31353a227969695c7765625c55726c52756c65223a31363a7b733a343a226e616d65223b733a31333a2270656e64696e672d7573657273223b733a373a227061747465726e223b733a31383a22235e70656e64696e672d7573657273242375223b733a343a22686f7374223b4e3b733a353a22726f757465223b733a31383a22757365722f70656e64696e672d7573657273223b733a383a2264656661756c7473223b613a303a7b7d733a363a22737566666978223b4e3b733a343a2276657262223b4e3b733a343a226d6f6465223b4e3b733a31323a22656e636f6465506172616d73223b623a313b733a31303a226e6f726d616c697a6572223b4e3b733a31353a22002a00637265617465537461747573223b4e3b733a31353a22002a00706c616365686f6c64657273223b613a303a7b7d733a32363a22007969695c7765625c55726c52756c65005f74656d706c617465223b733a31353a222f70656e64696e672d75736572732f223b733a32373a22007969695c7765625c55726c52756c65005f726f75746552756c65223b4e3b733a32383a22007969695c7765625c55726c52756c65005f706172616d52756c6573223b613a303a7b7d733a32393a22007969695c7765625c55726c52756c65005f726f757465506172616d73223b613a303a7b7d7d693a32303b4f3a31353a227969695c7765625c55726c52756c65223a31363a7b733a343a226e616d65223b733a31353a2273757370656e6465642d7573657273223b733a373a227061747465726e223b733a32303a22235e73757370656e6465642d7573657273242375223b733a343a22686f7374223b4e3b733a353a22726f757465223b733a32303a22757365722f73757370656e6465642d7573657273223b733a383a2264656661756c7473223b613a303a7b7d733a363a22737566666978223b4e3b733a343a2276657262223b4e3b733a343a226d6f6465223b4e3b733a31323a22656e636f6465506172616d73223b623a313b733a31303a226e6f726d616c697a6572223b4e3b733a31353a22002a00637265617465537461747573223b4e3b733a31353a22002a00706c616365686f6c64657273223b613a303a7b7d733a32363a22007969695c7765625c55726c52756c65005f74656d706c617465223b733a31373a222f73757370656e6465642d75736572732f223b733a32373a22007969695c7765625c55726c52756c65005f726f75746552756c65223b4e3b733a32383a22007969695c7765625c55726c52756c65005f706172616d52756c6573223b613a303a7b7d733a32393a22007969695c7765625c55726c52756c65005f726f757465506172616d73223b613a303a7b7d7d693a32313b4f3a31353a227969695c7765625c55726c52756c65223a31363a7b733a343a226e616d65223b733a31373a2264656163746976617465642d7573657273223b733a373a227061747465726e223b733a32323a22235e64656163746976617465642d7573657273242375223b733a343a22686f7374223b4e3b733a353a22726f757465223b733a32323a22757365722f64656163746976617465642d7573657273223b733a383a2264656661756c7473223b613a303a7b7d733a363a22737566666978223b4e3b733a343a2276657262223b4e3b733a343a226d6f6465223b4e3b733a31323a22656e636f6465506172616d73223b623a313b733a31303a226e6f726d616c697a6572223b4e3b733a31353a22002a00637265617465537461747573223b4e3b733a31353a22002a00706c616365686f6c64657273223b613a303a7b7d733a32363a22007969695c7765625c55726c52756c65005f74656d706c617465223b733a31393a222f64656163746976617465642d75736572732f223b733a32373a22007969695c7765625c55726c52756c65005f726f75746552756c65223b4e3b733a32383a22007969695c7765625c55726c52756c65005f706172616d52756c6573223b613a303a7b7d733a32393a22007969695c7765625c55726c52756c65005f726f757465506172616d73223b613a303a7b7d7d693a32323b4f3a31353a227969695c7765625c55726c52756c65223a31363a7b733a343a226e616d65223b733a31313a22757365722d737461747573223b733a373a227061747465726e223b733a31363a22235e757365722d737461747573242375223b733a343a22686f7374223b4e3b733a353a22726f757465223b733a31363a22757365722f757365722d737461747573223b733a383a2264656661756c7473223b613a303a7b7d733a363a22737566666978223b4e3b733a343a2276657262223b4e3b733a343a226d6f6465223b4e3b733a31323a22656e636f6465506172616d73223b623a313b733a31303a226e6f726d616c697a6572223b4e3b733a31353a22002a00637265617465537461747573223b4e3b733a31353a22002a00706c616365686f6c64657273223b613a303a7b7d733a32363a22007969695c7765625c55726c52756c65005f74656d706c617465223b733a31333a222f757365722d7374617475732f223b733a32373a22007969695c7765625c55726c52756c65005f726f75746552756c65223b4e3b733a32383a22007969695c7765625c55726c52756c65005f706172616d52756c6573223b613a303a7b7d733a32393a22007969695c7765625c55726c52756c65005f726f757465506172616d73223b613a303a7b7d7d7d693a313b733a33323a226232653031636433643535663537643638626664363364323039373561336535223b7d693a313b4e3b7d);

-- --------------------------------------------------------

--
-- Table structure for table `kitchen`
--

DROP TABLE IF EXISTS `kitchen`;
CREATE TABLE IF NOT EXISTS `kitchen` (
  `KITCHEN_ID`   bigint(20) NOT NULL AUTO_INCREMENT,
  `KITCHEN_NAME` varchar(100) NOT NULL,
  `CITY_ID`      bigint(20) NOT NULL,
  `OPENING_TIME` time DEFAULT NULL,
  `CLOSING_TIME` time DEFAULT NULL,
  `ADDRESS`      TEXT,
  PRIMARY KEY (`KITCHEN_ID`),
  KEY `City_ID` (`CITY_ID`) USING BTREE
) ENGINE=InnoDB AUTO_INCREMENT=3 DEFAULT CHARSET=latin1;

--
-- Dumping data for table `kitchen`
--

INSERT INTO `kitchen` (`KITCHEN_ID`, `KITCHEN_NAME`, `CITY_ID`, `OPENING_TIME`, `CLOSING_TIME`, `ADDRESS`) VALUES
  (1, 'Mogadishu', 1, '09:56:58', '23:57:03', NULL),
  (2, 'Mombasa', 3, '18:23:43', '18:23:45', NULL);

-- --------------------------------------------------------

--
-- Table structure for table `location`
--

DROP TABLE IF EXISTS `location`;
CREATE TABLE IF NOT EXISTS `location` (
  `LOCATION_ID`   bigint(20) NOT NULL AUTO_INCREMENT,
  `CITY_ID`       bigint(20) DEFAULT NULL,
  `LOCATION_NAME` varchar(255) NOT NULL,
  `ADDRESS`       TEXT,
  PRIMARY KEY (`LOCATION_ID`),
  KEY `CITY_ID` (`CITY_ID`)
) ENGINE=InnoDB AUTO_INCREMENT=18 DEFAULT CHARSET=latin1;

--
-- Dumping data for table `location`
--

INSERT INTO `location` (`LOCATION_ID`, `CITY_ID`, `LOCATION_NAME`, `ADDRESS`) VALUES
  (1, 1, 'Degmada Boondheere ', NULL),
  (2, 1, 'Degmada C/Casiis', NULL),
  (3, 1, 'Degnada Dayniile', NULL),
  (4, 1, 'Degmada Dharkeynley', NULL),
  (5, 1, 'Degmada Hodan', NULL),
  (6, 1, 'Degmada Howlwadaag', NULL),
  (7, 1, 'Degmada Heliwa', NULL),
  (8, 1, 'Degmada Kaxda', NULL),
  (9, 1, 'Degmada Kaaraan', NULL),
  (10, 1, 'Degmada Shibis  ', NULL),
  (11, 1, 'Degmada Shangaani', NULL),
  (12, 1, 'Degmada Waabari', NULL),
  (13, 1, 'Degmada Wadajir', NULL),
  (14, 1, 'Degmada Warta nabada ', NULL),
  (15, 1, 'Degmada Xamerweyne', NULL),
  (16, 1, 'Degnada Xamerjajab', NULL),
  (17, 1, 'Degmada Yaaqshiid', NULL);

-- --------------------------------------------------------

--
-- Table structure for table `menu_category`
--

DROP TABLE IF EXISTS `menu_category`;
CREATE TABLE IF NOT EXISTS `menu_category` (
  `MENU_CAT_ID`    bigint(10)                          NOT NULL AUTO_INCREMENT,
  `MENU_CAT_NAME`  varchar(50) COLLATE utf8_unicode_ci NOT NULL,
  `MENU_CAT_IMAGE` varchar(255) COLLATE utf8_unicode_ci         DEFAULT NULL,
  `ACTIVE`         INT(1)                              NOT NULL DEFAULT '1',
  `RANK`           int(2)                              NOT NULL,
  PRIMARY KEY (`MENU_CAT_ID`),
  UNIQUE KEY `MENU_CAT_ID` (`MENU_CAT_ID`,`RANK`),
  UNIQUE KEY `MENU_CAT_NAME` (`MENU_CAT_NAME`),
  KEY `MENU_CAT_ID_2` (`MENU_CAT_ID`)
) ENGINE=InnoDB AUTO_INCREMENT=7 DEFAULT CHARSET=utf8 COLLATE=utf8_unicode_ci;

--
-- Dumping data for table `menu_category`
--

INSERT INTO `menu_category` (`MENU_CAT_ID`, `MENU_CAT_NAME`, `MENU_CAT_IMAGE`, `ACTIVE`, `RANK`) VALUES
  (1, 'PIZZA', 'pizza.jpg', 1, 1),
  (2, 'BURGERS', NULL, 0, 5),
  (3, 'SALADS', NULL, 0, 3),
  (4, 'SWEETS', NULL, 0, 6),
  (5, 'SANDWICH', NULL, 0, 4),
  (6, 'DRINKS', 'drinks.jpg', 1, 2);

-- --------------------------------------------------------

--
-- Table structure for table `menu_item`
--

DROP TABLE IF EXISTS `menu_item`;
CREATE TABLE IF NOT EXISTS `menu_item` (
  `MENU_ITEM_ID`    bigint(10)                           NOT NULL AUTO_INCREMENT,
  `MENU_CAT_ID`     bigint(10)                           NOT NULL,
  `MENU_ITEM_NAME`  varchar(255) COLLATE utf8_unicode_ci NOT NULL,
  `MENU_ITEM_DESC`  text COLLATE utf8_unicode_ci         NOT NULL,
  `MENU_ITEM_IMAGE` varchar(255) COLLATE utf8_unicode_ci NOT NULL,
  `HOT_DEAL`        bit(1)                               NOT NULL DEFAULT b'0',
  `VEGETARIAN`      bit(1)                               NOT NULL DEFAULT b'0',
  `MAX_QTY`         INT(2)                               NOT NULL DEFAULT '10'
  COMMENT 'Show the maximum number of quantities one can select from',
  PRIMARY KEY (`MENU_ITEM_ID`),
  KEY `MENU_CAT_ID` (`MENU_CAT_ID`) USING BTREE
)
  ENGINE = InnoDB
  AUTO_INCREMENT = 15
  DEFAULT CHARSET = utf8
  COLLATE = utf8_unicode_ci;

--
-- Dumping data for table `menu_item`
--

INSERT INTO `menu_item` (`MENU_ITEM_ID`, `MENU_CAT_ID`, `MENU_ITEM_NAME`, `MENU_ITEM_DESC`, `MENU_ITEM_IMAGE`, `HOT_DEAL`, `VEGETARIAN`, `MAX_QTY`)
VALUES
  (1, 1, 'MARGHERITA', 'Crushed Tomatoes, Mozzarella, Grana, Basil', 'pizza1.jpg', b'0', b'0', 20),
  (2, 1, 'HAWAIIAN',
   'pizza topped with tomato sauce, cheese, pineapple, and Canadian bacon or ham. Some versions may include peppers, mushrooms',
   'pizza2.jpg', b'0', b'0', 20),
  (3, 1, 'CHICKEN TIKKA MASALA', 'cheesy pizza topped with delicious Indian chicken tikka masala', 'pizza3.jpg', b'0',
   b'0', 20),
  (4, 1, 'SUPREME', 'Sausage, pepperoni, mushrooms, olives, peppers, and onion', 'pizza8.jpg', b'0', b'0', 20),
  (11, 6, 'FANTA', 'Soft Drink', 'fanta.jpg', b'0', b'0', 20),
  (12, 6, 'COCA COLA', 'Soft Drink', 'coke.jpg', b'0', b'0', 20),
  (13, 6, 'SPRITE', 'Soft Drink', 'sprite.jpg', b'0', b'0', 20),
  (14, 6, 'DASANI', 'Mineral water', 'dasani.png', b'0', b'0', 20);

-- --------------------------------------------------------

--
-- Table structure for table `menu_item_type`
--

DROP TABLE IF EXISTS `menu_item_type`;
CREATE TABLE IF NOT EXISTS `menu_item_type` (
  `ITEM_TYPE_ID` bigint(11) NOT NULL AUTO_INCREMENT,
  `MENU_ITEM_ID` bigint(11) NOT NULL,
  `ITEM_TYPE_SIZE` varchar(15) DEFAULT NULL,
  `PRICE` decimal(10,2) NOT NULL,
  `AVAILABLE` bit(1) NOT NULL DEFAULT b'1',
  PRIMARY KEY (`ITEM_TYPE_ID`),
  KEY `MENU_ITEM_ID` (`MENU_ITEM_ID`) USING BTREE,
  KEY `ITEM_TYPE_SIZE` (`ITEM_TYPE_SIZE`)
)
  ENGINE = InnoDB
  AUTO_INCREMENT = 32
  DEFAULT CHARSET = latin1;

--
-- Dumping data for table `menu_item_type`
--

INSERT INTO `menu_item_type` (`ITEM_TYPE_ID`, `MENU_ITEM_ID`, `ITEM_TYPE_SIZE`, `PRICE`, `AVAILABLE`) VALUES
  (1, 1, 'LARGE', '15.00', b'1'),
  (2, 1, 'SMALL', '11.00', b'1'),
  (3, 2, 'MEDIUM', '13.00', b'1'),
  (4, 4, 'LARGE', '15.00', b'1'),
  (5, 3, 'MEDIUM', '13.00', b'1'),
  (6, 1, 'MEDIUM', '13.00', b'1'),
  (7, 2, 'SMALL', '11.00', b'1'),
  (8, 2, 'LARGE', '15.00', b'1'),
  (9, 3, 'SMALL', '11.00', b'1'),
  (10, 3, 'LARGE', '15.00', b'1'),
  (19, 11, '500ML', '1.00', b'1'),
  (23, 12, '500ML', '1.00', b'1'),
  (27, 13, '500ML', '1.00', b'1'),
  (31, 14, '500ML', '1.00', b'1');

-- --------------------------------------------------------

--
-- Table structure for table `my_session`
--

DROP TABLE IF EXISTS `my_session`;
CREATE TABLE IF NOT EXISTS `my_session` (
  `id`        char(60) NOT NULL,
  `expire`    int(11) DEFAULT NULL,
  `data`      LONGBLOB,
  `user_id`   bigint(20) DEFAULT NULL,
  `user_name` varchar(20) DEFAULT NULL,
  PRIMARY KEY (`id`),
  KEY `id` (`id`),
  KEY `expire` (`expire`),
  KEY `user_id` (`user_id`)
) ENGINE=InnoDB DEFAULT CHARSET=latin1;

--
-- Dumping data for table `my_session`
--

INSERT INTO `my_session` (`id`, `expire`, `data`, `user_id`, `user_name`) VALUES
  ('01cvoa3k4hcas5778fsfj5ghk0', 1514750025,
   0x5f5f666c6173687c613a303a7b7d5f5f72657475726e55726c7c733a32363a222f637573746f6d65722f64656661756c742f636865636b6f7574223b,
   0, '0'),
  ('07n8163ptcqf1ejm1q0c5g8v31', 1515140774, 0x5f5f666c6173687c613a303a7b7d5f5f69647c693a31303b5f5f6578706972657c693a313531353134303737343b, 10, 'BARASA'),
  ('0rp5popudl9in56gvgk5n7omr1', 1515089947, 0x5f5f666c6173687c613a303a7b7d, 0, '0'),
  ('116e0dfde166ea77a0458db0243c237c', 1515208212, 0x5f5f666c6173687c613a303a7b7d5f5f72657475726e55726c7c733a31333a222f6d656e7563617465676f7279223b, 0, '0'),
  ('296c942ffed42601967be4ae3b62ece6', 1515262816, 0x5f5f666c6173687c613a303a7b7d5f5f72657475726e55726c7c733a31393a222f6f72646572732f7570646174652f31323237223b, 0, '0'),
  ('35e7ab2d17b8bfbb4b413c370071a89d', 1515378443, 0x5f5f666c6173687c613a303a7b7d5f5f72657475726e55726c7c733a373a222f6f7264657273223b, 0, '0'),
  ('3c28580101edad7b547113252f6e2786', 1515388265, 0x5f5f666c6173687c613a303a7b7d5f5f69647c693a31313b5f5f6578706972657c693a313531353338383236353b, 11, 'admin'),
  ('3dbeab7332bbf5f6e8435bb082d0df1d', 1515208415, 0x5f5f666c6173687c613a303a7b7d5f5f72657475726e55726c7c733a32313a222f637573746f6d65722f64656661756c742f616464223b, 0, '0'),
  ('689727e49926dbf5810e1df5e9d5d421', 1515262473, 0x5f5f666c6173687c613a303a7b7d5f5f72657475726e55726c7c733a31323a222f6d656e756974656d2f3134223b, 0, '0'),
  ('715948e3091aaacadde314bfdbb6374f', 1515262401, 0x5f5f666c6173687c613a303a7b7d5f5f72657475726e55726c7c733a393a222f6d656e756974656d223b, 0, '0'),
  ('76622460e6409153654754aceee7d2c8', 1515208177, 0x5f5f666c6173687c613a303a7b7d5f5f72657475726e55726c7c733a31333a222f6b69746368656e7175657565223b, 0, '0'),
  ('7dbcd693a946eacb8910f997743b7c6c', 1515208416, 0x5f5f666c6173687c613a303a7b7d5f5f72657475726e55726c7c733a32333a222f637573746f6d65722f64656661756c742f696e646578223b, 0, '0'),
  ('84addd160e0bed62e942154b3f6acb53', 1515208508, 0x5f5f666c6173687c613a303a7b7d5f5f72657475726e55726c7c733a33313a222f637573746f6d65722f64656661756c742f706c616365642d6f7264657273223b, 0, '0'),
  ('8b1cce7ff23c83f230974494fc9d6f58', 1515208424, 0x5f5f666c6173687c613a303a7b7d5f5f72657475726e55726c7c733a32363a222f637573746f6d65722f64656661756c742f636865636b6f7574223b, 0, '0'),
  ('9aa13b07d1ced62d0b6dd280f44e97b6', 1515262288, 0x5f5f666c6173687c613a303a7b7d5f5f72657475726e55726c7c733a32353a222f6b69746368656e71756575652f61737369676e2d63686566223b, 0, '0'),
  ('ac38b1c367fd90ccb0636963f3708672', 1515260086, 0x5f5f666c6173687c613a303a7b7d5f5f69647c693a31313b5f5f6578706972657c693a313531353236303038363b, 11, 'admin'),
  ('b6f821dd9ae94cb49777b71ca85c2ef8', 1515208136, 0x5f5f666c6173687c613a303a7b7d5f5f72657475726e55726c7c733a31393a222f6f72646572732f7570646174652f31313639223b, 0, '0'),
  ('bda3d757e7e6f18d860d502ed762d742', 1515208400, 0x5f5f666c6173687c613a303a7b7d5f5f72657475726e55726c7c733a393a222f637573746f6d6572223b, 0, '0'),
  ('d20174a5969e03a983dfc3982c28bb05', 1515262409, 0x5f5f666c6173687c613a303a7b7d5f5f72657475726e55726c7c733a31383a222f6d656e756974656d2f7570646174652f31223b, 0, '0'),
  ('d9d8c29327699302d7c0a759248af30e', 1515210690, 0x5f5f666c6173687c613a303a7b7d5f5f72657475726e55726c7c733a32323a222f6f72646572732f61737369676e2d6b69746368656e223b, 0, '0'),
  ('dae1eddb57bb81572da67fcb0ac84600', 1515262946, 0x5f5f666c6173687c613a303a7b7d5f5f72657475726e55726c7c733a31393a222f6b69746368656e71756575652f696e646578223b, 0, '0'),
  ('e6e476a98b6bf136b6a08b5db82c5607', 1515207966,
   0x5f5f666c6173687c613a303a7b7d5f5f72657475726e55726c7c733a373a222f6f7264657273223b, 0, '0'),
  ('e77f7cadf465b153f906ec9dcd15d988', 1515263311,
   0x5f5f666c6173687c613a303a7b7d5f5f72657475726e55726c7c733a31393a222f6f72646572732f7570646174652f31323236223b, 0,
   '0'),
  ('e83a7c1e285ee75740d34f53458e9b6e', 1515207978,
   0x5f5f666c6173687c613a303a7b7d5f5f72657475726e55726c7c733a31333a222f6f72646572732f696e646578223b, 0, '0'),
  ('f7a1553c49c249062519bb057c2c669c', 1515238338, 0x5f5f666c6173687c613a303a7b7d, 0, '0'),
  ('fea4212b92312a999369e89d7beb86eb', 1515233901,
   0x5f5f666c6173687c613a303a7b7d5f5f69647c693a31313b5f5f6578706972657c693a313531353233333930303b, 11, 'admin'),
  ('i3bac3n4t3dn652ftei4g7k5t4', 1515186023,
   0x5f5f666c6173687c613a303a7b7d5f5f69647c693a31303b5f5f6578706972657c693a313531353138363032333b, 10, 'BARASA');

-- --------------------------------------------------------

--
-- Table structure for table `order_tracking`
--

DROP TABLE IF EXISTS `order_tracking`;
CREATE TABLE IF NOT EXISTS `order_tracking` (
  `TRACKING_ID` bigint(10) NOT NULL AUTO_INCREMENT,
  `ORDER_ID` bigint(10) NOT NULL,
  `COMMENTS` varchar(255) DEFAULT NULL,
  `STATUS` varchar(30) NOT NULL,
  `TRACKING_DATE` datetime DEFAULT NULL,
  `USER_VISIBLE` bit(1) NOT NULL DEFAULT b'1',
  PRIMARY KEY (`TRACKING_ID`),
  UNIQUE KEY `ORDER_ID` (`ORDER_ID`,`STATUS`) USING BTREE,
  KEY `STATUS` (`STATUS`) USING BTREE,
  KEY `order_tracking_ibfk_1` (`ORDER_ID`) USING BTREE
)
  ENGINE = InnoDB
  AUTO_INCREMENT = 338
  DEFAULT CHARSET = latin1;

--
-- Dumping data for table `order_tracking`
--

INSERT INTO `order_tracking` (`TRACKING_ID`, `ORDER_ID`, `COMMENTS`, `STATUS`, `TRACKING_DATE`, `USER_VISIBLE`) VALUES
  (141, 1051, NULL, 'ORDER PENDING', '2017-12-21 13:40:50', b'1'),
  (142, 1052, NULL, 'ORDER PENDING', '2017-12-21 14:07:43', b'1'),
  (143, 1053, NULL, 'ORDER PENDING', '2017-12-21 14:10:57', b'1'),
  (144, 1054, NULL, 'ORDER PENDING', '2017-12-21 14:11:05', b'1'),
  (145, 1055, NULL, 'ORDER PENDING', '2017-12-21 14:15:30', b'1'),
  (146, 1056, NULL, 'ORDER PENDING', '2017-12-21 15:17:48', b'1'),
  (147, 1057, NULL, 'ORDER PENDING', '2017-12-21 15:17:49', b'1'),
  (148, 1058, NULL, 'ORDER PENDING', '2017-12-21 15:33:19', b'1'),
  (149, 1059, NULL, 'ORDER PENDING', '2017-12-21 15:34:15', b'1'),
  (150, 1060, NULL, 'ORDER PENDING', '2017-12-21 15:36:32', b'1'),
  (152, 1061, NULL, 'ORDER PENDING', '2017-12-21 17:43:36', b'1'),
  (153, 1062, NULL, 'ORDER PENDING', '2017-12-21 17:46:10', b'1'),
  (154, 1063, NULL, 'ORDER PENDING', '2017-12-21 18:03:19', b'1'),
  (155, 1064, NULL, 'ORDER PENDING', '2017-12-21 18:05:13', b'1'),
  (156, 1065, NULL, 'ORDER PENDING', '2017-12-21 18:16:01', b'1'),
  (157, 1066, NULL, 'ORDER PENDING', '2017-12-21 18:23:41', b'1'),
  (158, 1067, NULL, 'ORDER PENDING', '2017-12-21 18:27:20', b'1'),
  (159, 1068, NULL, 'ORDER PENDING', '2017-12-21 18:30:22', b'1'),
  (160, 1069, NULL, 'ORDER PENDING', '2017-12-21 18:46:02', b'1'),
  (161, 1070, NULL, 'ORDER PENDING', '2017-12-21 18:48:56', b'1'),
  (162, 1071, NULL, 'ORDER PENDING', '2017-12-21 18:49:19', b'1'),
  (163, 1072, NULL, 'ORDER PENDING', '2017-12-21 18:51:10', b'1'),
  (164, 1073, NULL, 'ORDER PENDING', '2017-12-21 19:19:40', b'1'),
  (165, 1074, NULL, 'ORDER PENDING', '2017-12-21 22:41:26', b'1'),
  (166, 1075, NULL, 'ORDER PENDING', '2017-12-22 03:13:59', b'1'),
  (167, 1076, NULL, 'ORDER PENDING', '2017-12-22 05:39:58', b'1'),
  (178, 1087, NULL, 'ORDER PENDING', '2017-12-22 08:22:37', b'1'),
  (179, 1088, NULL, 'ORDER PENDING', '2017-12-22 08:22:37', b'1'),
  (180, 1089, NULL, 'ORDER PENDING', '2017-12-22 09:00:38', b'1'),
  (181, 1090, NULL, 'ORDER PENDING', '2017-12-22 09:14:02', b'1'),
  (182, 1091, NULL, 'ORDER PENDING', '2017-12-22 12:42:47', b'1'),
  (183, 1092, NULL, 'ORDER PENDING', '2017-12-22 12:42:47', b'1'),
  (184, 1093, NULL, 'ORDER PENDING', '2017-12-22 14:38:12', b'1'),
  (185, 1094, NULL, 'ORDER PENDING', '2017-12-22 14:38:13', b'1'),
  (186, 1095, NULL, 'ORDER PENDING', '2017-12-22 16:13:46', b'1'),
  (190, 1099, NULL, 'ORDER PENDING', '2017-12-22 16:53:32', b'1'),
  (191, 1100, NULL, 'ORDER PENDING', '2017-12-22 16:53:32', b'1'),
  (193, 1102, NULL, 'ORDER PENDING', '2017-12-22 17:33:56', b'1'),
  (194, 1103, NULL, 'ORDER PENDING', '2017-12-23 02:18:54', b'1'),
  (195, 1104, NULL, 'ORDER PENDING', '2017-12-23 02:18:55', b'1'),
  (196, 1105, NULL, 'ORDER PENDING', '2017-12-23 07:10:29', b'1'),
  (197, 1106, NULL, 'ORDER PENDING', '2017-12-23 07:10:37', b'1'),
  (198, 1107, NULL, 'ORDER PENDING', '2017-12-23 10:58:55', b'1'),
  (200, 1109, NULL, 'ORDER PENDING', '2017-12-24 13:34:41', b'1'),
  (201, 1110, NULL, 'ORDER PENDING', '2017-12-24 13:36:43', b'1'),
  (202, 1111, NULL, 'ORDER PENDING', '2017-12-24 13:38:49', b'1'),
  (203, 1112, NULL, 'ORDER PENDING', '2017-12-24 15:24:37', b'1'),
  (204, 1113, NULL, 'ORDER PENDING', '2017-12-24 17:25:38', b'1'),
  (205, 1114, NULL, 'ORDER PENDING', '2017-12-24 19:49:26', b'1'),
  (206, 1115, NULL, 'ORDER PENDING', '2017-12-24 19:49:45', b'1'),
  (207, 1116, NULL, 'ORDER PENDING', '2017-12-24 19:49:49', b'1'),
  (208, 1117, NULL, 'ORDER PENDING', '2017-12-24 19:49:52', b'1'),
  (209, 1118, NULL, 'ORDER PENDING', '2017-12-24 19:50:09', b'1'),
  (210, 1119, NULL, 'ORDER PENDING', '2017-12-24 19:50:18', b'1'),
  (211, 1120, NULL, 'ORDER PENDING', '2017-12-24 19:50:20', b'1'),
  (212, 1121, NULL, 'ORDER PENDING', '2017-12-24 19:50:22', b'1'),
  (213, 1122, NULL, 'ORDER PENDING', '2017-12-24 19:50:23', b'1'),
  (214, 1123, NULL, 'ORDER PENDING', '2017-12-24 19:50:46', b'1'),
  (215, 1124, NULL, 'ORDER PENDING', '2017-12-25 07:23:43', b'1'),
  (216, 1125, NULL, 'ORDER PENDING', '2017-12-25 07:23:49', b'1'),
  (217, 1126, NULL, 'ORDER PENDING', '2017-12-25 07:24:50', b'1'),
  (218, 1127, NULL, 'ORDER PENDING', '2017-12-25 10:10:54', b'1'),
  (219, 1128, NULL, 'ORDER PENDING', '2017-12-25 10:18:52', b'1'),
  (221, 1130, NULL, 'ORDER PENDING', '2017-12-25 13:26:55', b'1'),
  (222, 1131, NULL, 'ORDER PENDING', '2017-12-25 15:52:28', b'1'),
  (223, 1132, NULL, 'ORDER PENDING', '2017-12-25 16:36:56', b'1'),
  (224, 1133, NULL, 'ORDER PENDING', '2017-12-26 02:28:53', b'1'),
  (225, 1134, NULL, 'ORDER PENDING', '2017-12-26 04:18:09', b'1'),
  (226, 1135, NULL, 'ORDER PENDING', '2017-12-26 10:39:48', b'1'),
  (227, 1136, NULL, 'ORDER PENDING', '2017-12-26 10:52:08', b'1'),
  (228, 1137, NULL, 'ORDER PENDING', '2017-12-26 10:54:25', b'1'),
  (229, 1138, NULL, 'ORDER PENDING', '2017-12-26 16:51:23', b'1'),
  (230, 1139, NULL, 'ORDER PENDING', '2017-12-26 16:51:31', b'1'),
  (231, 1140, NULL, 'ORDER PENDING', '2017-12-26 17:26:05', b'1'),
  (232, 1141, NULL, 'ORDER PENDING', '2017-12-26 18:15:54', b'1'),
  (233, 1142, NULL, 'ORDER PENDING', '2017-12-27 07:15:10', b'1'),
  (234, 1143, NULL, 'ORDER PENDING', '2017-12-27 09:16:21', b'1'),
  (235, 1144, NULL, 'ORDER PENDING', '2017-12-27 11:24:38', b'1'),
  (236, 1145, NULL, 'ORDER PENDING', '2017-12-27 12:32:23', b'1'),
  (237, 1146, NULL, 'ORDER PENDING', '2017-12-27 12:32:29', b'1'),
  (238, 1147, NULL, 'ORDER PENDING', '2017-12-27 16:25:03', b'1'),
  (239, 1148, NULL, 'ORDER PENDING', '2017-12-27 16:25:07', b'1'),
  (240, 1149, NULL, 'ORDER PENDING', '2017-12-27 16:25:11', b'1'),
  (241, 1150, NULL, 'ORDER PENDING', '2017-12-27 16:25:16', b'1'),
  (242, 1151, NULL, 'ORDER PENDING', '2017-12-27 16:25:19', b'1'),
  (243, 1152, NULL, 'ORDER PENDING', '2017-12-27 16:25:21', b'1'),
  (244, 1153, NULL, 'ORDER PENDING', '2017-12-27 16:25:28', b'1'),
  (245, 1154, NULL, 'ORDER PENDING', '2017-12-27 16:25:34', b'1'),
  (246, 1155, NULL, 'ORDER PENDING', '2017-12-27 16:25:37', b'1'),
  (247, 1156, NULL, 'ORDER PENDING', '2017-12-27 16:25:39', b'1'),
  (248, 1157, NULL, 'ORDER PENDING', '2017-12-27 16:25:40', b'1'),
  (249, 1158, NULL, 'ORDER PENDING', '2017-12-27 16:25:42', b'1'),
  (250, 1159, NULL, 'ORDER PENDING', '2017-12-27 16:26:13', b'1'),
  (251, 1160, NULL, 'ORDER PENDING', '2017-12-28 10:41:21', b'1'),
  (252, 1161, NULL, 'ORDER PENDING', '2017-12-28 10:41:31', b'1'),
  (253, 1162, NULL, 'ORDER PENDING', '2017-12-28 10:41:37', b'1'),
  (254, 1163, NULL, 'ORDER PENDING', '2017-12-28 10:41:38', b'1'),
  (257, 1166, NULL, 'ORDER PENDING', '2017-12-28 11:55:09', b'1'),
  (258, 1167, NULL, 'ORDER PENDING', '2017-12-28 11:55:51', b'1'),
  (259, 1168, NULL, 'ORDER PENDING', '2017-12-28 13:23:22', b'1'),
  (260, 1169, NULL, 'ORDER PENDING', '2017-12-28 13:23:37', b'1'),
  (261, 1170, NULL, 'ORDER PENDING', '2017-12-28 15:58:07', b'1'),
  (264, 1173, NULL, 'ORDER PENDING', '2017-12-28 20:35:56', b'1'),
  (267, 1176, NULL, 'ORDER PENDING', '2017-12-29 10:21:31', b'1'),
  (268, 1177, NULL, 'ORDER PENDING', '2017-12-30 05:30:28', b'1'),
  (269, 1178, NULL, 'ORDER PENDING', '2017-12-30 05:37:35', b'1'),
  (270, 1179, NULL, 'ORDER PENDING', '2017-12-30 07:59:41', b'1'),
  (271, 1180, NULL, 'ORDER PENDING', '2017-12-30 08:35:41', b'1'),
  (276, 1185, NULL, 'PAYMENT PENDING', '2017-12-30 11:28:41', b'1'),
  (277, 1186, NULL, 'PAYMENT PENDING', '2017-12-30 11:30:17', b'1'),
  (280, 1189, NULL, 'PAYMENT PENDING', '2017-12-30 12:28:09', b'1'),
  (281, 1190, NULL, 'PAYMENT PENDING', '2017-12-30 17:40:20', b'1'),
  (282, 1191, NULL, 'PAYMENT PENDING', '2017-12-30 20:20:07', b'1'),
  (283, 1192, NULL, 'PAYMENT PENDING', '2017-12-31 03:02:32', b'1'),
  (284, 1193, NULL, 'PAYMENT PENDING', '2017-12-31 03:17:04', b'1'),
  (285, 1194, NULL, 'PAYMENT PENDING', '2017-12-31 03:46:44', b'1'),
  (286, 1195, NULL, 'PAYMENT PENDING', '2017-12-31 06:08:25', b'1'),
  (287, 1051, NULL, 'ORDER CONFIRMED', '2017-12-31 13:47:15', b'1'),
  (288, 1051, NULL, 'KITCHEN ALLOCATED', '2017-12-31 13:47:38', b'1'),
  (289, 1051, NULL, 'UNDER PREPARATION', '2017-12-31 13:48:04', b'1'),
  (290, 1051, NULL, 'ORDER READY', '2017-12-31 13:48:16', b'1'),
  (291, 1051, NULL, 'RIDER DISPATCHED', '2017-12-31 13:50:15', b'1'),
  (292, 1191, NULL, 'ORDER CONFIRMED', '2017-12-31 13:51:08', b'1'),
  (293, 1191, NULL, 'KITCHEN ALLOCATED', '2017-12-31 13:51:29', b'1'),
  (294, 1196, NULL, 'PAYMENT PENDING', '2017-12-31 15:32:30', b'1'),
  (295, 1197, NULL, 'PAYMENT PENDING', '2017-12-31 17:53:01', b'1'),
  (296, 1198, NULL, 'PAYMENT PENDING', '2018-01-01 05:43:07', b'1'),
  (297, 1199, NULL, 'PAYMENT PENDING', '2018-01-01 07:24:28', b'1'),
  (298, 1200, NULL, 'PAYMENT PENDING', '2018-01-01 12:37:20', b'1'),
  (299, 1201, NULL, 'PAYMENT PENDING', '2018-01-01 13:40:36', b'1'),
  (300, 1202, NULL, 'PAYMENT PENDING', '2018-01-01 14:16:23', b'1'),
  (301, 1203, NULL, 'PAYMENT PENDING', '2018-01-01 17:12:00', b'1'),
  (302, 1204, NULL, 'PAYMENT PENDING', '2018-01-01 17:17:29', b'1'),
  (303, 1205, NULL, 'PAYMENT PENDING', '2018-01-01 19:15:03', b'1'),
  (304, 1206, NULL, 'PAYMENT PENDING', '2018-01-01 19:35:48', b'1'),
  (305, 1207, NULL, 'PAYMENT PENDING', '2018-01-01 21:37:19', b'1'),
  (306, 1208, NULL, 'PAYMENT PENDING', '2018-01-01 22:49:53', b'1'),
  (307, 1209, NULL, 'PAYMENT PENDING', '2018-01-02 02:39:41', b'1'),
  (308, 1210, NULL, 'PAYMENT PENDING', '2018-01-02 02:40:21', b'1'),
  (309, 1211, NULL, 'PAYMENT PENDING', '2018-01-02 02:41:27', b'1'),
  (310, 1212, NULL, 'PAYMENT PENDING', '2018-01-02 02:41:45', b'1'),
  (311, 1213, NULL, 'PAYMENT PENDING', '2018-01-02 02:43:04', b'1'),
  (312, 1169, NULL, 'ORDER CONFIRMED', '2018-01-02 03:09:30', b'1'),
  (313, 1214, NULL, 'ORDER PENDING', '2018-01-02 03:15:06', b'1'),
  (314, 1214, NULL, 'ORDER CONFIRMED', '2018-01-02 03:18:21', b'1'),
  (315, 1215, NULL, 'PAYMENT PENDING', '2018-01-02 03:23:07', b'1'),
  (316, 1216, NULL, 'PAYMENT PENDING', '2018-01-02 03:24:40', b'1'),
  (317, 1217, NULL, 'PAYMENT PENDING', '2018-01-02 03:30:17', b'1'),
  (318, 1214, NULL, 'KITCHEN ALLOCATED', '2018-01-02 03:51:46', b'1'),
  (319, 1218, NULL, 'PAYMENT PENDING', '2018-01-02 05:50:24', b'1'),
  (320, 1219, NULL, 'PAYMENT PENDING', '2018-01-02 10:29:37', b'1'),
  (321, 1220, NULL, 'PAYMENT PENDING', '2018-01-02 11:14:20', b'1'),
  (322, 1221, NULL, 'PAYMENT PENDING', '2018-01-02 11:23:32', b'1'),
  (323, 1222, NULL, 'PAYMENT PENDING', '2018-01-02 11:24:05', b'1'),
  (324, 1223, NULL, 'PAYMENT PENDING', '2018-01-02 15:19:33', b'1'),
  (325, 1224, NULL, 'PAYMENT PENDING', '2018-01-02 19:38:05', b'1'),
  (326, 1225, NULL, 'PAYMENT PENDING', '2018-01-02 20:33:11', b'1'),
  (327, 1226, NULL, 'PAYMENT PENDING', '2018-01-02 21:07:13', b'1'),
  (328, 1227, NULL, 'PAYMENT PENDING', '2018-01-02 21:18:22', b'1'),
  (329, 1227, NULL, 'ORDER CONFIRMED', '2018-01-02 21:21:54', b'1'),
  (330, 1228, NULL, 'PAYMENT PENDING', '2018-01-02 21:26:06', b'1'),
  (331, 1226, NULL, 'ORDER CONFIRMED', '2018-01-02 21:49:35', b'1'),
  (332, 1229, NULL, 'PAYMENT PENDING', '2018-01-02 23:37:59', b'1'),
  (333, 1230, NULL, 'PAYMENT PENDING', '2018-01-03 05:27:14', b'1'),
  (334, 1231, NULL, 'PAYMENT PENDING', '2018-01-03 08:53:58', b'1'),
  (335, 1232, NULL, 'PAYMENT PENDING', '2018-01-03 11:35:44', b'1'),
  (336, 1233, NULL, 'PAYMENT PENDING', '2018-01-03 12:40:18', b'1'),
  (337, 1234, NULL, 'PAYMENT PENDING', '2018-01-04 00:20:48', b'1');

-- --------------------------------------------------------

--
-- Table structure for table `payment`
--

DROP TABLE IF EXISTS `payment`;
CREATE TABLE IF NOT EXISTS `payment` (
  `PAYMENT_ID` bigint(20) NOT NULL AUTO_INCREMENT,
  `ORDER_ID` bigint(20) DEFAULT NULL,
  `PAYMENT_CHANNEL` varchar(255) NOT NULL,
  `PAYMENT_AMOUNT` decimal(10,2) NOT NULL,
  `PAYMENT_REF` varchar(255) NOT NULL,
  `PAYMENT_STATUS` varchar(30) DEFAULT NULL,
  `PAYMENT_DATE` datetime NOT NULL,
  `PAYMENT_NOTES` varchar(255) DEFAULT NULL,
  `PAYMENT_NUMBER` varchar(30) DEFAULT NULL,
  PRIMARY KEY (`PAYMENT_ID`),
  KEY `payment_ibfk_1` (`PAYMENT_STATUS`) USING BTREE,
  KEY `payment_ibfk_2` (`ORDER_ID`) USING BTREE
) ENGINE=InnoDB AUTO_INCREMENT=34 DEFAULT CHARSET=latin1;

-- --------------------------------------------------------

--
-- Table structure for table `riders`
--

DROP TABLE IF EXISTS `riders`;
CREATE TABLE IF NOT EXISTS `riders` (
  `RIDER_ID` bigint(10) NOT NULL AUTO_INCREMENT,
  `USER_ID` bigint(10) DEFAULT NULL,
  `KITCHEN_ID` bigint(10) DEFAULT NULL,
  `RIDER_STATUS` bit(1) NOT NULL DEFAULT b'1',
  PRIMARY KEY (`RIDER_ID`),
  KEY `KITCHEN_ID` (`KITCHEN_ID`) USING BTREE,
  KEY `USER_ID` (`USER_ID`)
) ENGINE=InnoDB AUTO_INCREMENT=5 DEFAULT CHARSET=latin1;

--
-- Dumping data for table `riders`
--

INSERT INTO `riders` (`RIDER_ID`, `USER_ID`, `KITCHEN_ID`, `RIDER_STATUS`) VALUES
  (1, 12, 1, b'1'),
  (2, 12, 2, b'1'),
  (3, 12, 1, b'1'),
  (4, 12, 2, b'1');

-- --------------------------------------------------------

--
-- Table structure for table `tb_cart`
--

DROP TABLE IF EXISTS `tb_cart`;
CREATE TABLE IF NOT EXISTS `tb_cart` (
  `CART_ITEM_ID` bigint(10) NOT NULL AUTO_INCREMENT,
  `USER_ID` bigint(20) NOT NULL,
  `ITEM_TYPE_ID` bigint(10) NOT NULL,
  `QUANTITY` int(4) NOT NULL,
  `ITEM_PRICE` decimal(10,0) NOT NULL,
  `ITEM_TYPE_SIZE` varchar(15) COLLATE utf8_unicode_ci NOT NULL,
  `NOTES` varchar(255) COLLATE utf8_unicode_ci DEFAULT NULL,
  `CART_TIMESTAMP` bigint(20) DEFAULT NULL,
  `CREATED_AT` datetime DEFAULT NULL,
  `UPDATED_AT` datetime DEFAULT NULL,
  PRIMARY KEY (`CART_ITEM_ID`),
  KEY `order_item_ibfk_2` (`ITEM_TYPE_ID`) USING BTREE,
  KEY `USER_ID` (`USER_ID`) USING BTREE
)
  ENGINE = InnoDB
  AUTO_INCREMENT = 228
  DEFAULT CHARSET = utf8
  COLLATE = utf8_unicode_ci;

--
-- Dumping data for table `tb_cart`
--

INSERT INTO `tb_cart` (`CART_ITEM_ID`, `USER_ID`, `ITEM_TYPE_ID`, `QUANTITY`, `ITEM_PRICE`, `ITEM_TYPE_SIZE`, `NOTES`, `CART_TIMESTAMP`, `CREATED_AT`, `UPDATED_AT`)
VALUES
  (110, 51, 10, 1, '15', 'LARGE', NULL, 1514196891, '2017-12-25 10:14:51', '2017-12-25 10:14:51'),
  (156, 5, 23, 1, '1', '500ML', NULL, 1514652051, '2017-12-30 16:40:51', '2017-12-30 16:40:51'),
  (157, 5, 19, 2, '1', '500ML', NULL, 1514652051, '2017-12-30 16:41:00', '2017-12-31 15:19:17'),
  (158, 5, 1, 1, '15', 'LARGE', NULL, 1514652051, '2017-12-30 18:18:10', '2018-01-02 21:54:08'),
  (172, 5, 6, 1, '13', 'MEDIUM', NULL, 1514652051, '2017-12-31 15:19:25', '2017-12-31 15:19:25'),
  (186, 5, 4, 1, '15', 'LARGE', NULL, 1514652051, '2018-01-01 17:21:00', '2018-01-01 17:21:00'),
  (187, 56, 6, 2, '13', 'MEDIUM', NULL, 1514834204, '2018-01-01 19:16:44', '2018-01-01 19:16:44'),
  (215, 5, 31, 1, '1', '500ML', NULL, 1514652051, '2018-01-03 06:17:17', '2018-01-03 06:17:17'),
  (217, 10, 31, 1, '1', '500ML', NULL, 1514966036, '2018-01-03 10:53:56', '2018-01-03 10:53:56'),
  (219, 10, 5, 1, '13', 'MEDIUM', NULL, 1514966036, '2018-01-03 10:54:07', '2018-01-03 10:54:07'),
  (221, 56, 10, 1, '15', 'LARGE', NULL, 1514834204, '2018-01-03 12:26:30', '2018-01-03 12:26:30'),
  (223, 37, 31, 1, '1', '500ML', NULL, 1514994752, '2018-01-03 18:52:32', '2018-01-03 18:52:32'),
  (225, 47, 27, 1, '1', '500ML', NULL, 1515014546, '2018-01-04 00:22:26', '2018-01-04 00:23:20'),
  (226, 47, 23, 1, '1', '500ML', NULL, 1515014546, '2018-01-04 00:23:02', '2018-01-04 00:23:02'),
  (227, 47, 5, 1, '13', 'MEDIUM', NULL, 1515014546, '2018-01-04 00:23:35', '2018-01-04 00:23:35');

-- --------------------------------------------------------

--
-- Table structure for table `tb_favs`
--

DROP TABLE IF EXISTS `tb_favs`;
CREATE TABLE IF NOT EXISTS `tb_favs` (
  `FAV_ID` bigint(20) NOT NULL AUTO_INCREMENT,
  `MENU_ITEM_ID` bigint(20) DEFAULT NULL,
  `USER_ID` bigint(20) DEFAULT NULL,
  PRIMARY KEY (`FAV_ID`),
  KEY `MENU_ITEM_ID` (`MENU_ITEM_ID`),
  KEY `USER_ID` (`USER_ID`)
) ENGINE=InnoDB DEFAULT CHARSET=latin1;

-- --------------------------------------------------------

--
-- Table structure for table `tb_migration`
--

DROP TABLE IF EXISTS `tb_migration`;
CREATE TABLE IF NOT EXISTS `tb_migration` (
  `version` varchar(180) NOT NULL,
  `apply_time` int(11) DEFAULT NULL,
  PRIMARY KEY (`version`)
) ENGINE=InnoDB DEFAULT CHARSET=latin1;

--
-- Dumping data for table `tb_migration`
--

INSERT INTO `tb_migration` (`version`, `apply_time`) VALUES
  ('m000000_000000_base', 1510298356),
  ('m160516_095943_init', 1510298358);

-- --------------------------------------------------------

--
-- Table structure for table `tb_sizes`
--

DROP TABLE IF EXISTS `tb_sizes`;
CREATE TABLE IF NOT EXISTS `tb_sizes` (
  `SIZE_ID` bigint(20) NOT NULL AUTO_INCREMENT,
  `SIZE_TYPE` varchar(20) NOT NULL,
  `ACTIVE` bit(1) DEFAULT b'1',
  PRIMARY KEY (`SIZE_ID`),
  UNIQUE KEY `SIZE_NAME` (`SIZE_TYPE`),
  KEY `SIZED_ID` (`SIZE_ID`)
) ENGINE=InnoDB AUTO_INCREMENT=8 DEFAULT CHARSET=latin1;

--
-- Dumping data for table `tb_sizes`
--

INSERT INTO `tb_sizes` (`SIZE_ID`, `SIZE_TYPE`, `ACTIVE`) VALUES
  (1, 'SMALL', b'1'),
  (2, 'MEDIUM', b'1'),
  (3, 'LARGE', b'1'),
  (4, '500ML', b'1'),
  (5, '1LITRE', b'1'),
  (6, '1.5LITRE', b'1'),
  (7, '300ML', b'1');

-- --------------------------------------------------------

--
-- Table structure for table `tb_status`
--

DROP TABLE IF EXISTS `tb_status`;
CREATE TABLE IF NOT EXISTS `tb_status` (
  `STATUS_NAME` varchar(30) NOT NULL,
  `STATUS_DESC` varchar(100)         DEFAULT NULL,
  `COLOR`       varchar(10) NOT NULL DEFAULT 'GREEN',
  `SCOPE`       varchar(10) NOT NULL DEFAULT 'ALL',
  `RANK`        INT(2)      NOT NULL DEFAULT '1',
  `WORKFLOW`    INT(2)      NOT NULL DEFAULT '1',
  UNIQUE KEY `STATUS_NAME` (`STATUS_NAME`) USING BTREE,
  UNIQUE KEY `RANK` (`RANK`) USING BTREE
) ENGINE=InnoDB DEFAULT CHARSET=latin1;

--
-- Dumping data for table `tb_status`
--

INSERT INTO `tb_status` (`STATUS_NAME`, `STATUS_DESC`, `COLOR`, `SCOPE`, `RANK`, `WORKFLOW`) VALUES
  ('AWAITING RIDER', 'Awaiting Rider', 'BROWN', 'INACTIVE', 7, 3),
  ('CHEF ASSIGNED', 'Assign Chef', 'GREEN', 'INACTIVE', 4, 0),
  ('KITCHEN ALLOCATED', 'Transfer to Kitchen', 'GREEN', 'OFFICE', 3, 1),
  ('ORDER CANCELLED', 'Cancel Order', 'RED', 'ALL', 0, 0),
  ('ORDER CONFIRMED', 'Confirm Order', 'PURPLE', 'OFFICE', 2, 0),
  ('ORDER DELIVERED', 'Order Delieverd', 'RED', 'RIDER', 10, 0),
  ('ORDER PENDING', 'Awaiting Processing', '#ff69b4', 'ALL', 1, 0),
  ('ORDER READY', 'Order Ready', 'GREEN', 'KITCHEN', 6, 2),
  ('PAYMENT PENDING', 'Payment Not Confirmed', 'GREEN', 'OFFICE', 11, 2),
  ('RIDER ASSIGNED', 'Assign Rider', 'GREEN', 'INACTIVE', 8, 4),
  ('RIDER DISPATCHED', 'Assign & Dispatch Rider', 'GREEN', 'KITCHEN', 9, 5),
  ('UNDER PREPARATION', 'Preparing Order', 'ORANGE', 'KITCHEN', 5, 1);

-- --------------------------------------------------------

--
-- Table structure for table `tb_users`
--

DROP TABLE IF EXISTS `tb_users`;
CREATE TABLE IF NOT EXISTS `tb_users` (
  `USER_ID`         bigint(20)   NOT NULL AUTO_INCREMENT,
  `USER_NAME`       varchar(100) NOT NULL,
  `USER_TYPE`       bigint(20)   NOT NULL,
  `SURNAME`         varchar(100) NOT NULL,
  `OTHER_NAMES`     varchar(100) NOT NULL,
  `MOBILE`          VARCHAR(25)  NOT NULL,
  `EMAIL`           varchar(100) NOT NULL,
  `LOCATION_ID`     bigint(20) DEFAULT NULL,
  `PASSWORD`        varchar(100) NOT NULL,
  `DATE_REGISTERED` datetime DEFAULT NULL,
  `LAST_UPDATED`    datetime DEFAULT NULL,
  `CLIENT_TOKEN`    varchar(255) DEFAULT NULL,
  `RESET_TOKEN`     VARCHAR(100) NOT NULL,
  `TOKEN_EXPIRY`    TIMESTAMP    NOT NULL DEFAULT CURRENT_TIMESTAMP ON UPDATE CURRENT_TIMESTAMP,
  PRIMARY KEY (`USER_ID`),
  KEY `LOCATION_ID_idx` (`LOCATION_ID`) USING BTREE,
  KEY `USER_TYPE_idx` (`USER_TYPE`) USING BTREE,
  KEY `TOKEN_EXPIRY` (`TOKEN_EXPIRY`),
  KEY `DATE_REGISTERED` (`DATE_REGISTERED`)
) ENGINE=InnoDB AUTO_INCREMENT=57 DEFAULT CHARSET=latin1;

--
-- Dumping data for table `tb_users`
--

INSERT INTO `tb_users` (`USER_ID`, `USER_NAME`, `USER_TYPE`, `SURNAME`, `OTHER_NAMES`, `MOBILE`, `EMAIL`, `LOCATION_ID`, `PASSWORD`, `DATE_REGISTERED`, `LAST_UPDATED`, `CLIENT_TOKEN`, `RESET_TOKEN`, `TOKEN_EXPIRY`)
VALUES
  (5, 'pkyalo', 1, 'kingoo', 'Peter Kyalo', '724802220', 'petchaloo@gmail.com', 1,
      '834dfae0c40820faccf4f83580be800545dca3c1', NULL, NULL, NULL, '', '2018-01-04 08:09:23'),
  (10, 'fatelord', 1, 'BARASA', 'SAMMY M', '1123', 'barsamms@gmail.com', 1, '40bd001563085fc35165329ea1ff5c5ecbdbbeef', '2017-10-09 07:06:51', '2017-10-09 07:06:51', NULL, '', '2018-01-04 08:09:23'),
  (11, 'admin', 2, 'admin', 'admin', '123', 'admin@slice.com', 1, '40bd001563085fc35165329ea1ff5c5ecbdbbeef', '2017-11-10 13:11:43', '2017-11-10 13:11:49', NULL, '', '2018-01-04 08:09:23'),
  (12, 'rider', 3, 'Hassan', 'Omar', '1123', 'rider@gmail.com', 1, '40bd001563085fc35165329ea1ff5c5ecbdbbeef', '2017-10-09 07:06:51', '2017-10-09 07:06:51', '', '', '2018-01-04 08:09:23'),
  (24, 'kyalo', 1, 'kingoo', 'Peter kyalo', '2147483647', 'pkyalo@uonbi.ac.ke', 1, '834dfae0c40820faccf4f83580be800545dca3c1', '2017-12-20 12:38:11', '2017-12-20 12:38:11', NULL, '', '2018-01-04 08:09:23'),
  (25, 'mohacpr', 1, 'Mohamed', 'Mohamed', '619000333', 'mohacpr@gmail.com', 1, '2d7d1969f957c467cfb161b81ff408af6b94a8ea', '2017-12-20 19:39:38', '2017-12-20 19:39:38', NULL, '', '2018-01-04 08:09:23'),
  (29, 'Shumac', 1, 'Shumac', 'Shushuu', '2147483647', 'shumac55@gmail.com', 1, '513a7c4018127c653ce3b9037e29bdd9c03e29f7', '2017-12-21 13:50:19', '2017-12-21 13:50:19', NULL, '', '2018-01-04 08:09:23'),
  (37, 'Aw-ali', 1, 'Kadar', 'Mohamed', '615417477', 'kadarfeyore1@gmail.com', 1, 'ae62e53fb3b2afe899a5dbd09cad2eac8a2487f1', '2017-12-21 15:46:08', '2017-12-21 15:46:08', NULL, '', '2018-01-04 08:09:23'),
  (44, 'Abdikasim', 1, 'Moalim', 'Ahmed', '617999222', 'abdulkasimmoalim@gmail.com', 1, 'b82886f310d6c223dea476600babca5849670e21', '2017-12-21 17:27:14', '2017-12-21 17:27:14', NULL, '', '2018-01-04 08:09:23'),
  (45, 'Sandheere', 1, 'Mohamed', 'Sandheere', '2147483647', 'sanka6016@gmail.com', 1, '890940a175fdd194c3f42a27e8ecbfefb983094d', '2017-12-21 17:48:20', '2017-12-21 17:48:20', NULL, '', '2018-01-04 08:09:23'),
  (46, 'Sandheere10', 1, 'Mohamed', 'Sandheere', '2147483647', 'sanka6015@gmail.com', 1, '8238a351f035bc1f72a1a7cff337221a73dae6f2', '2017-12-21 18:02:10', '2017-12-21 18:02:10', NULL, '', '2018-01-04 08:09:23'),
  (47, 'Mr. Vision', 1, 'Yasir', 'Baffo', '618309457', 'mr.vision2025@gmail.com', 1, '7c4a8d09ca3762af61e59520943dc26494f8941b', '2017-12-21 18:32:22', '2017-12-21 18:32:22', NULL, '', '2018-01-04 08:09:23'),
  (48, 'Aainab', 1, 'Ainab', 'Ahmed Abdi', '615513533', 'axmedcaynab@gmail.com', 1, '0fb641dff5070d488355f89a1ad0fdc8203e0f33', '2017-12-23 06:44:32', '2017-12-23 06:44:32', NULL, '', '2018-01-04 08:09:23'),
  (49, 'ozgur.catal', 1, 'catal', 'ozgur', '612136659', 'ozgur.catal@hotmail.com', 1, '7a59c162217c6abbe65db58ecdfcb1765780af7b', '2017-12-24 13:08:46', '2017-12-24 13:08:46', NULL, '', '2018-01-04 08:09:23'),
  (50, 'Rafiki01', 1, 'Rafik', 'Hassan', '618900015', 'hafarah1@gmail.com', 1, 'fa758a0c5aa550ebd7f7a09d2a8c9a335be7dcd0', '2017-12-24 15:22:41', '2017-12-24 15:22:41', NULL, '', '2018-01-04 08:09:23'),
  (51, 'zuhuur', 1, 'Zahra', 'Zuu', '618812510', 'zahra@sostec.so', 1, '5ddf228c30669af17fb926a7d728c4e9d6c8df27', '2017-12-25 10:09:12', '2017-12-25 10:09:12', NULL, '', '2018-01-04 08:09:23'),
  (52, 'zahradhaqane', 1, 'Dhaqane', 'Zahra Osman', '615533643', 'zahradhaqane@gmail.com', 1, 'e72fb1b6ffd172fef3a3c97b4555a0669cac4c7e', '2017-12-26 04:15:21', '2017-12-26 04:15:21', NULL, '', '2018-01-04 08:09:23'),
  (53, 'Aallaa', 1, 'Aallaa', 'habad', '615888129', 'Aallaahabad@gmail.com', 1, '3edacb467448252d0f8f49c732ba00cc438b5895', '2017-12-26 16:49:26', '2017-12-26 16:49:26', NULL, '', '2018-01-04 08:09:23'),
  (54, 'Badle', 1, 'Maxamuud Xamud', 'Badle', '617641354', 'badle7171@gmail.com', 1, 'c4f7d269ffa6b3c3c77fb0b3d14a3afdd0161182', '2017-12-27 07:41:24', '2017-12-27 07:41:24', NULL, '', '2018-01-04 08:09:23'),
  (55, 'shiine', 1, 'mohamed', 'ali', '619616338', 'shiine318@hotmail.com', 1, '02ecc6c8afccd0dd029bddc56641cd309a171f3e', '2017-12-28 20:54:38', '2017-12-28 20:54:38', NULL, '', '2018-01-04 08:09:23'),
  (56, 'Arafat', 1, 'Arafat', 'Abdullahi', '615518583', 'arafat.abdulahi@gmail.com', 1, '866e7caa1629cd75acb8af543d55cc3985c47212', '2018-01-01 19:14:05', '2018-01-01 19:14:05', NULL, '', '2018-01-04 08:09:23');

-- --------------------------------------------------------

--
-- Table structure for table `user_type`
--

DROP TABLE IF EXISTS `user_type`;
CREATE TABLE IF NOT EXISTS `user_type` (
  `USER_TYPE_ID` bigint(20) NOT NULL AUTO_INCREMENT,
  `USER_TYPE_NAME` varchar(255) NOT NULL,
  PRIMARY KEY (`USER_TYPE_ID`)
) ENGINE=InnoDB AUTO_INCREMENT=4 DEFAULT CHARSET=latin1;

--
-- Dumping data for table `user_type`
--

INSERT INTO `user_type` (`USER_TYPE_ID`, `USER_TYPE_NAME`) VALUES
  (1, 'CUSTOMER'),
  (2, 'ADMIN'),
  (3, 'RIDER');

-- --------------------------------------------------------

--
-- Stand-in structure for view `vw_orders`
-- (See below for the actual view)
--
DROP VIEW IF EXISTS `vw_orders`;
CREATE TABLE IF NOT EXISTS `vw_orders` (
  `ORDER_ID`       BIGINT(20)
  ,
  `USER_ID`        BIGINT(20)
  ,
  `KITCHEN_ID`     BIGINT(10)
  ,
  `CHEF_ID`        BIGINT(10)
  ,
  `RIDER_ID`       BIGINT(10)
  ,
  `MOBILE`         VARCHAR(25)
  ,
  `SURNAME`        VARCHAR(100)
  ,
  `OTHER_NAMES`    VARCHAR(100)
  ,
  `ORDER_DATE`     DATETIME
  ,
  `ORDER_STATUS`   VARCHAR(30)
  ,
  `PAYMENT_AMOUNT` DECIMAL(10, 2)
  ,
  `PAYMENT_NUMBER` VARCHAR(30)
  ,
  `NOTES`          VARCHAR(255)
  ,
  `PAYMENT_METHOD` VARCHAR(20)
  ,
  `CREATED_AT`     DATETIME
  ,
  `UPDATED_AT`     DATETIME
  ,
  `PAYMENT_DATE`   DATETIME
  ,
  `LOCATION_ID`    BIGINT(20)
  ,
  `LOCATION_NAME`  VARCHAR(255)
  ,
  `ADDRESS`        TEXT
  ,
  `CITY_NAME`      VARCHAR(100)
  ,
  `CITY_ID`        BIGINT(20)
  ,
  `COUNRY_ID`      BIGINT(20)
  ,
  `COUNTRY_NAME`   VARCHAR(100)
);

-- --------------------------------------------------------

--
-- Structure for view `vw_orders`
--
DROP TABLE IF EXISTS `vw_orders`;

CREATE VIEW `vw_orders`  AS
  SELECT
    `customer_order`.`ORDER_ID`       AS `ORDER_ID`,
    `customer_order`.`USER_ID`        AS `USER_ID`,
    `customer_order`.`KITCHEN_ID`     AS `KITCHEN_ID`,
    `customer_order`.`CHEF_ID`        AS `CHEF_ID`,
    `customer_order`.`RIDER_ID`       AS `RIDER_ID`,
    `tb_users`.`MOBILE`               AS `MOBILE`,
    `tb_users`.`SURNAME`              AS `SURNAME`,
    `tb_users`.`OTHER_NAMES`          AS `OTHER_NAMES`,
    `customer_order`.`ORDER_DATE`     AS `ORDER_DATE`,
    `customer_order`.`ORDER_STATUS`   AS `ORDER_STATUS`,
    `payment`.`PAYMENT_AMOUNT`        AS `PAYMENT_AMOUNT`,
    `payment`.`PAYMENT_NUMBER`        AS `PAYMENT_NUMBER`,
    `customer_order`.`NOTES`          AS `NOTES`,
    `customer_order`.`PAYMENT_METHOD` AS `PAYMENT_METHOD`,
    `customer_order`.`CREATED_AT`     AS `CREATED_AT`,
    `customer_order`.`UPDATED_AT`     AS `UPDATED_AT`,
    `payment`.`PAYMENT_DATE`          AS `PAYMENT_DATE`,
    `location`.`LOCATION_ID`          AS `LOCATION_ID`,
    `location`.`LOCATION_NAME`        AS `LOCATION_NAME`,
    `location`.`ADDRESS`              AS `ADDRESS`,
    `city`.`CITY_NAME`                AS `CITY_NAME`,
    `city`.`CITY_ID`                  AS `CITY_ID`,
    `country`.`COUNRY_ID`             AS `COUNRY_ID`,
    `country`.`COUNTRY_NAME`          AS `COUNTRY_NAME`
  FROM (((((`customer_order`
    JOIN `tb_users` ON ((`customer_order`.`USER_ID` = `tb_users`.`USER_ID`))) LEFT JOIN `payment`
      ON ((`payment`.`ORDER_ID` = `customer_order`.`ORDER_ID`))) JOIN `location`
      ON ((`customer_order`.`LOCATION_ID` = `location`.`LOCATION_ID`))) JOIN `city`
      ON ((`location`.`CITY_ID` = `city`.`CITY_ID`))) JOIN `country`
      ON ((`city`.`COUNTRY_ID` = `country`.`COUNRY_ID`)));

--
-- Constraints for dumped tables
--

--
-- Constraints for table `chef`
--
ALTER TABLE `chef`
  ADD CONSTRAINT `chef_ibfk_1` FOREIGN KEY (`KITCHEN_ID`) REFERENCES `kitchen` (`KITCHEN_ID`);

--
-- Constraints for table `city`
--
ALTER TABLE `city`
  ADD CONSTRAINT `city_ibfk_1` FOREIGN KEY (`COUNTRY_ID`) REFERENCES `country` (`COUNRY_ID`);

--
-- Constraints for table `customer_order`
--
ALTER TABLE `customer_order`
  ADD CONSTRAINT `customer_order_ibfk_1` FOREIGN KEY (`USER_ID`) REFERENCES `tb_users` (`USER_ID`)
  ON UPDATE CASCADE,
  ADD CONSTRAINT `customer_order_ibfk_3` FOREIGN KEY (`RIDER_ID`) REFERENCES `riders` (`RIDER_ID`)
  ON UPDATE CASCADE,
  ADD CONSTRAINT `customer_order_ibfk_4` FOREIGN KEY (`KITCHEN_ID`) REFERENCES `kitchen` (`KITCHEN_ID`)
  ON UPDATE CASCADE,
  ADD CONSTRAINT `customer_order_ibfk_5` FOREIGN KEY (`ORDER_STATUS`) REFERENCES `tb_status` (`STATUS_NAME`)
  ON UPDATE CASCADE,
  ADD CONSTRAINT `customer_order_ibfk_6` FOREIGN KEY (`CHEF_ID`) REFERENCES `chef` (`CHEF_ID`)
  ON UPDATE CASCADE,
  ADD CONSTRAINT `customer_order_ibfk_7` FOREIGN KEY (`LOCATION_ID`) REFERENCES `location` (`LOCATION_ID`)
  ON UPDATE CASCADE;

--
-- Constraints for table `customer_order_item`
--
ALTER TABLE `customer_order_item`
  ADD CONSTRAINT `customer_order_item_ibfk_1` FOREIGN KEY (`ITEM_TYPE_ID`) REFERENCES `menu_item_type` (`ITEM_TYPE_ID`)
  ON DELETE CASCADE
  ON UPDATE CASCADE,
  ADD CONSTRAINT `customer_order_item_ibfk_2` FOREIGN KEY (`ORDER_ID`) REFERENCES `customer_order` (`ORDER_ID`)
  ON DELETE CASCADE
  ON UPDATE CASCADE;

--
-- Constraints for table `kitchen`
--
ALTER TABLE `kitchen`
  ADD CONSTRAINT `kitchen_ibfk_1` FOREIGN KEY (`CITY_ID`) REFERENCES `city` (`CITY_ID`);

--
-- Constraints for table `location`
--
ALTER TABLE `location`
  ADD CONSTRAINT `location_ibfk_1` FOREIGN KEY (`CITY_ID`) REFERENCES `city` (`CITY_ID`)
  ON DELETE CASCADE
  ON UPDATE CASCADE;

--
-- Constraints for table `menu_item`
--
ALTER TABLE `menu_item`
  ADD CONSTRAINT `menu_item_ibfk_1` FOREIGN KEY (`MENU_CAT_ID`) REFERENCES `menu_category` (`MENU_CAT_ID`)
  ON DELETE CASCADE
  ON UPDATE CASCADE;

--
-- Constraints for table `menu_item_type`
--
ALTER TABLE `menu_item_type`
  ADD CONSTRAINT `menu_item_type_ibfk_1` FOREIGN KEY (`MENU_ITEM_ID`) REFERENCES `menu_item` (`MENU_ITEM_ID`)
  ON DELETE CASCADE
  ON UPDATE CASCADE,
  ADD CONSTRAINT `menu_item_type_ibfk_2` FOREIGN KEY (`ITEM_TYPE_SIZE`) REFERENCES `tb_sizes` (`SIZE_TYPE`)
  ON DELETE CASCADE
  ON UPDATE CASCADE;

--
-- Constraints for table `order_tracking`
--
ALTER TABLE `order_tracking`
  ADD CONSTRAINT `order_tracking_ibfk_1` FOREIGN KEY (`ORDER_ID`) REFERENCES `customer_order` (`ORDER_ID`)
  ON DELETE CASCADE
  ON UPDATE CASCADE,
  ADD CONSTRAINT `order_tracking_ibfk_2` FOREIGN KEY (`STATUS`) REFERENCES `tb_status` (`STATUS_NAME`)
  ON UPDATE CASCADE;

--
-- Constraints for table `payment`
--
ALTER TABLE `payment`
  ADD CONSTRAINT `payment_ibfk_1` FOREIGN KEY (`PAYMENT_STATUS`) REFERENCES `tb_status` (`STATUS_NAME`)
  ON DELETE CASCADE
  ON UPDATE CASCADE,
  ADD CONSTRAINT `payment_ibfk_2` FOREIGN KEY (`ORDER_ID`) REFERENCES `customer_order` (`ORDER_ID`)
  ON DELETE CASCADE
  ON UPDATE CASCADE;

--
-- Constraints for table `riders`
--
ALTER TABLE `riders`
  ADD CONSTRAINT `riders_ibfk_1` FOREIGN KEY (`KITCHEN_ID`) REFERENCES `kitchen` (`KITCHEN_ID`)
  ON DELETE CASCADE
  ON UPDATE CASCADE,
  ADD CONSTRAINT `riders_ibfk_2` FOREIGN KEY (`USER_ID`) REFERENCES `tb_users` (`USER_ID`)
  ON DELETE CASCADE
  ON UPDATE CASCADE;

--
-- Constraints for table `tb_cart`
--
ALTER TABLE `tb_cart`
  ADD CONSTRAINT `tb_cart_ibfk_1` FOREIGN KEY (`ITEM_TYPE_ID`) REFERENCES `menu_item_type` (`ITEM_TYPE_ID`)
  ON DELETE CASCADE
  ON UPDATE CASCADE,
  ADD CONSTRAINT `tb_cart_ibfk_2` FOREIGN KEY (`USER_ID`) REFERENCES `tb_users` (`USER_ID`)
  ON DELETE CASCADE
  ON UPDATE CASCADE;

--
-- Constraints for table `tb_favs`
--
ALTER TABLE `tb_favs`
  ADD CONSTRAINT `tb_favs_ibfk_1` FOREIGN KEY (`MENU_ITEM_ID`) REFERENCES `menu_item` (`MENU_ITEM_ID`)
  ON DELETE CASCADE
  ON UPDATE CASCADE,
  ADD CONSTRAINT `tb_favs_ibfk_2` FOREIGN KEY (`USER_ID`) REFERENCES `tb_users` (`USER_ID`)
  ON DELETE CASCADE
  ON UPDATE CASCADE;

--
-- Constraints for table `tb_users`
--
ALTER TABLE `tb_users`
  ADD CONSTRAINT `tb_users_ibfk_2` FOREIGN KEY (`USER_TYPE`) REFERENCES `user_type` (`USER_TYPE_ID`)
  ON UPDATE CASCADE;
COMMIT;

/*!40101 SET CHARACTER_SET_CLIENT = @OLD_CHARACTER_SET_CLIENT */;
/*!40101 SET CHARACTER_SET_RESULTS = @OLD_CHARACTER_SET_RESULTS */;
/*!40101 SET COLLATION_CONNECTION = @OLD_COLLATION_CONNECTION */;
