-- phpMyAdmin SQL Dump
-- version 4.7.3
-- https://www.phpmyadmin.net/
--
-- Host: localhost:3306
-- Generation Time: Dec 22, 2017 at 09:57 AM
-- Server version: 10.0.33-MariaDB
-- PHP Version: 5.6.30

SET SQL_MODE = "NO_AUTO_VALUE_ON_ZERO";
SET AUTOCOMMIT = 0;
START TRANSACTION;
SET time_zone = "+00:00";


/*!40101 SET @OLD_CHARACTER_SET_CLIENT=@@CHARACTER_SET_CLIENT */;
/*!40101 SET @OLD_CHARACTER_SET_RESULTS=@@CHARACTER_SET_RESULTS */;
/*!40101 SET @OLD_COLLATION_CONNECTION=@@COLLATION_CONNECTION */;
/*!40101 SET NAMES utf8mb4 */;

--
-- Database: `tsobucok_pizza`
--

-- --------------------------------------------------------

--
-- Table structure for table `chef`
--

CREATE TABLE `chef` (
  `CHEF_ID` bigint(20) NOT NULL,
  `CHEF_NAME` varchar(100) NOT NULL,
  `KITCHEN_ID` bigint(20) NOT NULL
) ENGINE=InnoDB DEFAULT CHARSET=latin1;

--
-- Dumping data for table `chef`
--

INSERT INTO `chef` (`CHEF_ID`, `CHEF_NAME`, `KITCHEN_ID`) VALUES
  (4, 'Ahmed Jama', 1),
  (5, 'Bashir Munye', 2);

-- --------------------------------------------------------

--
-- Table structure for table `city`
--

CREATE TABLE `city` (
  `CITY_ID` bigint(20) NOT NULL,
  `CITY_NAME` varchar(100) NOT NULL,
  `COUNTRY_ID` bigint(20) NOT NULL
) ENGINE=InnoDB DEFAULT CHARSET=latin1;

--
-- Dumping data for table `city`
--

INSERT INTO `city` (`CITY_ID`, `CITY_NAME`, `COUNTRY_ID`) VALUES
  (1, 'Mogadishu', 2),
  (3, 'Mombasa', 1);

-- --------------------------------------------------------

--
-- Table structure for table `country`
--

CREATE TABLE `country` (
  `COUNRY_ID` bigint(20) NOT NULL,
  `COUNTRY_NAME` varchar(100) NOT NULL
) ENGINE=InnoDB DEFAULT CHARSET=latin1;

--
-- Dumping data for table `country`
--

INSERT INTO `country` (`COUNRY_ID`, `COUNTRY_NAME`) VALUES
  (1, 'KENYA'),
  (2, 'SOMALIA'),
  (3, 'SOUTH SUDAN'),
  (4, 'ETHIOPIA'),
  (5, 'ERITREA');

-- --------------------------------------------------------

--
-- Table structure for table `customer_address`
--

CREATE TABLE `customer_address` (
  `ADDRESS_ID` bigint(20) NOT NULL,
  `USER_ID` bigint(20) NOT NULL,
  `LOCATION_ID` bigint(20) DEFAULT NULL,
  `ADDRESS` text NOT NULL
) ENGINE=InnoDB DEFAULT CHARSET=latin1;

--
-- Dumping data for table `customer_address`
--

INSERT INTO `customer_address` (`ADDRESS_ID`, `USER_ID`, `LOCATION_ID`, `ADDRESS`) VALUES
  (1, 5, 1, 'KISMAYU'),
  (2, 10, 1, 'KISMAYU');

-- --------------------------------------------------------

--
-- Table structure for table `customer_order`
--

CREATE TABLE `customer_order` (
  `ORDER_ID` bigint(20) NOT NULL,
  `USER_ID` bigint(20) NOT NULL,
  `ADDRESS_ID` bigint(20) NOT NULL,
  `KITCHEN_ID` bigint(10) DEFAULT NULL,
  `CHEF_ID` bigint(10) DEFAULT NULL,
  `RIDER_ID` bigint(10) DEFAULT NULL,
  `ORDER_DATE` datetime NOT NULL,
  `PAYMENT_METHOD` varchar(20) NOT NULL,
  `ORDER_STATUS` varchar(30) NOT NULL COMMENT 'Status of the order',
  `NOTES` varchar(255) DEFAULT NULL COMMENT 'Can contain payment text from mobile transactions etc',
  `CREATED_AT` datetime DEFAULT NULL,
  `UPDATED_AT` datetime DEFAULT NULL
) ENGINE=InnoDB DEFAULT CHARSET=latin1;

--
-- Dumping data for table `customer_order`
--

INSERT INTO `customer_order` (`ORDER_ID`, `USER_ID`, `ADDRESS_ID`, `KITCHEN_ID`, `CHEF_ID`, `RIDER_ID`, `ORDER_DATE`, `PAYMENT_METHOD`, `ORDER_STATUS`, `NOTES`, `CREATED_AT`, `UPDATED_AT`) VALUES
  (1051, 25, 1, NULL, NULL, NULL, '2017-12-21 13:40:50', 'MOBILE', 'ORDER PENDING', NULL, '2017-12-21 13:40:50', '2017-12-21 13:40:50'),
  (1052, 25, 1, NULL, NULL, NULL, '2017-12-21 14:07:43', 'MOBILE', 'ORDER PENDING', NULL, '2017-12-21 14:07:43', '2017-12-21 14:07:43'),
  (1053, 25, 1, NULL, NULL, NULL, '2017-12-21 14:10:57', 'MOBILE', 'ORDER PENDING', NULL, '2017-12-21 14:10:57', '2017-12-21 14:10:57'),
  (1054, 25, 1, NULL, NULL, NULL, '2017-12-21 14:11:05', 'MOBILE', 'ORDER PENDING', NULL, '2017-12-21 14:11:05', '2017-12-21 14:11:05'),
  (1055, 25, 1, NULL, NULL, NULL, '2017-12-21 14:15:30', 'MOBILE', 'ORDER PENDING', NULL, '2017-12-21 14:15:30', '2017-12-21 14:15:30'),
  (1056, 25, 1, NULL, NULL, NULL, '2017-12-21 15:17:48', 'MOBILE', 'ORDER PENDING', NULL, '2017-12-21 15:17:48', '2017-12-21 15:17:48'),
  (1057, 25, 1, NULL, NULL, NULL, '2017-12-21 15:17:49', 'MOBILE', 'ORDER PENDING', NULL, '2017-12-21 15:17:49', '2017-12-21 15:17:49'),
  (1058, 25, 1, NULL, NULL, NULL, '2017-12-21 15:33:19', 'MOBILE', 'ORDER PENDING', NULL, '2017-12-21 15:33:19', '2017-12-21 15:33:19'),
  (1059, 25, 1, NULL, NULL, NULL, '2017-12-21 15:34:15', 'MOBILE', 'ORDER PENDING', NULL, '2017-12-21 15:34:15', '2017-12-21 15:34:15'),
  (1060, 25, 1, NULL, NULL, NULL, '2017-12-21 15:36:32', 'MOBILE', 'ORDER PENDING', NULL, '2017-12-21 15:36:32', '2017-12-21 15:36:32'),
  (1061, 25, 1, NULL, NULL, NULL, '2017-12-21 17:43:36', 'MOBILE', 'ORDER PENDING', NULL, '2017-12-21 17:43:36', '2017-12-21 17:43:36'),
  (1062, 25, 1, NULL, NULL, NULL, '2017-12-21 17:46:10', 'MOBILE', 'ORDER PENDING', NULL, '2017-12-21 17:46:10', '2017-12-21 17:46:10'),
  (1063, 25, 1, NULL, NULL, NULL, '2017-12-21 18:03:18', 'MOBILE', 'ORDER PENDING', NULL, '2017-12-21 18:03:19', '2017-12-21 18:03:19'),
  (1064, 46, 1, NULL, NULL, NULL, '2017-12-21 18:05:13', 'MOBILE', 'ORDER PENDING', NULL, '2017-12-21 18:05:13', '2017-12-21 18:05:13'),
  (1065, 46, 1, NULL, NULL, NULL, '2017-12-21 18:16:00', 'MOBILE', 'ORDER PENDING', NULL, '2017-12-21 18:16:00', '2017-12-21 18:16:00'),
  (1066, 46, 1, NULL, NULL, NULL, '2017-12-21 18:23:41', 'MOBILE', 'ORDER PENDING', NULL, '2017-12-21 18:23:41', '2017-12-21 18:23:41'),
  (1067, 46, 1, NULL, NULL, NULL, '2017-12-21 18:27:20', 'MOBILE', 'ORDER PENDING', NULL, '2017-12-21 18:27:20', '2017-12-21 18:27:20'),
  (1068, 46, 1, NULL, NULL, NULL, '2017-12-21 18:30:22', 'MOBILE', 'ORDER PENDING', NULL, '2017-12-21 18:30:22', '2017-12-21 18:30:22'),
  (1069, 25, 1, NULL, NULL, NULL, '2017-12-21 18:46:02', 'MOBILE', 'ORDER PENDING', NULL, '2017-12-21 18:46:02', '2017-12-21 18:46:02'),
  (1070, 25, 1, NULL, NULL, NULL, '2017-12-21 18:48:56', 'MOBILE', 'ORDER PENDING', NULL, '2017-12-21 18:48:56', '2017-12-21 18:48:56'),
  (1071, 25, 1, NULL, NULL, NULL, '2017-12-21 18:49:19', 'MOBILE', 'ORDER PENDING', NULL, '2017-12-21 18:49:19', '2017-12-21 18:49:19'),
  (1072, 25, 1, NULL, NULL, NULL, '2017-12-21 18:51:10', 'MOBILE', 'ORDER PENDING', NULL, '2017-12-21 18:51:10', '2017-12-21 18:51:10'),
  (1073, 37, 1, NULL, NULL, NULL, '2017-12-21 19:19:39', 'MOBILE', 'ORDER PENDING', NULL, '2017-12-21 19:19:40', '2017-12-21 19:19:40'),
  (1074, 25, 1, NULL, NULL, NULL, '2017-12-21 22:41:26', 'MOBILE', 'ORDER PENDING', NULL, '2017-12-21 22:41:26', '2017-12-21 22:41:26'),
  (1075, 25, 1, NULL, NULL, NULL, '2017-12-22 03:13:59', 'MOBILE', 'ORDER PENDING', NULL, '2017-12-22 03:13:59', '2017-12-22 03:13:59'),
  (1076, 25, 1, NULL, NULL, NULL, '2017-12-22 05:39:58', 'MOBILE', 'ORDER PENDING', NULL, '2017-12-22 05:39:58', '2017-12-22 05:39:58'),
  (1087, 25, 1, NULL, NULL, NULL, '2017-12-22 08:22:37', 'MOBILE', 'ORDER PENDING', NULL, '2017-12-22 08:22:37', '2017-12-22 08:22:37'),
  (1088, 25, 1, NULL, NULL, NULL, '2017-12-22 08:22:37', 'MOBILE', 'ORDER PENDING', NULL, '2017-12-22 08:22:37', '2017-12-22 08:22:37'),
  (1089, 25, 1, NULL, NULL, NULL, '2017-12-22 09:00:37', 'MOBILE', 'ORDER PENDING', NULL, '2017-12-22 09:00:38', '2017-12-22 09:00:38'),
  (1090, 25, 1, NULL, NULL, NULL, '2017-12-22 09:14:01', 'MOBILE', 'ORDER PENDING', NULL, '2017-12-22 09:14:02', '2017-12-22 09:14:02'),
  (1091, 25, 1, NULL, NULL, NULL, '2017-12-22 12:42:47', 'MOBILE', 'ORDER PENDING', NULL, '2017-12-22 12:42:47', '2017-12-22 12:42:47'),
  (1092, 25, 1, NULL, NULL, NULL, '2017-12-22 12:42:47', 'MOBILE', 'ORDER PENDING', NULL, '2017-12-22 12:42:47', '2017-12-22 12:42:47'),
  (1093, 25, 1, NULL, NULL, NULL, '2017-12-22 14:38:12', 'MOBILE', 'ORDER PENDING', NULL, '2017-12-22 14:38:12', '2017-12-22 14:38:12'),
  (1094, 25, 1, NULL, NULL, NULL, '2017-12-22 14:38:12', 'MOBILE', 'ORDER PENDING', NULL, '2017-12-22 14:38:13', '2017-12-22 14:38:13');

-- --------------------------------------------------------

--
-- Table structure for table `customer_order_item`
--

CREATE TABLE `customer_order_item` (
  `ORDER_ITEM_ID` int(11) NOT NULL,
  `ORDER_ID` bigint(10) NOT NULL,
  `ITEM_TYPE_ID` bigint(10) NOT NULL,
  `QUANTITY` int(4) NOT NULL,
  `PRICE` decimal(10,0) NOT NULL,
  `SUBTOTAL` decimal(10,0) NOT NULL,
  `OPTIONS` varchar(100) COLLATE utf8_unicode_ci DEFAULT NULL,
  `NOTES` varchar(200) COLLATE utf8_unicode_ci DEFAULT NULL,
  `CREATED_AT` datetime NOT NULL,
  `UPDATED_AT` datetime DEFAULT NULL
) ENGINE=InnoDB DEFAULT CHARSET=utf8 COLLATE=utf8_unicode_ci;

--
-- Dumping data for table `customer_order_item`
--

INSERT INTO `customer_order_item` (`ORDER_ITEM_ID`, `ORDER_ID`, `ITEM_TYPE_ID`, `QUANTITY`, `PRICE`, `SUBTOTAL`, `OPTIONS`, `NOTES`, `CREATED_AT`, `UPDATED_AT`) VALUES
  (18, 1051, 4, 4, '300', '1200', 'N/A', NULL, '2017-12-21 13:40:50', NULL),
  (19, 1051, 5, 5, '10', '50', 'N/A', NULL, '2017-12-21 13:40:50', NULL),
  (20, 1052, 5, 10, '1', '10', 'N/A', NULL, '2017-12-21 14:07:43', NULL),
  (21, 1053, 4, 5, '1', '5', 'N/A', NULL, '2017-12-21 14:10:57', NULL),
  (22, 1055, 1, 1, '1', '1', 'N/A', NULL, '2017-12-21 14:15:30', NULL),
  (23, 1056, 2, 2, '1', '2', 'N/A', NULL, '2017-12-21 15:17:48', NULL),
  (24, 1056, 2, 2, '1', '2', 'N/A', NULL, '2017-12-21 15:17:48', NULL),
  (25, 1059, 1, 3, '1', '3', 'N/A', NULL, '2017-12-21 15:34:15', NULL),
  (26, 1060, 5, 1, '1', '1', 'N/A', NULL, '2017-12-21 15:36:32', NULL),
  (27, 1062, 3, 2, '1', '2', 'N/A', NULL, '2017-12-21 17:46:10', NULL),
  (28, 1064, 5, 2, '1', '2', 'N/A', NULL, '2017-12-21 18:05:13', NULL),
  (29, 1065, 4, 1, '1', '1', 'N/A', NULL, '2017-12-21 18:16:00', NULL),
  (30, 1066, 1, 1, '1', '1', 'N/A', NULL, '2017-12-21 18:23:41', NULL),
  (31, 1067, 5, 1, '1', '1', 'N/A', NULL, '2017-12-21 18:27:20', NULL),
  (32, 1068, 5, 1, '1', '1', 'N/A', NULL, '2017-12-21 18:30:22', NULL),
  (33, 1070, 4, 10, '1', '10', 'N/A', NULL, '2017-12-21 18:48:56', NULL),
  (34, 1072, 3, 1, '1', '1', 'N/A', NULL, '2017-12-21 18:51:10', NULL),
  (35, 1073, 4, 1, '1', '1', 'N/A', NULL, '2017-12-21 19:19:39', NULL),
  (36, 1074, 5, 1, '1', '1', 'N/A', NULL, '2017-12-21 22:41:26', NULL),
  (37, 1074, 5, 1, '1', '1', 'N/A', NULL, '2017-12-21 22:41:26', NULL),
  (38, 1074, 3, 1, '1', '1', 'N/A', NULL, '2017-12-21 22:41:26', NULL),
  (39, 1074, 1, 1, '1', '1', 'N/A', NULL, '2017-12-21 22:41:26', NULL),
  (40, 1074, 4, 1, '1', '1', 'N/A', NULL, '2017-12-21 22:41:26', NULL),
  (41, 1075, 3, 5, '1', '5', 'N/A', NULL, '2017-12-22 03:13:59', NULL),
  (42, 1076, 5, 1, '1', '1', 'N/A', NULL, '2017-12-22 05:39:58', NULL),
  (43, 1076, 5, 1, '1', '1', 'N/A', NULL, '2017-12-22 05:39:58', NULL),
  (49, 1087, 4, 10, '1', '10', 'N/A', NULL, '2017-12-22 08:22:37', NULL),
  (50, 1089, 10, 20, '1', '20', 'N/A', NULL, '2017-12-22 09:00:37', NULL),
  (51, 1090, 10, 20, '1', '20', 'N/A', NULL, '2017-12-22 09:14:01', NULL),
  (52, 1090, 10, 20, '1', '20', 'N/A', NULL, '2017-12-22 09:14:01', NULL),
  (53, 1090, 9, 20, '1', '20', 'N/A', NULL, '2017-12-22 09:14:01', NULL),
  (54, 1091, 11, 11, '1', '11', 'N/A', NULL, '2017-12-22 12:42:47', NULL),
  (55, 1092, 11, 11, '1', '11', 'N/A', NULL, '2017-12-22 12:42:47', NULL),
  (56, 1093, 10, 1, '15', '15', 'N/A', NULL, '2017-12-22 14:38:12', NULL);

-- --------------------------------------------------------

--
-- Table structure for table `db_cache`
--

CREATE TABLE `db_cache` (
  `id` char(128) NOT NULL,
  `expire` int(11) DEFAULT NULL,
  `data` blob
) ENGINE=InnoDB DEFAULT CHARSET=latin1;

--
-- Dumping data for table `db_cache`
--

INSERT INTO `db_cache` (`id`, `expire`, `data`) VALUES
  ('963454f612a8b5fb4a63ba1e97f028a1', 0, 0x613a323a7b693a303b613a323a7b693a303b613a32333a7b693a303b4f3a31353a227969695c7765625c55726c52756c65223a31363a7b733a343a226e616d65223b733a32353a223c636f6e74726f6c6c65723a5c772b3e2f3c69643a5c642b3e223b733a373a227061747465726e223b733a34323a22235e283f503c6134636632363639613e5c772b292f283f503c6162663339363735303e5c642b29242375223b733a343a22686f7374223b4e3b733a353a22726f757465223b733a31373a223c636f6e74726f6c6c65723e2f76696577223b733a383a2264656661756c7473223b613a303a7b7d733a363a22737566666978223b4e3b733a343a2276657262223b4e3b733a343a226d6f6465223b4e3b733a31323a22656e636f6465506172616d73223b623a313b733a31303a226e6f726d616c697a6572223b4e3b733a31353a22002a00637265617465537461747573223b4e3b733a31353a22002a00706c616365686f6c64657273223b613a323a7b733a393a22613463663236363961223b733a31303a22636f6e74726f6c6c6572223b733a393a22616266333936373530223b733a323a226964223b7d733a32363a22007969695c7765625c55726c52756c65005f74656d706c617465223b733a31393a222f3c636f6e74726f6c6c65723e2f3c69643e2f223b733a32373a22007969695c7765625c55726c52756c65005f726f75746552756c65223b733a32383a22235e283f503c6134636632363639613e5c772b292f76696577242375223b733a32383a22007969695c7765625c55726c52756c65005f706172616d52756c6573223b613a313a7b733a323a226964223b733a383a22235e5c642b242375223b7d733a32393a22007969695c7765625c55726c52756c65005f726f757465506172616d73223b613a313a7b733a31303a22636f6e74726f6c6c6572223b733a31323a223c636f6e74726f6c6c65723e223b7d7d693a313b4f3a31353a227969695c7765625c55726c52756c65223a31363a7b733a343a226e616d65223b733a33383a223c636f6e74726f6c6c65723a5c772b3e2f3c616374696f6e3a5c772b3e2f3c69643a5c642b3e223b733a373a227061747465726e223b733a36313a22235e283f503c6134636632363639613e5c772b292f283f503c6134376363386339323e5c772b292f283f503c6162663339363735303e5c642b29242375223b733a343a22686f7374223b4e3b733a353a22726f757465223b733a32313a223c636f6e74726f6c6c65723e2f3c616374696f6e3e223b733a383a2264656661756c7473223b613a303a7b7d733a363a22737566666978223b4e3b733a343a2276657262223b4e3b733a343a226d6f6465223b4e3b733a31323a22656e636f6465506172616d73223b623a313b733a31303a226e6f726d616c697a6572223b4e3b733a31353a22002a00637265617465537461747573223b4e3b733a31353a22002a00706c616365686f6c64657273223b613a333a7b733a393a22613463663236363961223b733a31303a22636f6e74726f6c6c6572223b733a393a22613437636338633932223b733a363a22616374696f6e223b733a393a22616266333936373530223b733a323a226964223b7d733a32363a22007969695c7765625c55726c52756c65005f74656d706c617465223b733a32383a222f3c636f6e74726f6c6c65723e2f3c616374696f6e3e2f3c69643e2f223b733a32373a22007969695c7765625c55726c52756c65005f726f75746552756c65223b733a34323a22235e283f503c6134636632363639613e5c772b292f283f503c6134376363386339323e5c772b29242375223b733a32383a22007969695c7765625c55726c52756c65005f706172616d52756c6573223b613a313a7b733a323a226964223b733a383a22235e5c642b242375223b7d733a32393a22007969695c7765625c55726c52756c65005f726f757465506172616d73223b613a323a7b733a31303a22636f6e74726f6c6c6572223b733a31323a223c636f6e74726f6c6c65723e223b733a363a22616374696f6e223b733a383a223c616374696f6e3e223b7d7d693a323b4f3a31353a227969695c7765625c55726c52756c65223a31363a7b733a343a226e616d65223b733a32393a223c636f6e74726f6c6c65723a5c772b3e2f3c616374696f6e3a5c772b3e223b733a373a227061747465726e223b733a34323a22235e283f503c6134636632363639613e5c772b292f283f503c6134376363386339323e5c772b29242375223b733a343a22686f7374223b4e3b733a353a22726f757465223b733a32313a223c636f6e74726f6c6c65723e2f3c616374696f6e3e223b733a383a2264656661756c7473223b613a303a7b7d733a363a22737566666978223b4e3b733a343a2276657262223b4e3b733a343a226d6f6465223b4e3b733a31323a22656e636f6465506172616d73223b623a313b733a31303a226e6f726d616c697a6572223b4e3b733a31353a22002a00637265617465537461747573223b4e3b733a31353a22002a00706c616365686f6c64657273223b613a323a7b733a393a22613463663236363961223b733a31303a22636f6e74726f6c6c6572223b733a393a22613437636338633932223b733a363a22616374696f6e223b7d733a32363a22007969695c7765625c55726c52756c65005f74656d706c617465223b733a32333a222f3c636f6e74726f6c6c65723e2f3c616374696f6e3e2f223b733a32373a22007969695c7765625c55726c52756c65005f726f75746552756c65223b733a34323a22235e283f503c6134636632363639613e5c772b292f283f503c6134376363386339323e5c772b29242375223b733a32383a22007969695c7765625c55726c52756c65005f706172616d52756c6573223b613a303a7b7d733a32393a22007969695c7765625c55726c52756c65005f726f757465506172616d73223b613a323a7b733a31303a22636f6e74726f6c6c6572223b733a31323a223c636f6e74726f6c6c65723e223b733a363a22616374696f6e223b733a383a223c616374696f6e3e223b7d7d693a333b4f3a31353a227969695c7765625c55726c52756c65223a31363a7b733a343a226e616d65223b733a313a222f223b733a373a227061747465726e223b733a353a22235e242375223b733a343a22686f7374223b4e3b733a353a22726f757465223b733a31303a22736974652f696e646578223b733a383a2264656661756c7473223b613a303a7b7d733a363a22737566666978223b4e3b733a343a2276657262223b4e3b733a343a226d6f6465223b4e3b733a31323a22656e636f6465506172616d73223b623a313b733a31303a226e6f726d616c697a6572223b4e3b733a31353a22002a00637265617465537461747573223b4e3b733a31353a22002a00706c616365686f6c64657273223b613a303a7b7d733a32363a22007969695c7765625c55726c52756c65005f74656d706c617465223b733a303a22223b733a32373a22007969695c7765625c55726c52756c65005f726f75746552756c65223b4e3b733a32383a22007969695c7765625c55726c52756c65005f706172616d52756c6573223b613a303a7b7d733a32393a22007969695c7765625c55726c52756c65005f726f757465506172616d73223b613a303a7b7d7d693a343b4f3a31353a227969695c7765625c55726c52756c65223a31363a7b733a343a226e616d65223b733a393a226d792d73616c6f6e73223b733a373a227061747465726e223b733a31343a22235e6d792d73616c6f6e73242375223b733a343a22686f7374223b4e3b733a353a22726f757465223b733a31313a2273616c6f6e2f696e646578223b733a383a2264656661756c7473223b613a303a7b7d733a363a22737566666978223b4e3b733a343a2276657262223b4e3b733a343a226d6f6465223b4e3b733a31323a22656e636f6465506172616d73223b623a313b733a31303a226e6f726d616c697a6572223b4e3b733a31353a22002a00637265617465537461747573223b4e3b733a31353a22002a00706c616365686f6c64657273223b613a303a7b7d733a32363a22007969695c7765625c55726c52756c65005f74656d706c617465223b733a31313a222f6d792d73616c6f6e732f223b733a32373a22007969695c7765625c55726c52756c65005f726f75746552756c65223b4e3b733a32383a22007969695c7765625c55726c52756c65005f706172616d52756c6573223b613a303a7b7d733a32393a22007969695c7765625c55726c52756c65005f726f757465506172616d73223b613a303a7b7d7d693a353b4f3a31353a227969695c7765625c55726c52756c65223a31363a7b733a343a226e616d65223b733a383a226d792d7374616666223b733a373a227061747465726e223b733a31333a22235e6d792d7374616666242375223b733a343a22686f7374223b4e3b733a353a22726f757465223b733a31313a2273746166662f696e646578223b733a383a2264656661756c7473223b613a303a7b7d733a363a22737566666978223b4e3b733a343a2276657262223b4e3b733a343a226d6f6465223b4e3b733a31323a22656e636f6465506172616d73223b623a313b733a31303a226e6f726d616c697a6572223b4e3b733a31353a22002a00637265617465537461747573223b4e3b733a31353a22002a00706c616365686f6c64657273223b613a303a7b7d733a32363a22007969695c7765625c55726c52756c65005f74656d706c617465223b733a31303a222f6d792d73746166662f223b733a32373a22007969695c7765625c55726c52756c65005f726f75746552756c65223b4e3b733a32383a22007969695c7765625c55726c52756c65005f706172616d52756c6573223b613a303a7b7d733a32393a22007969695c7765625c55726c52756c65005f726f757465506172616d73223b613a303a7b7d7d693a363b4f3a31353a227969695c7765625c55726c52756c65223a31363a7b733a343a226e616d65223b733a31313a226d792d7061796d656e7473223b733a373a227061747465726e223b733a31363a22235e6d792d7061796d656e7473242375223b733a343a22686f7374223b4e3b733a353a22726f757465223b733a31333a227061796d656e742f696e646578223b733a383a2264656661756c7473223b613a303a7b7d733a363a22737566666978223b4e3b733a343a2276657262223b4e3b733a343a226d6f6465223b4e3b733a31323a22656e636f6465506172616d73223b623a313b733a31303a226e6f726d616c697a6572223b4e3b733a31353a22002a00637265617465537461747573223b4e3b733a31353a22002a00706c616365686f6c64657273223b613a303a7b7d733a32363a22007969695c7765625c55726c52756c65005f74656d706c617465223b733a31333a222f6d792d7061796d656e74732f223b733a32373a22007969695c7765625c55726c52756c65005f726f75746552756c65223b4e3b733a32383a22007969695c7765625c55726c52756c65005f706172616d52756c6573223b613a303a7b7d733a32393a22007969695c7765625c55726c52756c65005f726f757465506172616d73223b613a303a7b7d7d693a373b4f3a31353a227969695c7765625c55726c52756c65223a31363a7b733a343a226e616d65223b733a31363a2270656e64696e672d7061796d656e7473223b733a373a227061747465726e223b733a32313a22235e70656e64696e672d7061796d656e7473242375223b733a343a22686f7374223b4e3b733a353a22726f757465223b733a32343a227061796d656e742f70656e64696e672d7061796d656e7473223b733a383a2264656661756c7473223b613a303a7b7d733a363a22737566666978223b4e3b733a343a2276657262223b4e3b733a343a226d6f6465223b4e3b733a31323a22656e636f6465506172616d73223b623a313b733a31303a226e6f726d616c697a6572223b4e3b733a31353a22002a00637265617465537461747573223b4e3b733a31353a22002a00706c616365686f6c64657273223b613a303a7b7d733a32363a22007969695c7765625c55726c52756c65005f74656d706c617465223b733a31383a222f70656e64696e672d7061796d656e74732f223b733a32373a22007969695c7765625c55726c52756c65005f726f75746552756c65223b4e3b733a32383a22007969695c7765625c55726c52756c65005f706172616d52756c6573223b613a303a7b7d733a32393a22007969695c7765625c55726c52756c65005f726f757465506172616d73223b613a303a7b7d7d693a383b4f3a31353a227969695c7765625c55726c52756c65223a31363a7b733a343a226e616d65223b733a31353a22636f6e6669726d2d7061796d656e74223b733a373a227061747465726e223b733a32303a22235e636f6e6669726d2d7061796d656e74242375223b733a343a22686f7374223b4e3b733a353a22726f757465223b733a32333a227061796d656e742f636f6e6669726d2d7061796d656e74223b733a383a2264656661756c7473223b613a303a7b7d733a363a22737566666978223b4e3b733a343a2276657262223b4e3b733a343a226d6f6465223b4e3b733a31323a22656e636f6465506172616d73223b623a313b733a31303a226e6f726d616c697a6572223b4e3b733a31353a22002a00637265617465537461747573223b4e3b733a31353a22002a00706c616365686f6c64657273223b613a303a7b7d733a32363a22007969695c7765625c55726c52756c65005f74656d706c617465223b733a31373a222f636f6e6669726d2d7061796d656e742f223b733a32373a22007969695c7765625c55726c52756c65005f726f75746552756c65223b4e3b733a32383a22007969695c7765625c55726c52756c65005f706172616d52756c6573223b613a303a7b7d733a32393a22007969695c7765625c55726c52756c65005f726f757465506172616d73223b613a303a7b7d7d693a393b4f3a31353a227969695c7765625c55726c52756c65223a31363a7b733a343a226e616d65223b733a31383a2266696e616c697a65642d7061796d656e7473223b733a373a227061747465726e223b733a32333a22235e66696e616c697a65642d7061796d656e7473242375223b733a343a22686f7374223b4e3b733a353a22726f757465223b733a32363a227061796d656e742f66696e616c697a65642d7061796d656e7473223b733a383a2264656661756c7473223b613a303a7b7d733a363a22737566666978223b4e3b733a343a2276657262223b4e3b733a343a226d6f6465223b4e3b733a31323a22656e636f6465506172616d73223b623a313b733a31303a226e6f726d616c697a6572223b4e3b733a31353a22002a00637265617465537461747573223b4e3b733a31353a22002a00706c616365686f6c64657273223b613a303a7b7d733a32363a22007969695c7765625c55726c52756c65005f74656d706c617465223b733a32303a222f66696e616c697a65642d7061796d656e74732f223b733a32373a22007969695c7765625c55726c52756c65005f726f75746552756c65223b4e3b733a32383a22007969695c7765625c55726c52756c65005f706172616d52756c6573223b613a303a7b7d733a32393a22007969695c7765625c55726c52756c65005f726f757465506172616d73223b613a303a7b7d7d693a31303b4f3a31353a227969695c7765625c55726c52756c65223a31363a7b733a343a226e616d65223b733a31313a226d792d626f6f6b696e6773223b733a373a227061747465726e223b733a31363a22235e6d792d626f6f6b696e6773242375223b733a343a22686f7374223b4e3b733a353a22726f757465223b733a31373a227265736572766174696f6e2f696e646578223b733a383a2264656661756c7473223b613a303a7b7d733a363a22737566666978223b4e3b733a343a2276657262223b4e3b733a343a226d6f6465223b4e3b733a31323a22656e636f6465506172616d73223b623a313b733a31303a226e6f726d616c697a6572223b4e3b733a31353a22002a00637265617465537461747573223b4e3b733a31353a22002a00706c616365686f6c64657273223b613a303a7b7d733a32363a22007969695c7765625c55726c52756c65005f74656d706c617465223b733a31333a222f6d792d626f6f6b696e67732f223b733a32373a22007969695c7765625c55726c52756c65005f726f75746552756c65223b4e3b733a32383a22007969695c7765625c55726c52756c65005f706172616d52756c6573223b613a303a7b7d733a32393a22007969695c7765625c55726c52756c65005f726f757465506172616d73223b613a303a7b7d7d693a31313b4f3a31353a227969695c7765625c55726c52756c65223a31363a7b733a343a226e616d65223b733a31313a226164642d73657276696365223b733a373a227061747465726e223b733a31363a22235e6164642d73657276696365242375223b733a343a22686f7374223b4e3b733a353a22726f757465223b733a32303a2273616c6f6e73657276696365732f637265617465223b733a383a2264656661756c7473223b613a303a7b7d733a363a22737566666978223b4e3b733a343a2276657262223b4e3b733a343a226d6f6465223b4e3b733a31323a22656e636f6465506172616d73223b623a313b733a31303a226e6f726d616c697a6572223b4e3b733a31353a22002a00637265617465537461747573223b4e3b733a31353a22002a00706c616365686f6c64657273223b613a303a7b7d733a32363a22007969695c7765625c55726c52756c65005f74656d706c617465223b733a31333a222f6164642d736572766963652f223b733a32373a22007969695c7765625c55726c52756c65005f726f75746552756c65223b4e3b733a32383a22007969695c7765625c55726c52756c65005f706172616d52756c6573223b613a303a7b7d733a32393a22007969695c7765625c55726c52756c65005f726f757465506172616d73223b613a303a7b7d7d693a31323b4f3a31353a227969695c7765625c55726c52756c65223a31363a7b733a343a226e616d65223b733a31343a2261737369676e2d73657276696365223b733a373a227061747465726e223b733a31393a22235e61737369676e2d73657276696365242375223b733a343a22686f7374223b4e3b733a353a22726f757465223b733a32313a22626f6f6b65642f61737369676e2d73657276696365223b733a383a2264656661756c7473223b613a303a7b7d733a363a22737566666978223b4e3b733a343a2276657262223b4e3b733a343a226d6f6465223b4e3b733a31323a22656e636f6465506172616d73223b623a313b733a31303a226e6f726d616c697a6572223b4e3b733a31353a22002a00637265617465537461747573223b4e3b733a31353a22002a00706c616365686f6c64657273223b613a303a7b7d733a32363a22007969695c7765625c55726c52756c65005f74656d706c617465223b733a31363a222f61737369676e2d736572766963652f223b733a32373a22007969695c7765625c55726c52756c65005f726f75746552756c65223b4e3b733a32383a22007969695c7765625c55726c52756c65005f706172616d52756c6573223b613a303a7b7d733a32393a22007969695c7765625c55726c52756c65005f726f757465506172616d73223b613a303a7b7d7d693a31333b4f3a31353a227969695c7765625c55726c52756c65223a31363a7b733a343a226e616d65223b733a31353a22636f6e6669726d2d73657276696365223b733a373a227061747465726e223b733a32303a22235e636f6e6669726d2d73657276696365242375223b733a343a22686f7374223b4e3b733a353a22726f757465223b733a32323a22626f6f6b65642f636f6e6669726d2d73657276696365223b733a383a2264656661756c7473223b613a303a7b7d733a363a22737566666978223b4e3b733a343a2276657262223b4e3b733a343a226d6f6465223b4e3b733a31323a22656e636f6465506172616d73223b623a313b733a31303a226e6f726d616c697a6572223b4e3b733a31353a22002a00637265617465537461747573223b4e3b733a31353a22002a00706c616365686f6c64657273223b613a303a7b7d733a32363a22007969695c7765625c55726c52756c65005f74656d706c617465223b733a31373a222f636f6e6669726d2d736572766963652f223b733a32373a22007969695c7765625c55726c52756c65005f726f75746552756c65223b4e3b733a32383a22007969695c7765625c55726c52756c65005f706172616d52756c6573223b613a303a7b7d733a32393a22007969695c7765625c55726c52756c65005f726f757465506172616d73223b613a303a7b7d7d693a31343b4f3a31353a227969695c7765625c55726c52756c65223a31363a7b733a343a226e616d65223b733a31393a22636f6e6669726d2d7265736572766174696f6e223b733a373a227061747465726e223b733a32343a22235e636f6e6669726d2d7265736572766174696f6e242375223b733a343a22686f7374223b4e3b733a353a22726f757465223b733a33313a227265736572766174696f6e2f636f6e6669726d2d7265736572766174696f6e223b733a383a2264656661756c7473223b613a303a7b7d733a363a22737566666978223b4e3b733a343a2276657262223b4e3b733a343a226d6f6465223b4e3b733a31323a22656e636f6465506172616d73223b623a313b733a31303a226e6f726d616c697a6572223b4e3b733a31353a22002a00637265617465537461747573223b4e3b733a31353a22002a00706c616365686f6c64657273223b613a303a7b7d733a32363a22007969695c7765625c55726c52756c65005f74656d706c617465223b733a32313a222f636f6e6669726d2d7265736572766174696f6e2f223b733a32373a22007969695c7765625c55726c52756c65005f726f75746552756c65223b4e3b733a32383a22007969695c7765625c55726c52756c65005f706172616d52756c6573223b613a303a7b7d733a32393a22007969695c7765625c55726c52756c65005f726f757465506172616d73223b613a303a7b7d7d693a31353b4f3a31353a227969695c7765625c55726c52756c65223a31363a7b733a343a226e616d65223b733a31393a2270726f636573732d7265736572766174696f6e223b733a373a227061747465726e223b733a32343a22235e70726f636573732d7265736572766174696f6e242375223b733a343a22686f7374223b4e3b733a353a22726f757465223b733a33313a227265736572766174696f6e2f70726f636573732d7265736572766174696f6e223b733a383a2264656661756c7473223b613a303a7b7d733a363a22737566666978223b4e3b733a343a2276657262223b4e3b733a343a226d6f6465223b4e3b733a31323a22656e636f6465506172616d73223b623a313b733a31303a226e6f726d616c697a6572223b4e3b733a31353a22002a00637265617465537461747573223b4e3b733a31353a22002a00706c616365686f6c64657273223b613a303a7b7d733a32363a22007969695c7765625c55726c52756c65005f74656d706c617465223b733a32313a222f70726f636573732d7265736572766174696f6e2f223b733a32373a22007969695c7765625c55726c52756c65005f726f75746552756c65223b4e3b733a32383a22007969695c7765625c55726c52756c65005f706172616d52756c6573223b613a303a7b7d733a32393a22007969695c7765625c55726c52756c65005f726f757465506172616d73223b613a303a7b7d7d693a31363b4f3a31353a227969695c7765625c55726c52756c65223a31363a7b733a343a226e616d65223b733a373a22636f6e6669726d223b733a373a227061747465726e223b733a31323a22235e636f6e6669726d242375223b733a343a22686f7374223b4e3b733a353a22726f757465223b733a31393a227265736572766174696f6e2f636f6e6669726d223b733a383a2264656661756c7473223b613a303a7b7d733a363a22737566666978223b4e3b733a343a2276657262223b4e3b733a343a226d6f6465223b4e3b733a31323a22656e636f6465506172616d73223b623a313b733a31303a226e6f726d616c697a6572223b4e3b733a31353a22002a00637265617465537461747573223b4e3b733a31353a22002a00706c616365686f6c64657273223b613a303a7b7d733a32363a22007969695c7765625c55726c52756c65005f74656d706c617465223b733a393a222f636f6e6669726d2f223b733a32373a22007969695c7765625c55726c52756c65005f726f75746552756c65223b4e3b733a32383a22007969695c7765625c55726c52756c65005f706172616d52756c6573223b613a303a7b7d733a32393a22007969695c7765625c55726c52756c65005f726f757465506172616d73223b613a303a7b7d7d693a31373b4f3a31353a227969695c7765625c55726c52756c65223a31363a7b733a343a226e616d65223b733a383a227365727669636573223b733a373a227061747465726e223b733a31333a22235e7365727669636573242375223b733a343a22686f7374223b4e3b733a353a22726f757465223b733a31333a22736572766963652f696e646578223b733a383a2264656661756c7473223b613a303a7b7d733a363a22737566666978223b4e3b733a343a2276657262223b4e3b733a343a226d6f6465223b4e3b733a31323a22656e636f6465506172616d73223b623a313b733a31303a226e6f726d616c697a6572223b4e3b733a31353a22002a00637265617465537461747573223b4e3b733a31353a22002a00706c616365686f6c64657273223b613a303a7b7d733a32363a22007969695c7765625c55726c52756c65005f74656d706c617465223b733a31303a222f73657276696365732f223b733a32373a22007969695c7765625c55726c52756c65005f726f75746552756c65223b4e3b733a32383a22007969695c7765625c55726c52756c65005f706172616d52756c6573223b613a303a7b7d733a32393a22007969695c7765625c55726c52756c65005f726f757465506172616d73223b613a303a7b7d7d693a31383b4f3a31353a227969695c7765625c55726c52756c65223a31363a7b733a343a226e616d65223b733a31323a226163746976652d7573657273223b733a373a227061747465726e223b733a31373a22235e6163746976652d7573657273242375223b733a343a22686f7374223b4e3b733a353a22726f757465223b733a31373a22757365722f6163746976652d7573657273223b733a383a2264656661756c7473223b613a303a7b7d733a363a22737566666978223b4e3b733a343a2276657262223b4e3b733a343a226d6f6465223b4e3b733a31323a22656e636f6465506172616d73223b623a313b733a31303a226e6f726d616c697a6572223b4e3b733a31353a22002a00637265617465537461747573223b4e3b733a31353a22002a00706c616365686f6c64657273223b613a303a7b7d733a32363a22007969695c7765625c55726c52756c65005f74656d706c617465223b733a31343a222f6163746976652d75736572732f223b733a32373a22007969695c7765625c55726c52756c65005f726f75746552756c65223b4e3b733a32383a22007969695c7765625c55726c52756c65005f706172616d52756c6573223b613a303a7b7d733a32393a22007969695c7765625c55726c52756c65005f726f757465506172616d73223b613a303a7b7d7d693a31393b4f3a31353a227969695c7765625c55726c52756c65223a31363a7b733a343a226e616d65223b733a31333a2270656e64696e672d7573657273223b733a373a227061747465726e223b733a31383a22235e70656e64696e672d7573657273242375223b733a343a22686f7374223b4e3b733a353a22726f757465223b733a31383a22757365722f70656e64696e672d7573657273223b733a383a2264656661756c7473223b613a303a7b7d733a363a22737566666978223b4e3b733a343a2276657262223b4e3b733a343a226d6f6465223b4e3b733a31323a22656e636f6465506172616d73223b623a313b733a31303a226e6f726d616c697a6572223b4e3b733a31353a22002a00637265617465537461747573223b4e3b733a31353a22002a00706c616365686f6c64657273223b613a303a7b7d733a32363a22007969695c7765625c55726c52756c65005f74656d706c617465223b733a31353a222f70656e64696e672d75736572732f223b733a32373a22007969695c7765625c55726c52756c65005f726f75746552756c65223b4e3b733a32383a22007969695c7765625c55726c52756c65005f706172616d52756c6573223b613a303a7b7d733a32393a22007969695c7765625c55726c52756c65005f726f757465506172616d73223b613a303a7b7d7d693a32303b4f3a31353a227969695c7765625c55726c52756c65223a31363a7b733a343a226e616d65223b733a31353a2273757370656e6465642d7573657273223b733a373a227061747465726e223b733a32303a22235e73757370656e6465642d7573657273242375223b733a343a22686f7374223b4e3b733a353a22726f757465223b733a32303a22757365722f73757370656e6465642d7573657273223b733a383a2264656661756c7473223b613a303a7b7d733a363a22737566666978223b4e3b733a343a2276657262223b4e3b733a343a226d6f6465223b4e3b733a31323a22656e636f6465506172616d73223b623a313b733a31303a226e6f726d616c697a6572223b4e3b733a31353a22002a00637265617465537461747573223b4e3b733a31353a22002a00706c616365686f6c64657273223b613a303a7b7d733a32363a22007969695c7765625c55726c52756c65005f74656d706c617465223b733a31373a222f73757370656e6465642d75736572732f223b733a32373a22007969695c7765625c55726c52756c65005f726f75746552756c65223b4e3b733a32383a22007969695c7765625c55726c52756c65005f706172616d52756c6573223b613a303a7b7d733a32393a22007969695c7765625c55726c52756c65005f726f757465506172616d73223b613a303a7b7d7d693a32313b4f3a31353a227969695c7765625c55726c52756c65223a31363a7b733a343a226e616d65223b733a31373a2264656163746976617465642d7573657273223b733a373a227061747465726e223b733a32323a22235e64656163746976617465642d7573657273242375223b733a343a22686f7374223b4e3b733a353a22726f757465223b733a32323a22757365722f64656163746976617465642d7573657273223b733a383a2264656661756c7473223b613a303a7b7d733a363a22737566666978223b4e3b733a343a2276657262223b4e3b733a343a226d6f6465223b4e3b733a31323a22656e636f6465506172616d73223b623a313b733a31303a226e6f726d616c697a6572223b4e3b733a31353a22002a00637265617465537461747573223b4e3b733a31353a22002a00706c616365686f6c64657273223b613a303a7b7d733a32363a22007969695c7765625c55726c52756c65005f74656d706c617465223b733a31393a222f64656163746976617465642d75736572732f223b733a32373a22007969695c7765625c55726c52756c65005f726f75746552756c65223b4e3b733a32383a22007969695c7765625c55726c52756c65005f706172616d52756c6573223b613a303a7b7d733a32393a22007969695c7765625c55726c52756c65005f726f757465506172616d73223b613a303a7b7d7d693a32323b4f3a31353a227969695c7765625c55726c52756c65223a31363a7b733a343a226e616d65223b733a31313a22757365722d737461747573223b733a373a227061747465726e223b733a31363a22235e757365722d737461747573242375223b733a343a22686f7374223b4e3b733a353a22726f757465223b733a31363a22757365722f757365722d737461747573223b733a383a2264656661756c7473223b613a303a7b7d733a363a22737566666978223b4e3b733a343a2276657262223b4e3b733a343a226d6f6465223b4e3b733a31323a22656e636f6465506172616d73223b623a313b733a31303a226e6f726d616c697a6572223b4e3b733a31353a22002a00637265617465537461747573223b4e3b733a31353a22002a00706c616365686f6c64657273223b613a303a7b7d733a32363a22007969695c7765625c55726c52756c65005f74656d706c617465223b733a31333a222f757365722d7374617475732f223b733a32373a22007969695c7765625c55726c52756c65005f726f75746552756c65223b4e3b733a32383a22007969695c7765625c55726c52756c65005f706172616d52756c6573223b613a303a7b7d733a32393a22007969695c7765625c55726c52756c65005f726f757465506172616d73223b613a303a7b7d7d7d693a313b733a33323a226232653031636433643535663537643638626664363364323039373561336535223b7d693a313b4e3b7d);

-- --------------------------------------------------------

--
-- Table structure for table `kitchen`
--

CREATE TABLE `kitchen` (
  `KITCHEN_ID` bigint(20) NOT NULL,
  `KITCHEN_NAME` varchar(100) NOT NULL,
  `CITY_ID` bigint(20) NOT NULL,
  `OPENING_TIME` time DEFAULT NULL,
  `CLOSING_TIME` time DEFAULT NULL,
  `ADDRESS` text
) ENGINE=InnoDB DEFAULT CHARSET=latin1;

--
-- Dumping data for table `kitchen`
--

INSERT INTO `kitchen` (`KITCHEN_ID`, `KITCHEN_NAME`, `CITY_ID`, `OPENING_TIME`, `CLOSING_TIME`, `ADDRESS`) VALUES
  (1, 'Mogadishu', 1, '09:56:58', '23:57:03', NULL),
  (2, 'Mombasa', 3, '18:23:43', '18:23:45', NULL);

-- --------------------------------------------------------

--
-- Table structure for table `location`
--

CREATE TABLE `location` (
  `LOCATION_ID` bigint(20) NOT NULL,
  `LOCATION_NAME` varchar(255) NOT NULL,
  `ADDRESS` text
) ENGINE=InnoDB DEFAULT CHARSET=latin1;

--
-- Dumping data for table `location`
--

INSERT INTO `location` (`LOCATION_ID`, `LOCATION_NAME`, `ADDRESS`) VALUES
  (1, 'KISMAYU', NULL);

-- --------------------------------------------------------

--
-- Table structure for table `menu_category`
--

CREATE TABLE `menu_category` (
  `MENU_CAT_ID` bigint(10) NOT NULL,
  `MENU_CAT_NAME` varchar(50) COLLATE utf8_unicode_ci NOT NULL,
  `MENU_CAT_IMAGE` varchar(255) COLLATE utf8_unicode_ci DEFAULT NULL,
  `ACTIVE` int(1) NOT NULL DEFAULT '1',
  `RANK` int(2) NOT NULL
) ENGINE=InnoDB DEFAULT CHARSET=utf8 COLLATE=utf8_unicode_ci;

--
-- Dumping data for table `menu_category`
--

INSERT INTO `menu_category` (`MENU_CAT_ID`, `MENU_CAT_NAME`, `MENU_CAT_IMAGE`, `ACTIVE`, `RANK`) VALUES
  (1, 'PIZZA', 'pizza.jpg', 1, 1),
  (2, 'BURGERS', NULL, 0, 2),
  (3, 'SALADS', NULL, 0, 3),
  (4, 'SWEETS', NULL, 0, 6),
  (5, 'SANDWICH', NULL, 0, 4),
  (6, 'DRINKS', NULL, 1, 5);

-- --------------------------------------------------------

--
-- Table structure for table `menu_item`
--

CREATE TABLE `menu_item` (
  `MENU_ITEM_ID` bigint(10) NOT NULL,
  `MENU_CAT_ID` bigint(10) NOT NULL,
  `MENU_ITEM_NAME` varchar(255) COLLATE utf8_unicode_ci NOT NULL,
  `MENU_ITEM_DESC` text COLLATE utf8_unicode_ci NOT NULL,
  `MENU_ITEM_IMAGE` varchar(255) COLLATE utf8_unicode_ci NOT NULL,
  `HOT_DEAL` bit(1) NOT NULL DEFAULT b'0',
  `VEGETARIAN` bit(1) NOT NULL DEFAULT b'0',
  `MAX_QTY` int(2) NOT NULL DEFAULT '10' COMMENT 'Show the maximum number of quantities one can select from'
) ENGINE=InnoDB DEFAULT CHARSET=utf8 COLLATE=utf8_unicode_ci;

--
-- Dumping data for table `menu_item`
--

INSERT INTO `menu_item` (`MENU_ITEM_ID`, `MENU_CAT_ID`, `MENU_ITEM_NAME`, `MENU_ITEM_DESC`, `MENU_ITEM_IMAGE`, `HOT_DEAL`, `VEGETARIAN`, `MAX_QTY`) VALUES
  (1, 1, 'Margherita', 'Crushed Tomatoes, Mozzarella, Grana, Basil', 'pizza1.jpg', b'0', b'0', 20),
  (2, 1, 'Hawaiian', 'pizza topped with tomato sauce, cheese, pineapple, and Canadian bacon or ham. Some versions may include peppers, mushrooms', 'pizza2.jpg', b'0', b'0', 20),
  (3, 1, 'Chicken Tikka Masala', 'cheesy pizza topped with delicious Indian chicken tikka masala', 'pizza3.jpg', b'0', b'0', 20),
  (4, 1, 'Supreme', 'Sausage, pepperoni, mushrooms, olives, peppers, and onion', 'pizza3.jpg', b'0', b'0', 20),
  (5, 6, 'Water', '', 'drink7.jpg', b'0', b'0', 10),
  (7, 6, 'Orange Juice', 'Freshly squeezed orange juice', '1.jpg', b'0', b'0', 20),
  (8, 6, 'Coffee', 'Black coffee without milk', '1.jpg', b'0', b'0', 10),
  (9, 6, 'lemon juice', '', 'drink3.jpg', b'0', b'0', 10),
  (10, 6, 'tea', '', 'drink5.jpg', b'0', b'0', 10);

-- --------------------------------------------------------

--
-- Table structure for table `menu_item_type`
--

CREATE TABLE `menu_item_type` (
  `ITEM_TYPE_ID` bigint(11) NOT NULL,
  `MENU_ITEM_ID` bigint(11) NOT NULL,
  `ITEM_TYPE_SIZE` varchar(15) DEFAULT NULL,
  `PRICE` decimal(10,2) NOT NULL,
  `AVAILABLE` bit(1) NOT NULL DEFAULT b'1'
) ENGINE=InnoDB DEFAULT CHARSET=latin1;

--
-- Dumping data for table `menu_item_type`
--

INSERT INTO `menu_item_type` (`ITEM_TYPE_ID`, `MENU_ITEM_ID`, `ITEM_TYPE_SIZE`, `PRICE`, `AVAILABLE`) VALUES
  (1, 1, 'LARGE', '15.00', b'1'),
  (2, 1, 'SMALL', '11.00', b'1'),
  (3, 2, 'MEDIUM', '13.00', b'1'),
  (4, 4, 'LARGE', '15.00', b'1'),
  (5, 3, 'MEDIUM', '13.00', b'1'),
  (6, 1, 'MEDIUM', '13.00', b'1'),
  (7, 2, 'SMALL', '11.00', b'1'),
  (8, 2, 'LARGE', '15.00', b'1'),
  (9, 3, 'SMALL', '11.00', b'1'),
  (10, 3, 'LARGE', '15.00', b'1'),
  (11, 4, 'SMALL', '11.00', b'1'),
  (12, 4, 'MEDIUM', '13.00', b'1'),
  (13, 5, '500ML', '1.00', b'1'),
  (14, 7, 'SMALL', '1.00', b'1'),
  (15, 8, 'SMALL', '1.00', b'1'),
  (16, 9, 'SMALL', '1.00', b'1'),
  (17, 10, 'SMALL', '1.00', b'1'),
  (18, 5, '1LITRE', '2.00', b'1');

-- --------------------------------------------------------

--
-- Table structure for table `my_session`
--

CREATE TABLE `my_session` (
  `id` char(60) NOT NULL,
  `expire` int(11) DEFAULT NULL,
  `data` longblob,
  `user_id` bigint(20) DEFAULT NULL,
  `user_name` varchar(20) DEFAULT NULL
) ENGINE=InnoDB DEFAULT CHARSET=latin1;

--
-- Dumping data for table `my_session`
--

INSERT INTO `my_session` (`id`, `expire`, `data`, `user_id`, `user_name`) VALUES
  ('hrkt94sscqv6o436v5vr3qp292', 1513972654, 0x5f5f666c6173687c613a303a7b7d5f5f69647c693a31313b5f5f6578706972657c693a313531333935383635343b, 11, 'admin');

-- --------------------------------------------------------

--
-- Table structure for table `order_tracking`
--

CREATE TABLE `order_tracking` (
  `TRACKING_ID` bigint(10) NOT NULL,
  `ORDER_ID` bigint(10) NOT NULL,
  `COMMENTS` varchar(255) DEFAULT NULL,
  `STATUS` varchar(30) NOT NULL,
  `TRACKING_DATE` datetime DEFAULT NULL,
  `USER_VISIBLE` bit(1) NOT NULL DEFAULT b'1'
) ENGINE=InnoDB DEFAULT CHARSET=latin1;

--
-- Dumping data for table `order_tracking`
--

INSERT INTO `order_tracking` (`TRACKING_ID`, `ORDER_ID`, `COMMENTS`, `STATUS`, `TRACKING_DATE`, `USER_VISIBLE`) VALUES
  (141, 1051, NULL, 'ORDER PENDING', '2017-12-21 13:40:50', b'1'),
  (142, 1052, NULL, 'ORDER PENDING', '2017-12-21 14:07:43', b'1'),
  (143, 1053, NULL, 'ORDER PENDING', '2017-12-21 14:10:57', b'1'),
  (144, 1054, NULL, 'ORDER PENDING', '2017-12-21 14:11:05', b'1'),
  (145, 1055, NULL, 'ORDER PENDING', '2017-12-21 14:15:30', b'1'),
  (146, 1056, NULL, 'ORDER PENDING', '2017-12-21 15:17:48', b'1'),
  (147, 1057, NULL, 'ORDER PENDING', '2017-12-21 15:17:49', b'1'),
  (148, 1058, NULL, 'ORDER PENDING', '2017-12-21 15:33:19', b'1'),
  (149, 1059, NULL, 'ORDER PENDING', '2017-12-21 15:34:15', b'1'),
  (150, 1060, NULL, 'ORDER PENDING', '2017-12-21 15:36:32', b'1'),
  (152, 1061, NULL, 'ORDER PENDING', '2017-12-21 17:43:36', b'1'),
  (153, 1062, NULL, 'ORDER PENDING', '2017-12-21 17:46:10', b'1'),
  (154, 1063, NULL, 'ORDER PENDING', '2017-12-21 18:03:19', b'1'),
  (155, 1064, NULL, 'ORDER PENDING', '2017-12-21 18:05:13', b'1'),
  (156, 1065, NULL, 'ORDER PENDING', '2017-12-21 18:16:01', b'1'),
  (157, 1066, NULL, 'ORDER PENDING', '2017-12-21 18:23:41', b'1'),
  (158, 1067, NULL, 'ORDER PENDING', '2017-12-21 18:27:20', b'1'),
  (159, 1068, NULL, 'ORDER PENDING', '2017-12-21 18:30:22', b'1'),
  (160, 1069, NULL, 'ORDER PENDING', '2017-12-21 18:46:02', b'1'),
  (161, 1070, NULL, 'ORDER PENDING', '2017-12-21 18:48:56', b'1'),
  (162, 1071, NULL, 'ORDER PENDING', '2017-12-21 18:49:19', b'1'),
  (163, 1072, NULL, 'ORDER PENDING', '2017-12-21 18:51:10', b'1'),
  (164, 1073, NULL, 'ORDER PENDING', '2017-12-21 19:19:40', b'1'),
  (165, 1074, NULL, 'ORDER PENDING', '2017-12-21 22:41:26', b'1'),
  (166, 1075, NULL, 'ORDER PENDING', '2017-12-22 03:13:59', b'1'),
  (167, 1076, NULL, 'ORDER PENDING', '2017-12-22 05:39:58', b'1'),
  (178, 1087, NULL, 'ORDER PENDING', '2017-12-22 08:22:37', b'1'),
  (179, 1088, NULL, 'ORDER PENDING', '2017-12-22 08:22:37', b'1'),
  (180, 1089, NULL, 'ORDER PENDING', '2017-12-22 09:00:38', b'1'),
  (181, 1090, NULL, 'ORDER PENDING', '2017-12-22 09:14:02', b'1'),
  (182, 1091, NULL, 'ORDER PENDING', '2017-12-22 12:42:47', b'1'),
  (183, 1092, NULL, 'ORDER PENDING', '2017-12-22 12:42:47', b'1'),
  (184, 1093, NULL, 'ORDER PENDING', '2017-12-22 14:38:12', b'1'),
  (185, 1094, NULL, 'ORDER PENDING', '2017-12-22 14:38:13', b'1');

-- --------------------------------------------------------

--
-- Table structure for table `payment`
--

CREATE TABLE `payment` (
  `PAYMENT_ID` bigint(20) NOT NULL,
  `ORDER_ID` bigint(20) DEFAULT NULL,
  `PAYMENT_CHANNEL` varchar(255) NOT NULL,
  `PAYMENT_AMOUNT` decimal(10,2) NOT NULL,
  `PAYMENT_REF` varchar(255) NOT NULL,
  `PAYMENT_STATUS` varchar(30) DEFAULT NULL,
  `PAYMENT_DATE` datetime NOT NULL,
  `PAYMENT_NOTES` varchar(255) DEFAULT NULL,
  `PAYMENT_NUMBER` varchar(30) DEFAULT NULL
) ENGINE=InnoDB DEFAULT CHARSET=latin1;

-- --------------------------------------------------------

--
-- Table structure for table `riders`
--

CREATE TABLE `riders` (
  `RIDER_ID` bigint(10) NOT NULL,
  `USER_ID` bigint(10) DEFAULT NULL,
  `KITCHEN_ID` bigint(10) DEFAULT NULL,
  `RIDER_STATUS` bit(1) NOT NULL DEFAULT b'1'
) ENGINE=InnoDB DEFAULT CHARSET=latin1;

--
-- Dumping data for table `riders`
--

INSERT INTO `riders` (`RIDER_ID`, `USER_ID`, `KITCHEN_ID`, `RIDER_STATUS`) VALUES
  (1, 12, 1, b'1'),
  (2, 12, 2, b'1'),
  (3, 12, 1, b'1'),
  (4, 12, 2, b'1');

-- --------------------------------------------------------

--
-- Table structure for table `tb_cart`
--

CREATE TABLE `tb_cart` (
  `CART_ITEM_ID` bigint(10) NOT NULL,
  `USER_ID` bigint(20) NOT NULL,
  `ITEM_TYPE_ID` bigint(10) NOT NULL,
  `QUANTITY` int(4) NOT NULL,
  `ITEM_PRICE` decimal(10,0) NOT NULL,
  `ITEM_TYPE_SIZE` varchar(15) COLLATE utf8_unicode_ci NOT NULL,
  `CART_TIMESTAMP` bigint(20) DEFAULT NULL,
  `CREATED_AT` datetime DEFAULT NULL,
  `UPDATED_AT` datetime DEFAULT NULL
) ENGINE=InnoDB DEFAULT CHARSET=utf8 COLLATE=utf8_unicode_ci;

--
-- Dumping data for table `tb_cart`
--

INSERT INTO `tb_cart` (`CART_ITEM_ID`, `USER_ID`, `ITEM_TYPE_ID`, `QUANTITY`, `ITEM_PRICE`, `ITEM_TYPE_SIZE`, `CART_TIMESTAMP`, `CREATED_AT`, `UPDATED_AT`) VALUES
  (2, 24, 1, 1, '1200', 'LARGE', 1513775598, '2017-12-20 13:13:18', '2017-12-21 07:34:07'),
  (5, 24, 4, 1, '300', 'LARGE', 1513775598, '2017-12-21 07:34:13', '2017-12-21 07:34:13'),
  (60, 5, 5, 9, '1', 'MEDIUM', 1513931061, '2017-12-22 08:24:21', '2017-12-22 12:19:04'),
  (61, 5, 5, 1, '1', 'MEDIUM', 1513931061, '2017-12-22 08:24:28', '2017-12-22 08:24:28'),
  (62, 5, 5, 1, '1', 'MEDIUM', 1513931061, '2017-12-22 08:24:28', '2017-12-22 08:24:28'),
  (63, 10, 3, 20, '1', 'MEDIUM', 1513931956, '2017-12-22 08:39:16', '2017-12-22 08:39:16');

-- --------------------------------------------------------

--
-- Table structure for table `tb_favs`
--

CREATE TABLE `tb_favs` (
  `FAV_ID` bigint(20) NOT NULL,
  `MENU_ITEM_ID` bigint(20) DEFAULT NULL,
  `USER_ID` bigint(20) DEFAULT NULL
) ENGINE=InnoDB DEFAULT CHARSET=latin1;

-- --------------------------------------------------------

--
-- Table structure for table `tb_migration`
--

CREATE TABLE `tb_migration` (
  `version` varchar(180) NOT NULL,
  `apply_time` int(11) DEFAULT NULL
) ENGINE=InnoDB DEFAULT CHARSET=latin1;

--
-- Dumping data for table `tb_migration`
--

INSERT INTO `tb_migration` (`version`, `apply_time`) VALUES
  ('m000000_000000_base', 1510298356),
  ('m160516_095943_init', 1510298358);

-- --------------------------------------------------------

--
-- Table structure for table `tb_sizes`
--

CREATE TABLE `tb_sizes` (
  `SIZE_ID` bigint(20) NOT NULL,
  `SIZE_TYPE` varchar(20) NOT NULL,
  `ACTIVE` bit(1) DEFAULT b'1'
) ENGINE=InnoDB DEFAULT CHARSET=latin1;

--
-- Dumping data for table `tb_sizes`
--

INSERT INTO `tb_sizes` (`SIZE_ID`, `SIZE_TYPE`, `ACTIVE`) VALUES
  (1, 'SMALL', b'1'),
  (2, 'MEDIUM', b'1'),
  (3, 'LARGE', b'1'),
  (4, '500ML', b'1'),
  (5, '1LITRE', b'1');

-- --------------------------------------------------------

--
-- Table structure for table `tb_status`
--

CREATE TABLE `tb_status` (
  `STATUS_NAME` varchar(30) NOT NULL,
  `STATUS_DESC` varchar(100) DEFAULT NULL,
  `COLOR` varchar(10) NOT NULL DEFAULT 'GREEN',
  `SCOPE` varchar(10) NOT NULL DEFAULT 'ALL',
  `RANK` int(2) NOT NULL DEFAULT '1',
  `WORKFLOW` int(2) NOT NULL DEFAULT '1'
) ENGINE=InnoDB DEFAULT CHARSET=latin1;

--
-- Dumping data for table `tb_status`
--

INSERT INTO `tb_status` (`STATUS_NAME`, `STATUS_DESC`, `COLOR`, `SCOPE`, `RANK`, `WORKFLOW`) VALUES
  ('AWAITING RIDER', 'Awaiting Rider', 'BROWN', 'INACTIVE', 7, 3),
  ('CHEF ASSIGNED', 'Assign Chef', 'GREEN', 'INACTIVE', 4, 0),
  ('KITCHEN ALLOCATED', 'Transfer to Kitchen', 'GREEN', 'OFFICE', 3, 1),
  ('ORDER CANCELLED', 'Cancel Order', 'RED', 'ALL', 0, 0),
  ('ORDER CONFIRMED', 'Confirm Order', 'PURPLE', 'OFFICE', 2, 0),
  ('ORDER DELIVERED', 'Order Delieverd', 'RED', 'RIDER', 10, 0),
  ('ORDER PENDING', 'Awaiting Processing', '#ff69b4', 'ALL', 1, 0),
  ('ORDER READY', 'Order Ready', 'GREEN', 'KITCHEN', 6, 2),
  ('PAYMENT PENDING', 'Payment Not Confirmed', 'GREEN', 'OFFICE', 11, 2),
  ('RIDER ASSIGNED', 'Assign Rider', 'GREEN', 'INACTIVE', 8, 4),
  ('RIDER DISPATCHED', 'Assign & Dispatch Rider', 'GREEN', 'KITCHEN', 9, 5),
  ('UNDER PREPARATION', 'Preparing Order', 'ORANGE', 'KITCHEN', 5, 1);

-- --------------------------------------------------------

--
-- Table structure for table `tb_users`
--

CREATE TABLE `tb_users` (
  `USER_ID` bigint(20) NOT NULL,
  `USER_NAME` varchar(100) NOT NULL,
  `USER_TYPE` bigint(20) NOT NULL,
  `SURNAME` varchar(100) NOT NULL,
  `OTHER_NAMES` varchar(100) NOT NULL,
  `MOBILE` int(20) NOT NULL,
  `EMAIL` varchar(100) NOT NULL,
  `LOCATION_ID` bigint(20) NOT NULL,
  `PASSWORD` varchar(100) NOT NULL,
  `DATE_REGISTERED` datetime DEFAULT NULL,
  `LAST_UPDATED` datetime DEFAULT NULL,
  `CLIENT_TOKEN` varchar(255) DEFAULT NULL
) ENGINE=InnoDB DEFAULT CHARSET=latin1;

--
-- Dumping data for table `tb_users`
--

INSERT INTO `tb_users` (`USER_ID`, `USER_NAME`, `USER_TYPE`, `SURNAME`, `OTHER_NAMES`, `MOBILE`, `EMAIL`, `LOCATION_ID`, `PASSWORD`, `DATE_REGISTERED`, `LAST_UPDATED`, `CLIENT_TOKEN`) VALUES
  (5, 'pkyalo', 1, 'kingoo', 'Peter Kyalo', 724802220, 'petchaloo@gmail.com', 1, '834dfae0c40820faccf4f83580be800545dca3c1', NULL, NULL, NULL),
  (10, 'fatelord', 1, 'BARASA', 'SAMMY M', 1123, 'barsamms@gmail.com', 1, '40bd001563085fc35165329ea1ff5c5ecbdbbeef', '2017-10-09 07:06:51', '2017-10-09 07:06:51', NULL),
  (11, 'admin', 2, 'admin', 'admin', 123, 'admin@slice.com', 1, '40bd001563085fc35165329ea1ff5c5ecbdbbeef', '2017-11-10 13:11:43', '2017-11-10 13:11:49', NULL),
  (12, 'rider', 3, 'Saber', 'Rider', 1123, 'rider@gmail.com', 1, '40bd001563085fc35165329ea1ff5c5ecbdbbeef', '2017-10-09 07:06:51', '2017-10-09 07:06:51', ''),
  (24, 'kyalo', 1, 'kingoo', 'Peter kyalo', 2147483647, 'pkyalo@uonbi.ac.ke', 1, '834dfae0c40820faccf4f83580be800545dca3c1', '2017-12-20 12:38:11', '2017-12-20 12:38:11', NULL),
  (25, 'mohacpr', 1, 'Mohamed', 'Mohamed', 619000333, 'mohacpr@gmail.com', 1, '2d7d1969f957c467cfb161b81ff408af6b94a8ea', '2017-12-20 19:39:38', '2017-12-20 19:39:38', NULL),
  (29, 'Shumac', 1, 'Shumac', 'Shushuu', 2147483647, 'shumac55@gmail.com', 1, '513a7c4018127c653ce3b9037e29bdd9c03e29f7', '2017-12-21 13:50:19', '2017-12-21 13:50:19', NULL),
  (37, 'Aw-ali', 1, 'Kadar', 'Mohamed', 615417477, 'kadarfeyore1@gmail.com', 1, 'ae62e53fb3b2afe899a5dbd09cad2eac8a2487f1', '2017-12-21 15:46:08', '2017-12-21 15:46:08', NULL),
  (44, 'Abdikasim', 1, 'Moalim', 'Ahmed', 617999222, 'abdulkasimmoalim@gmail.com', 1, 'b82886f310d6c223dea476600babca5849670e21', '2017-12-21 17:27:14', '2017-12-21 17:27:14', NULL),
  (45, 'Sandheere', 1, 'Mohamed', 'Sandheere', 2147483647, 'sanka6016@gmail.com', 1, '890940a175fdd194c3f42a27e8ecbfefb983094d', '2017-12-21 17:48:20', '2017-12-21 17:48:20', NULL),
  (46, 'Sandheere10', 1, 'Mohamed', 'Sandheere', 2147483647, 'sanka6015@gmail.com', 1, '8238a351f035bc1f72a1a7cff337221a73dae6f2', '2017-12-21 18:02:10', '2017-12-21 18:02:10', NULL),
  (47, 'Mr. Vision', 1, 'Yasir', 'Baffo', 618309457, 'mr.vision2025@gmail.com', 1, '7c4a8d09ca3762af61e59520943dc26494f8941b', '2017-12-21 18:32:22', '2017-12-21 18:32:22', NULL);

-- --------------------------------------------------------

--
-- Table structure for table `user_type`
--

CREATE TABLE `user_type` (
  `USER_TYPE_ID` bigint(20) NOT NULL,
  `USER_TYPE_NAME` varchar(255) NOT NULL
) ENGINE=InnoDB DEFAULT CHARSET=latin1;

--
-- Dumping data for table `user_type`
--

INSERT INTO `user_type` (`USER_TYPE_ID`, `USER_TYPE_NAME`) VALUES
  (1, 'CUSTOMER'),
  (2, 'ADMIN'),
  (3, 'RIDER');

-- --------------------------------------------------------

--
-- Stand-in structure for view `vw_orders`
-- (See below for the actual view)
--
CREATE TABLE `vw_orders` (
   `ORDER_ID` bigint(20)
  ,`USER_ID` bigint(20)
  ,`KITCHEN_ID` bigint(10)
  ,`CHEF_ID` bigint(10)
  ,`RIDER_ID` bigint(10)
  ,`MOBILE` int(20)
  ,`SURNAME` varchar(100)
  ,`OTHER_NAMES` varchar(100)
  ,`ORDER_DATE` datetime
  ,`ORDER_STATUS` varchar(30)
  ,`PAYMENT_AMOUNT` decimal(10,2)
  ,`PAYMENT_NUMBER` varchar(30)
  ,`NOTES` varchar(255)
  ,`ADDRESS_ID` bigint(20)
  ,`PAYMENT_METHOD` varchar(20)
  ,`CREATED_AT` datetime
  ,`UPDATED_AT` datetime
  ,`PAYMENT_DATE` datetime
);

-- --------------------------------------------------------

--
-- Structure for view `vw_orders`
--
DROP TABLE IF EXISTS `vw_orders`;

CREATE ALGORITHM=UNDEFINED DEFINER=`tsobucok`@`localhost` SQL SECURITY DEFINER VIEW `vw_orders`  AS  select `customer_order`.`ORDER_ID` AS `ORDER_ID`,`customer_order`.`USER_ID` AS `USER_ID`,`customer_order`.`KITCHEN_ID` AS `KITCHEN_ID`,`customer_order`.`CHEF_ID` AS `CHEF_ID`,`customer_order`.`RIDER_ID` AS `RIDER_ID`,`tb_users`.`MOBILE` AS `MOBILE`,`tb_users`.`SURNAME` AS `SURNAME`,`tb_users`.`OTHER_NAMES` AS `OTHER_NAMES`,`customer_order`.`ORDER_DATE` AS `ORDER_DATE`,`customer_order`.`ORDER_STATUS` AS `ORDER_STATUS`,`payment`.`PAYMENT_AMOUNT` AS `PAYMENT_AMOUNT`,`payment`.`PAYMENT_NUMBER` AS `PAYMENT_NUMBER`,`customer_order`.`NOTES` AS `NOTES`,`customer_address`.`ADDRESS_ID` AS `ADDRESS_ID`,`customer_order`.`PAYMENT_METHOD` AS `PAYMENT_METHOD`,`customer_order`.`CREATED_AT` AS `CREATED_AT`,`customer_order`.`UPDATED_AT` AS `UPDATED_AT`,`payment`.`PAYMENT_DATE` AS `PAYMENT_DATE` from (((`customer_order` join `tb_users` on((`customer_order`.`USER_ID` = `tb_users`.`USER_ID`))) join `customer_address` on((`customer_order`.`ADDRESS_ID` = `customer_address`.`ADDRESS_ID`))) join `payment` on((`payment`.`ORDER_ID` = `customer_order`.`ORDER_ID`))) ;

--
-- Indexes for dumped tables
--

--
-- Indexes for table `chef`
--
ALTER TABLE `chef`
  ADD PRIMARY KEY (`CHEF_ID`),
  ADD KEY `Kitchen_ID` (`KITCHEN_ID`) USING BTREE;

--
-- Indexes for table `city`
--
ALTER TABLE `city`
  ADD PRIMARY KEY (`CITY_ID`),
  ADD KEY `Country_ID` (`COUNTRY_ID`) USING BTREE;

--
-- Indexes for table `country`
--
ALTER TABLE `country`
  ADD PRIMARY KEY (`COUNRY_ID`);

--
-- Indexes for table `customer_address`
--
ALTER TABLE `customer_address`
  ADD PRIMARY KEY (`ADDRESS_ID`),
  ADD KEY `customer_address_ibfk_1` (`USER_ID`) USING BTREE,
  ADD KEY `customer_address_ibfk_2` (`LOCATION_ID`) USING BTREE;

--
-- Indexes for table `customer_order`
--
ALTER TABLE `customer_order`
  ADD PRIMARY KEY (`ORDER_ID`),
  ADD KEY `User_ID` (`USER_ID`) USING BTREE,
  ADD KEY `Location_ID` (`ADDRESS_ID`) USING BTREE,
  ADD KEY `customer_order_ibfk_3` (`RIDER_ID`) USING BTREE,
  ADD KEY `KITCHEN_ID` (`KITCHEN_ID`) USING BTREE,
  ADD KEY `ORDER_STATUS` (`ORDER_STATUS`) USING BTREE,
  ADD KEY `CHEF_ID` (`CHEF_ID`) USING BTREE;

--
-- Indexes for table `customer_order_item`
--
ALTER TABLE `customer_order_item`
  ADD PRIMARY KEY (`ORDER_ITEM_ID`),
  ADD KEY `ORDER_ID` (`ORDER_ID`) USING BTREE,
  ADD KEY `order_item_ibfk_2` (`ITEM_TYPE_ID`) USING BTREE;

--
-- Indexes for table `db_cache`
--
ALTER TABLE `db_cache`
  ADD PRIMARY KEY (`id`),
  ADD KEY `expire` (`expire`);

--
-- Indexes for table `kitchen`
--
ALTER TABLE `kitchen`
  ADD PRIMARY KEY (`KITCHEN_ID`),
  ADD KEY `City_ID` (`CITY_ID`) USING BTREE;

--
-- Indexes for table `location`
--
ALTER TABLE `location`
  ADD PRIMARY KEY (`LOCATION_ID`);

--
-- Indexes for table `menu_category`
--
ALTER TABLE `menu_category`
  ADD PRIMARY KEY (`MENU_CAT_ID`),
  ADD UNIQUE KEY `MENU_CAT_ID` (`MENU_CAT_ID`,`RANK`),
  ADD UNIQUE KEY `MENU_CAT_NAME` (`MENU_CAT_NAME`),
  ADD KEY `MENU_CAT_ID_2` (`MENU_CAT_ID`);

--
-- Indexes for table `menu_item`
--
ALTER TABLE `menu_item`
  ADD PRIMARY KEY (`MENU_ITEM_ID`),
  ADD KEY `MENU_CAT_ID` (`MENU_CAT_ID`) USING BTREE;

--
-- Indexes for table `menu_item_type`
--
ALTER TABLE `menu_item_type`
  ADD PRIMARY KEY (`ITEM_TYPE_ID`),
  ADD KEY `MENU_ITEM_ID` (`MENU_ITEM_ID`) USING BTREE,
  ADD KEY `ITEM_TYPE_SIZE` (`ITEM_TYPE_SIZE`);

--
-- Indexes for table `my_session`
--
ALTER TABLE `my_session`
  ADD PRIMARY KEY (`id`),
  ADD KEY `id` (`id`),
  ADD KEY `expire` (`expire`),
  ADD KEY `user_id` (`user_id`);

--
-- Indexes for table `order_tracking`
--
ALTER TABLE `order_tracking`
  ADD PRIMARY KEY (`TRACKING_ID`),
  ADD UNIQUE KEY `ORDER_ID` (`ORDER_ID`,`STATUS`) USING BTREE,
  ADD KEY `STATUS` (`STATUS`) USING BTREE,
  ADD KEY `order_tracking_ibfk_1` (`ORDER_ID`) USING BTREE;

--
-- Indexes for table `payment`
--
ALTER TABLE `payment`
  ADD PRIMARY KEY (`PAYMENT_ID`),
  ADD KEY `payment_ibfk_1` (`PAYMENT_STATUS`) USING BTREE,
  ADD KEY `payment_ibfk_2` (`ORDER_ID`) USING BTREE;

--
-- Indexes for table `riders`
--
ALTER TABLE `riders`
  ADD PRIMARY KEY (`RIDER_ID`),
  ADD KEY `KITCHEN_ID` (`KITCHEN_ID`) USING BTREE,
  ADD KEY `USER_ID` (`USER_ID`);

--
-- Indexes for table `tb_cart`
--
ALTER TABLE `tb_cart`
  ADD PRIMARY KEY (`CART_ITEM_ID`),
  ADD KEY `order_item_ibfk_2` (`ITEM_TYPE_ID`) USING BTREE,
  ADD KEY `USER_ID` (`USER_ID`) USING BTREE;

--
-- Indexes for table `tb_favs`
--
ALTER TABLE `tb_favs`
  ADD PRIMARY KEY (`FAV_ID`),
  ADD KEY `MENU_ITEM_ID` (`MENU_ITEM_ID`),
  ADD KEY `USER_ID` (`USER_ID`);

--
-- Indexes for table `tb_migration`
--
ALTER TABLE `tb_migration`
  ADD PRIMARY KEY (`version`);

--
-- Indexes for table `tb_sizes`
--
ALTER TABLE `tb_sizes`
  ADD PRIMARY KEY (`SIZE_ID`),
  ADD UNIQUE KEY `SIZE_NAME` (`SIZE_TYPE`),
  ADD KEY `SIZED_ID` (`SIZE_ID`);

--
-- Indexes for table `tb_status`
--
ALTER TABLE `tb_status`
  ADD UNIQUE KEY `STATUS_NAME` (`STATUS_NAME`) USING BTREE,
  ADD UNIQUE KEY `RANK` (`RANK`) USING BTREE;

--
-- Indexes for table `tb_users`
--
ALTER TABLE `tb_users`
  ADD PRIMARY KEY (`USER_ID`),
  ADD KEY `LOCATION_ID_idx` (`LOCATION_ID`) USING BTREE,
  ADD KEY `USER_TYPE_idx` (`USER_TYPE`) USING BTREE;

--
-- Indexes for table `user_type`
--
ALTER TABLE `user_type`
  ADD PRIMARY KEY (`USER_TYPE_ID`);

--
-- AUTO_INCREMENT for dumped tables
--

--
-- AUTO_INCREMENT for table `chef`
--
ALTER TABLE `chef`
  MODIFY `CHEF_ID` bigint(20) NOT NULL AUTO_INCREMENT, AUTO_INCREMENT=6;
--
-- AUTO_INCREMENT for table `city`
--
ALTER TABLE `city`
  MODIFY `CITY_ID` bigint(20) NOT NULL AUTO_INCREMENT, AUTO_INCREMENT=4;
--
-- AUTO_INCREMENT for table `country`
--
ALTER TABLE `country`
  MODIFY `COUNRY_ID` bigint(20) NOT NULL AUTO_INCREMENT, AUTO_INCREMENT=6;
--
-- AUTO_INCREMENT for table `customer_address`
--
ALTER TABLE `customer_address`
  MODIFY `ADDRESS_ID` bigint(20) NOT NULL AUTO_INCREMENT, AUTO_INCREMENT=3;
--
-- AUTO_INCREMENT for table `customer_order`
--
ALTER TABLE `customer_order`
  MODIFY `ORDER_ID` bigint(20) NOT NULL AUTO_INCREMENT, AUTO_INCREMENT=1095;
--
-- AUTO_INCREMENT for table `customer_order_item`
--
ALTER TABLE `customer_order_item`
  MODIFY `ORDER_ITEM_ID` int(11) NOT NULL AUTO_INCREMENT, AUTO_INCREMENT=57;
--
-- AUTO_INCREMENT for table `kitchen`
--
ALTER TABLE `kitchen`
  MODIFY `KITCHEN_ID` bigint(20) NOT NULL AUTO_INCREMENT, AUTO_INCREMENT=3;
--
-- AUTO_INCREMENT for table `location`
--
ALTER TABLE `location`
  MODIFY `LOCATION_ID` bigint(20) NOT NULL AUTO_INCREMENT, AUTO_INCREMENT=2;
--
-- AUTO_INCREMENT for table `menu_category`
--
ALTER TABLE `menu_category`
  MODIFY `MENU_CAT_ID` bigint(10) NOT NULL AUTO_INCREMENT, AUTO_INCREMENT=7;
--
-- AUTO_INCREMENT for table `menu_item`
--
ALTER TABLE `menu_item`
  MODIFY `MENU_ITEM_ID` bigint(10) NOT NULL AUTO_INCREMENT, AUTO_INCREMENT=11;
--
-- AUTO_INCREMENT for table `menu_item_type`
--
ALTER TABLE `menu_item_type`
  MODIFY `ITEM_TYPE_ID` bigint(11) NOT NULL AUTO_INCREMENT, AUTO_INCREMENT=19;
--
-- AUTO_INCREMENT for table `order_tracking`
--
ALTER TABLE `order_tracking`
  MODIFY `TRACKING_ID` bigint(10) NOT NULL AUTO_INCREMENT, AUTO_INCREMENT=186;
--
-- AUTO_INCREMENT for table `payment`
--
ALTER TABLE `payment`
  MODIFY `PAYMENT_ID` bigint(20) NOT NULL AUTO_INCREMENT, AUTO_INCREMENT=33;
--
-- AUTO_INCREMENT for table `riders`
--
ALTER TABLE `riders`
  MODIFY `RIDER_ID` bigint(10) NOT NULL AUTO_INCREMENT, AUTO_INCREMENT=5;
--
-- AUTO_INCREMENT for table `tb_cart`
--
ALTER TABLE `tb_cart`
  MODIFY `CART_ITEM_ID` bigint(10) NOT NULL AUTO_INCREMENT, AUTO_INCREMENT=71;
--
-- AUTO_INCREMENT for table `tb_favs`
--
ALTER TABLE `tb_favs`
  MODIFY `FAV_ID` bigint(20) NOT NULL AUTO_INCREMENT;
--
-- AUTO_INCREMENT for table `tb_sizes`
--
ALTER TABLE `tb_sizes`
  MODIFY `SIZE_ID` bigint(20) NOT NULL AUTO_INCREMENT, AUTO_INCREMENT=6;
--
-- AUTO_INCREMENT for table `tb_users`
--
ALTER TABLE `tb_users`
  MODIFY `USER_ID` bigint(20) NOT NULL AUTO_INCREMENT, AUTO_INCREMENT=48;
--
-- AUTO_INCREMENT for table `user_type`
--
ALTER TABLE `user_type`
  MODIFY `USER_TYPE_ID` bigint(20) NOT NULL AUTO_INCREMENT, AUTO_INCREMENT=4;
--
-- Constraints for dumped tables
--

--
-- Constraints for table `chef`
--
ALTER TABLE `chef`
  ADD CONSTRAINT `chef_ibfk_1` FOREIGN KEY (`KITCHEN_ID`) REFERENCES `kitchen` (`KITCHEN_ID`);

--
-- Constraints for table `city`
--
ALTER TABLE `city`
  ADD CONSTRAINT `city_ibfk_1` FOREIGN KEY (`COUNTRY_ID`) REFERENCES `country` (`COUNRY_ID`);

--
-- Constraints for table `customer_address`
--
ALTER TABLE `customer_address`
  ADD CONSTRAINT `customer_address_ibfk_1` FOREIGN KEY (`USER_ID`) REFERENCES `tb_users` (`USER_ID`) ON DELETE CASCADE ON UPDATE CASCADE,
  ADD CONSTRAINT `customer_address_ibfk_2` FOREIGN KEY (`LOCATION_ID`) REFERENCES `location` (`LOCATION_ID`) ON DELETE CASCADE ON UPDATE CASCADE;

--
-- Constraints for table `customer_order`
--
ALTER TABLE `customer_order`
  ADD CONSTRAINT `customer_order_ibfk_1` FOREIGN KEY (`USER_ID`) REFERENCES `tb_users` (`USER_ID`) ON UPDATE CASCADE,
  ADD CONSTRAINT `customer_order_ibfk_2` FOREIGN KEY (`ADDRESS_ID`) REFERENCES `customer_address` (`ADDRESS_ID`) ON UPDATE CASCADE,
  ADD CONSTRAINT `customer_order_ibfk_3` FOREIGN KEY (`RIDER_ID`) REFERENCES `riders` (`RIDER_ID`) ON UPDATE CASCADE,
  ADD CONSTRAINT `customer_order_ibfk_4` FOREIGN KEY (`KITCHEN_ID`) REFERENCES `kitchen` (`KITCHEN_ID`) ON UPDATE CASCADE,
  ADD CONSTRAINT `customer_order_ibfk_5` FOREIGN KEY (`ORDER_STATUS`) REFERENCES `tb_status` (`STATUS_NAME`) ON UPDATE CASCADE,
  ADD CONSTRAINT `customer_order_ibfk_6` FOREIGN KEY (`CHEF_ID`) REFERENCES `chef` (`CHEF_ID`) ON UPDATE CASCADE;

--
-- Constraints for table `customer_order_item`
--
ALTER TABLE `customer_order_item`
  ADD CONSTRAINT `customer_order_item_ibfk_1` FOREIGN KEY (`ITEM_TYPE_ID`) REFERENCES `menu_item_type` (`ITEM_TYPE_ID`) ON DELETE CASCADE ON UPDATE CASCADE,
  ADD CONSTRAINT `customer_order_item_ibfk_2` FOREIGN KEY (`ORDER_ID`) REFERENCES `customer_order` (`ORDER_ID`) ON DELETE CASCADE ON UPDATE CASCADE;

--
-- Constraints for table `kitchen`
--
ALTER TABLE `kitchen`
  ADD CONSTRAINT `kitchen_ibfk_1` FOREIGN KEY (`CITY_ID`) REFERENCES `city` (`CITY_ID`);

--
-- Constraints for table `menu_item`
--
ALTER TABLE `menu_item`
  ADD CONSTRAINT `menu_item_ibfk_1` FOREIGN KEY (`MENU_CAT_ID`) REFERENCES `menu_category` (`MENU_CAT_ID`) ON DELETE CASCADE ON UPDATE CASCADE,
  ADD CONSTRAINT `menu_item_ibfk_2` FOREIGN KEY (`MENU_CAT_ID`) REFERENCES `menu_category` (`MENU_CAT_ID`) ON DELETE CASCADE ON UPDATE CASCADE;

--
-- Constraints for table `menu_item_type`
--
ALTER TABLE `menu_item_type`
  ADD CONSTRAINT `menu_item_type_ibfk_1` FOREIGN KEY (`MENU_ITEM_ID`) REFERENCES `menu_item` (`MENU_ITEM_ID`) ON UPDATE CASCADE,
  ADD CONSTRAINT `menu_item_type_ibfk_2` FOREIGN KEY (`ITEM_TYPE_SIZE`) REFERENCES `tb_sizes` (`SIZE_TYPE`) ON UPDATE CASCADE;

--
-- Constraints for table `order_tracking`
--
ALTER TABLE `order_tracking`
  ADD CONSTRAINT `order_tracking_ibfk_1` FOREIGN KEY (`ORDER_ID`) REFERENCES `customer_order` (`ORDER_ID`) ON DELETE CASCADE ON UPDATE CASCADE,
  ADD CONSTRAINT `order_tracking_ibfk_2` FOREIGN KEY (`STATUS`) REFERENCES `tb_status` (`STATUS_NAME`) ON UPDATE CASCADE;

--
-- Constraints for table `payment`
--
ALTER TABLE `payment`
  ADD CONSTRAINT `payment_ibfk_1` FOREIGN KEY (`PAYMENT_STATUS`) REFERENCES `tb_status` (`STATUS_NAME`) ON DELETE CASCADE ON UPDATE CASCADE,
  ADD CONSTRAINT `payment_ibfk_2` FOREIGN KEY (`ORDER_ID`) REFERENCES `customer_order` (`ORDER_ID`) ON DELETE CASCADE ON UPDATE CASCADE;

--
-- Constraints for table `riders`
--
ALTER TABLE `riders`
  ADD CONSTRAINT `riders_ibfk_1` FOREIGN KEY (`KITCHEN_ID`) REFERENCES `kitchen` (`KITCHEN_ID`) ON DELETE CASCADE ON UPDATE CASCADE,
  ADD CONSTRAINT `riders_ibfk_2` FOREIGN KEY (`USER_ID`) REFERENCES `tb_users` (`USER_ID`) ON DELETE CASCADE ON UPDATE CASCADE;

--
-- Constraints for table `tb_cart`
--
ALTER TABLE `tb_cart`
  ADD CONSTRAINT `tb_cart_ibfk_1` FOREIGN KEY (`ITEM_TYPE_ID`) REFERENCES `menu_item_type` (`ITEM_TYPE_ID`) ON DELETE CASCADE ON UPDATE CASCADE,
  ADD CONSTRAINT `tb_cart_ibfk_2` FOREIGN KEY (`USER_ID`) REFERENCES `tb_users` (`USER_ID`) ON DELETE CASCADE ON UPDATE CASCADE;

--
-- Constraints for table `tb_favs`
--
ALTER TABLE `tb_favs`
  ADD CONSTRAINT `tb_favs_ibfk_1` FOREIGN KEY (`MENU_ITEM_ID`) REFERENCES `menu_item` (`MENU_ITEM_ID`) ON DELETE CASCADE ON UPDATE CASCADE,
  ADD CONSTRAINT `tb_favs_ibfk_2` FOREIGN KEY (`USER_ID`) REFERENCES `tb_users` (`USER_ID`) ON DELETE CASCADE ON UPDATE CASCADE;

--
-- Constraints for table `tb_users`
--
ALTER TABLE `tb_users`
  ADD CONSTRAINT `tb_users_ibfk_1` FOREIGN KEY (`LOCATION_ID`) REFERENCES `location` (`LOCATION_ID`),
  ADD CONSTRAINT `tb_users_ibfk_2` FOREIGN KEY (`USER_TYPE`) REFERENCES `user_type` (`USER_TYPE_ID`);
COMMIT;

/*!40101 SET CHARACTER_SET_CLIENT=@OLD_CHARACTER_SET_CLIENT */;
/*!40101 SET CHARACTER_SET_RESULTS=@OLD_CHARACTER_SET_RESULTS */;
/*!40101 SET COLLATION_CONNECTION=@OLD_COLLATION_CONNECTION */;
