/*
Navicat MariaDB Data Transfer

Source Server         : MARIA
Source Server Version : 100211
Source Host           : localhost:3306
Source Database       : tsobucok_pizza

Target Server Type    : MariaDB
Target Server Version : 100211
File Encoding         : 65001

Date: 2018-01-23 20:10:27
*/

SET FOREIGN_KEY_CHECKS=0;

-- ----------------------------
-- Table structure for api_token
-- ----------------------------
DROP TABLE IF EXISTS `api_token`;
CREATE TABLE `api_token` (
  `TOKEN_ID` bigint(20) NOT NULL AUTO_INCREMENT,
  `USER_ID` bigint(20) DEFAULT NULL,
  `API_TOKEN` varchar(255) DEFAULT NULL,
  `DATE_CREATED` datetime DEFAULT NULL,
  `EXPIRY_DATE` datetime DEFAULT NULL,
  PRIMARY KEY (`TOKEN_ID`),
  KEY `DATE_CREATED` (`DATE_CREATED`,`EXPIRY_DATE`),
  KEY `USER_ID` (`USER_ID`),
  CONSTRAINT `api_token_ibfk_1` FOREIGN KEY (`USER_ID`) REFERENCES `tb_users` (`USER_ID`) ON DELETE CASCADE ON UPDATE CASCADE
) ENGINE=InnoDB AUTO_INCREMENT=69 DEFAULT CHARSET=utf8;

-- ----------------------------
-- Records of api_token
-- ----------------------------
INSERT INTO `api_token` VALUES ('1', '10', 'mekmxPsfPLfic0rMyUK7BKtjaj21VHoO', '2018-01-13 11:33:36', '2018-01-13 11:33:36');
INSERT INTO `api_token` VALUES ('2', '5', 'AswKCdHzmC_Qt3OSva_Q-AbrHTYDuvrn', '2018-01-21 18:37:53', '2018-01-21 18:37:53');
INSERT INTO `api_token` VALUES ('3', '57', 'a0nKvn3_l_opCOYxgNmLWNEK4z7tsuQJ', '2018-01-11 06:38:41', '2018-01-11 06:38:42');
INSERT INTO `api_token` VALUES ('4', '25', 'M0r3dWSsSK-Kxlbonup0zSJllCoNNEmr', '2018-01-20 00:17:45', '2018-01-20 00:17:45');
INSERT INTO `api_token` VALUES ('5', '58', 'tISoX9J_nQjrV1FoC0qAlxQH6WR2h27I', '2018-01-14 14:44:41', '2018-01-14 14:44:41');
INSERT INTO `api_token` VALUES ('6', '56', '-JSZcBuu3Ql0lbNhc8xtpYtlaK9r-_dn', '2018-01-18 00:39:32', '2018-01-18 00:39:32');
INSERT INTO `api_token` VALUES ('7', '49', 'gcuC54pQvBtUDEz-t5FXrewUZ1rhbbeV', '2018-01-14 22:56:20', '2018-01-14 22:56:20');
INSERT INTO `api_token` VALUES ('8', '60', 'zYt574rj01G2Uzvr3zdt29yGsjznRG1o', '2018-01-15 09:49:05', '2018-01-15 09:49:05');
INSERT INTO `api_token` VALUES ('9', '59', 'Juzf-7UJte0j6U8VffVvrJD744T0RJu3', '2018-01-15 09:50:43', '2018-01-15 09:50:43');
INSERT INTO `api_token` VALUES ('10', '61', 'OcOHZl0kwkP02pZqZhhJ7XBKzNiDfpoH', '2018-01-15 15:28:18', '2018-01-15 15:28:18');
INSERT INTO `api_token` VALUES ('11', '63', 'CFtLREcAjXxCDRVixDz13Zbwh7LLvHi3', '2018-01-15 18:01:53', '2018-01-15 18:01:53');
INSERT INTO `api_token` VALUES ('12', '64', 'C7mDtH8rZG496xYG1W87YnsL84yDyJGM', '2018-01-19 20:18:27', '2018-01-19 20:18:28');
INSERT INTO `api_token` VALUES ('13', '65', 'rSXTfj4KqRJoBFsupu1Mf2pJM7R0QmMj', '2018-01-21 13:13:47', '2018-01-21 13:13:47');
INSERT INTO `api_token` VALUES ('14', '70', 'Fq7I2--knQefmu0es5TdleLzhMz7WXUQ', '2018-01-17 15:37:50', '2018-01-17 15:37:50');
INSERT INTO `api_token` VALUES ('15', '71', 'WnCmThCpHdl4dUt_-neGYyl-g42YuY7v', '2018-01-17 16:14:13', '2018-01-17 16:14:13');
INSERT INTO `api_token` VALUES ('16', '72', '6ZU6g3pfAag5va4X16oX4RRN5TxWK72-', '2018-01-17 16:21:41', '2018-01-17 16:21:41');
INSERT INTO `api_token` VALUES ('17', '73', 'oMm-coF1BC9ZfGG_GDyZP3vZPEut2Y0G', '2018-01-17 18:43:29', '2018-01-17 18:43:29');
INSERT INTO `api_token` VALUES ('18', '74', 'BHOfOB7Tui6hL7dz4uNclP7PD95Z4Smn', '2018-01-17 18:56:08', '2018-01-17 18:56:08');
INSERT INTO `api_token` VALUES ('19', '75', 'rxk9FrtU5qdBzCqcIgSDXvOdRxtYFG0I', '2018-01-17 19:05:16', '2018-01-17 19:05:16');
INSERT INTO `api_token` VALUES ('20', '76', 'Q6iPgB5vDz0vUo5dYSRSRDNa-89zgHsr', '2018-01-17 19:11:57', '2018-01-17 19:11:57');
INSERT INTO `api_token` VALUES ('21', '77', 'sBT_ZfCtO3iHieynGuTeYfsTVg0c1Fwf', '2018-01-17 19:52:14', '2018-01-17 19:52:14');
INSERT INTO `api_token` VALUES ('22', '78', '7PM4T3d4OUsyP0mD6GmjpsCioysoYtGr', '2018-01-18 09:25:19', '2018-01-18 09:25:20');
INSERT INTO `api_token` VALUES ('23', '80', '4Di7e_UAZpS9nESK8Vpfa5rgB-4G1FV-', '2018-01-18 10:03:56', '2018-01-18 10:03:56');
INSERT INTO `api_token` VALUES ('24', '82', '4t8QMdlicwipAGpbZbBoQzaUmHDX6sm5', '2018-01-18 11:42:04', '2018-01-18 11:42:04');
INSERT INTO `api_token` VALUES ('25', '83', 'bphUAFycQR_JWO_fppizj-Y4sj3T6ldn', '2018-01-18 13:37:45', '2018-01-18 13:37:45');
INSERT INTO `api_token` VALUES ('26', '84', 'xBMpujFyYsuy4RXQxPBarvI-OgxfPBMe', '2018-01-18 16:49:41', '2018-01-18 16:49:41');
INSERT INTO `api_token` VALUES ('27', '85', 'ziNwfp5ACCZzmyiRxNxvwnXhbylTQWVE', '2018-01-18 17:16:32', '2018-01-18 17:16:32');
INSERT INTO `api_token` VALUES ('28', '11', 'ItgeZH8vwEmUor5bxYFTVU1Pwvk5UwXT', '2018-01-20 00:17:16', '2018-01-20 00:17:16');
INSERT INTO `api_token` VALUES ('29', '86', 'XRA-fHifB40AK3gHMXhYiE5BvyMYrmNN', '2018-01-18 20:14:11', '2018-01-18 20:14:11');
INSERT INTO `api_token` VALUES ('30', '87', 'a-ZN13abI7qD2BEtr-7krTU3LCh9wFgP', '2018-01-18 22:52:00', '2018-01-18 22:52:00');
INSERT INTO `api_token` VALUES ('31', '88', 'EC7kJCaN5zjoawCrEDkaDyF8gkYoWnnA', '2018-01-20 18:46:27', '2018-01-20 18:46:27');
INSERT INTO `api_token` VALUES ('32', '89', 'a82lbSI-aALJFAlMgPUnjOwXF406nhEx', '2018-01-22 22:56:12', '2018-01-22 22:56:12');
INSERT INTO `api_token` VALUES ('33', '90', 'qmKO3I9K-URSJde4YNDZya-TJ5zxcoJl', '2018-01-20 20:45:03', '2018-01-20 20:45:03');
INSERT INTO `api_token` VALUES ('34', '91', 'E8fwLWcFNdbTD99OTpHnuziNa83ezK1W', '2018-01-21 06:26:18', '2018-01-21 06:26:18');
INSERT INTO `api_token` VALUES ('35', '92', 'by8EsnvuJlOvvnf8WfnjV8wpkyWu9qiT', '2018-01-21 15:06:23', '2018-01-21 15:06:23');
INSERT INTO `api_token` VALUES ('36', '93', 'yKU_NPMsAOeYtN39J2K8nw5IPeyK4PYo', '2018-01-21 21:57:53', '2018-01-21 21:57:53');
INSERT INTO `api_token` VALUES ('37', '94', 'vrI52TcK2CrJnIHpzJ9BApAsWnW7U1nM', '2018-01-21 22:08:00', '2018-01-21 22:08:00');
INSERT INTO `api_token` VALUES ('38', '95', 'CsPBW_Ql2TEiLh5XHr6Yy4HJFYjXas9q', '2018-01-21 22:26:11', '2018-01-21 22:26:11');
INSERT INTO `api_token` VALUES ('39', '96', 'sobdmgPs9Egc_JJ-gLZKPI9ArgRpTbEl', '2018-01-21 22:45:38', '2018-01-21 22:45:38');
INSERT INTO `api_token` VALUES ('40', '97', 'Z23i3zPwBiNG_g41kul0Xrtgj4L8UNJ5', '2018-01-22 09:12:16', '2018-01-22 09:12:16');
INSERT INTO `api_token` VALUES ('41', '98', '6Djzx1lDQPwFEU8VAtz5K1-pBMTAZzwo', '2018-01-22 14:58:21', '2018-01-22 14:58:21');
INSERT INTO `api_token` VALUES ('42', '99', 'kQYlWcjmNoQFB4Nqe__B2flqo-ophg9S', '2018-01-22 17:59:37', '2018-01-22 17:59:37');
INSERT INTO `api_token` VALUES ('43', '100', 'BY2XkHrN5vbNaoCczX6_9s-8EZmnC94m', '2018-01-22 18:13:53', '2018-01-22 18:13:53');
INSERT INTO `api_token` VALUES ('44', '101', 'KFsLNShsRS4rpU9zBUcoU7_xQLQ_C-81', '2018-01-22 18:14:20', '2018-01-22 18:14:20');
INSERT INTO `api_token` VALUES ('45', '102', 'P9wUlwQ_L34eo8CeVz6PdKzkAq1GRscM', '2018-01-22 18:14:34', '2018-01-22 18:14:34');
INSERT INTO `api_token` VALUES ('46', '105', 'Px7yYK9g2m73DvCFIBgeqWPY4sWheM-y', '2018-01-22 18:33:06', '2018-01-22 18:33:06');
INSERT INTO `api_token` VALUES ('47', '106', 'LmrjD_piGbiyKsuYLNIcs1u2bMdS5VkI', '2018-01-22 18:39:41', '2018-01-22 18:39:41');
INSERT INTO `api_token` VALUES ('48', '108', 'pIYH3LkR4jPHq7Vih5OQ_-HQ3TIH-_Qq', '2018-01-22 18:55:25', '2018-01-22 18:55:25');
INSERT INTO `api_token` VALUES ('49', '109', 'h1XIzMnARVQleaA1plxnn5tYI3yAmssh', '2018-01-22 19:03:39', '2018-01-22 19:03:39');
INSERT INTO `api_token` VALUES ('50', '110', 'ei2cUMbeVlmRhUXcKL_ohaH774XBkqb2', '2018-01-22 19:35:34', '2018-01-22 19:35:34');
INSERT INTO `api_token` VALUES ('51', '113', '145Y10Je_TI12-sVyNYm2Qn--GVUrjcd', '2018-01-22 19:59:58', '2018-01-22 19:59:58');
INSERT INTO `api_token` VALUES ('52', '115', 'dO9J46R1pzpy64NI26d_-UUjHfjH83su', '2018-01-22 21:36:54', '2018-01-22 21:36:54');
INSERT INTO `api_token` VALUES ('53', '116', 'AJB2ZIazn6AUvJ8utoN1_xUBS62Ddc1o', '2018-01-22 21:54:33', '2018-01-22 21:54:33');
INSERT INTO `api_token` VALUES ('54', '117', 'cgGMbeOnH5DS1hcuIBwsWRR7i4Tjddbq', '2018-01-22 22:17:03', '2018-01-22 22:17:03');
INSERT INTO `api_token` VALUES ('55', '118', 'j54Bihz6imUF2RxznyxhlpTX_ip72ica', '2018-01-22 22:28:11', '2018-01-22 22:28:12');
INSERT INTO `api_token` VALUES ('56', '119', 'xTmew8bJmeGEGmu77GD_pW2zVFvUYyXi', '2018-01-22 22:59:14', '2018-01-22 22:59:14');
INSERT INTO `api_token` VALUES ('57', '120', 'f2_sdE1NMkOjZeGlv8-CCh2rrxRgtbnt', '2018-01-22 23:50:34', '2018-01-22 23:50:34');
INSERT INTO `api_token` VALUES ('58', '121', 'xFEDWrdG8_TLOD4GSoscKEPWu_I6eMcX', '2018-01-23 08:52:32', '2018-01-23 08:52:32');
INSERT INTO `api_token` VALUES ('59', '122', '_zRI2RUC0Xcqsh1bAK8Q8XHZFCkfZOwg', '2018-01-23 08:58:16', '2018-01-23 08:58:16');
INSERT INTO `api_token` VALUES ('60', '123', 'Fs8LDmkrUTUucCaFBC5829TNl4nCZhAE', '2018-01-23 10:40:43', '2018-01-23 10:40:44');
INSERT INTO `api_token` VALUES ('61', '124', '54tciXLTbk2salWT2ZDBpq6a0ZVS4nOd', '2018-01-23 11:25:22', '2018-01-23 11:25:22');
INSERT INTO `api_token` VALUES ('62', '125', 'VJuNwuGOH-UlHQ7NAJ9rbBWc9wy1G3YP', '2018-01-23 11:46:11', '2018-01-23 11:46:11');
INSERT INTO `api_token` VALUES ('63', '126', 'YoWYJwy6Ny4UkN8rE3Lx5fLb2Z7MxEMM', '2018-01-23 12:34:07', '2018-01-23 12:34:07');
INSERT INTO `api_token` VALUES ('64', '127', 'brVsNoL8m_N47r8Nk1kqHDJZsgqRGFHm', '2018-01-23 13:50:33', '2018-01-23 13:50:34');
INSERT INTO `api_token` VALUES ('65', '128', 'DX2gj9TZrETKnLZfK2nnHpN3U_ZlRdLm', '2018-01-23 14:26:03', '2018-01-23 14:26:03');
INSERT INTO `api_token` VALUES ('66', '129', 'LrKs1HQXRItJYG143vltKuXILfmDTyUH', '2018-01-23 15:20:55', '2018-01-23 15:20:55');
INSERT INTO `api_token` VALUES ('67', '130', 'O348jBSE7wcAKgehFluL5jN0iIYwuT_J', '2018-01-23 15:57:42', '2018-01-23 15:57:42');
INSERT INTO `api_token` VALUES ('68', '131', 'knzx66o7SiXiA94f96ig-u76o4urh5zh', '2018-01-23 16:50:45', '2018-01-23 16:50:45');

-- ----------------------------
-- Table structure for chef
-- ----------------------------
DROP TABLE IF EXISTS `chef`;
CREATE TABLE `chef` (
  `CHEF_ID` bigint(20) NOT NULL AUTO_INCREMENT,
  `CHEF_NAME` varchar(100) NOT NULL,
  `KITCHEN_ID` bigint(20) NOT NULL,
  PRIMARY KEY (`CHEF_ID`),
  KEY `Kitchen_ID` (`KITCHEN_ID`) USING BTREE,
  CONSTRAINT `chef_ibfk_1` FOREIGN KEY (`KITCHEN_ID`) REFERENCES `kitchen` (`KITCHEN_ID`)
) ENGINE=InnoDB AUTO_INCREMENT=5 DEFAULT CHARSET=latin1;

-- ----------------------------
-- Records of chef
-- ----------------------------
INSERT INTO `chef` VALUES ('4', 'FAYSAL', '1');

-- ----------------------------
-- Table structure for city
-- ----------------------------
DROP TABLE IF EXISTS `city`;
CREATE TABLE `city` (
  `CITY_ID` bigint(20) NOT NULL AUTO_INCREMENT,
  `CITY_NAME` varchar(100) NOT NULL,
  `COUNTRY_ID` bigint(20) NOT NULL,
  PRIMARY KEY (`CITY_ID`),
  KEY `Country_ID` (`COUNTRY_ID`) USING BTREE,
  CONSTRAINT `city_ibfk_1` FOREIGN KEY (`COUNTRY_ID`) REFERENCES `country` (`COUNRY_ID`)
) ENGINE=InnoDB AUTO_INCREMENT=4 DEFAULT CHARSET=latin1;

-- ----------------------------
-- Records of city
-- ----------------------------
INSERT INTO `city` VALUES ('1', 'MOGADISHU', '2');
INSERT INTO `city` VALUES ('3', 'MOMBASA', '1');

-- ----------------------------
-- Table structure for country
-- ----------------------------
DROP TABLE IF EXISTS `country`;
CREATE TABLE `country` (
  `COUNRY_ID` bigint(20) NOT NULL AUTO_INCREMENT,
  `COUNTRY_NAME` varchar(100) NOT NULL,
  PRIMARY KEY (`COUNRY_ID`)
) ENGINE=InnoDB AUTO_INCREMENT=6 DEFAULT CHARSET=latin1;

-- ----------------------------
-- Records of country
-- ----------------------------
INSERT INTO `country` VALUES ('1', 'KENYA');
INSERT INTO `country` VALUES ('2', 'SOMALIA');
INSERT INTO `country` VALUES ('3', 'SOUTH SUDAN');
INSERT INTO `country` VALUES ('4', 'ETHIOPIA');
INSERT INTO `country` VALUES ('5', 'ERITREA');

-- ----------------------------
-- Table structure for customer_order
-- ----------------------------
DROP TABLE IF EXISTS `customer_order`;
CREATE TABLE `customer_order` (
  `ORDER_ID` bigint(20) NOT NULL AUTO_INCREMENT,
  `USER_ID` bigint(20) NOT NULL,
  `LOCATION_ID` bigint(20) NOT NULL,
  `KITCHEN_ID` bigint(10) DEFAULT NULL,
  `CHEF_ID` bigint(10) DEFAULT NULL,
  `RIDER_ID` bigint(10) DEFAULT NULL,
  `ORDER_DATE` datetime NOT NULL,
  `PAYMENT_METHOD` varchar(20) NOT NULL,
  `ORDER_STATUS` varchar(30) NOT NULL COMMENT 'Status of the order',
  `ORDER_TIME` varchar(20) DEFAULT NULL,
  `NOTES` varchar(255) DEFAULT NULL COMMENT 'Can contain payment text from mobile transactions etc',
  `CREATED_AT` datetime DEFAULT NULL,
  `UPDATED_AT` datetime DEFAULT NULL,
  PRIMARY KEY (`ORDER_ID`),
  KEY `User_ID` (`USER_ID`) USING BTREE,
  KEY `Location_ID` (`LOCATION_ID`) USING BTREE,
  KEY `customer_order_ibfk_3` (`RIDER_ID`) USING BTREE,
  KEY `KITCHEN_ID` (`KITCHEN_ID`) USING BTREE,
  KEY `ORDER_STATUS` (`ORDER_STATUS`) USING BTREE,
  KEY `CHEF_ID` (`CHEF_ID`) USING BTREE,
  CONSTRAINT `customer_order_ibfk_1` FOREIGN KEY (`USER_ID`) REFERENCES `tb_users` (`USER_ID`) ON UPDATE CASCADE,
  CONSTRAINT `customer_order_ibfk_3` FOREIGN KEY (`RIDER_ID`) REFERENCES `riders` (`RIDER_ID`) ON UPDATE CASCADE,
  CONSTRAINT `customer_order_ibfk_4` FOREIGN KEY (`KITCHEN_ID`) REFERENCES `kitchen` (`KITCHEN_ID`) ON UPDATE CASCADE,
  CONSTRAINT `customer_order_ibfk_5` FOREIGN KEY (`ORDER_STATUS`) REFERENCES `tb_status` (`STATUS_NAME`) ON UPDATE CASCADE,
  CONSTRAINT `customer_order_ibfk_6` FOREIGN KEY (`CHEF_ID`) REFERENCES `chef` (`CHEF_ID`) ON UPDATE CASCADE,
  CONSTRAINT `customer_order_ibfk_7` FOREIGN KEY (`LOCATION_ID`) REFERENCES `location` (`LOCATION_ID`) ON UPDATE CASCADE
) ENGINE=InnoDB AUTO_INCREMENT=1061 DEFAULT CHARSET=latin1;

-- ----------------------------
-- Records of customer_order
-- ----------------------------
INSERT INTO `customer_order` VALUES ('1060', '10', '1', '1', '4', null, '2018-01-23 19:50:21', 'MOBILE', 'CHEF ASSIGNED', null, '423', '2018-01-23 19:50:21', '2018-01-23 19:53:03');

-- ----------------------------
-- Table structure for customer_order_item
-- ----------------------------
DROP TABLE IF EXISTS `customer_order_item`;
CREATE TABLE `customer_order_item` (
  `ORDER_ITEM_ID` int(11) NOT NULL AUTO_INCREMENT,
  `ORDER_ID` bigint(10) NOT NULL,
  `ITEM_TYPE_ID` bigint(10) NOT NULL,
  `QUANTITY` int(4) NOT NULL,
  `PRICE` decimal(10,0) NOT NULL,
  `SUBTOTAL` decimal(10,0) NOT NULL,
  `OPTIONS` varchar(100) COLLATE utf8_unicode_ci DEFAULT NULL,
  `NOTES` varchar(200) COLLATE utf8_unicode_ci DEFAULT NULL,
  `CREATED_AT` datetime NOT NULL,
  `UPDATED_AT` datetime DEFAULT NULL,
  PRIMARY KEY (`ORDER_ITEM_ID`),
  KEY `ORDER_ID` (`ORDER_ID`) USING BTREE,
  KEY `order_item_ibfk_2` (`ITEM_TYPE_ID`) USING BTREE,
  CONSTRAINT `customer_order_item_ibfk_1` FOREIGN KEY (`ITEM_TYPE_ID`) REFERENCES `menu_item_type` (`ITEM_TYPE_ID`) ON DELETE CASCADE ON UPDATE CASCADE,
  CONSTRAINT `customer_order_item_ibfk_2` FOREIGN KEY (`ORDER_ID`) REFERENCES `customer_order` (`ORDER_ID`) ON DELETE CASCADE ON UPDATE CASCADE
) ENGINE=InnoDB AUTO_INCREMENT=299 DEFAULT CHARSET=utf8 COLLATE=utf8_unicode_ci;

-- ----------------------------
-- Records of customer_order_item
-- ----------------------------
INSERT INTO `customer_order_item` VALUES ('298', '1060', '34', '1', '13', '13', 'N/A', 'Test Order Here', '2018-01-23 19:50:21', null);

-- ----------------------------
-- Table structure for db_cache
-- ----------------------------
DROP TABLE IF EXISTS `db_cache`;
CREATE TABLE `db_cache` (
  `id` char(128) NOT NULL,
  `expire` int(11) DEFAULT NULL,
  `data` blob DEFAULT NULL,
  PRIMARY KEY (`id`),
  KEY `expire` (`expire`)
) ENGINE=InnoDB DEFAULT CHARSET=latin1;

-- ----------------------------
-- Records of db_cache
-- ----------------------------
INSERT INTO `db_cache` VALUES ('963454f612a8b5fb4a63ba1e97f028a1', '0', 0x613A323A7B693A303B613A323A7B693A303B613A32333A7B693A303B4F3A31353A227969695C7765625C55726C52756C65223A31363A7B733A343A226E616D65223B733A32353A223C636F6E74726F6C6C65723A5C772B3E2F3C69643A5C642B3E223B733A373A227061747465726E223B733A34323A22235E283F503C6134636632363639613E5C772B292F283F503C6162663339363735303E5C642B29242375223B733A343A22686F7374223B4E3B733A353A22726F757465223B733A31373A223C636F6E74726F6C6C65723E2F76696577223B733A383A2264656661756C7473223B613A303A7B7D733A363A22737566666978223B4E3B733A343A2276657262223B4E3B733A343A226D6F6465223B4E3B733A31323A22656E636F6465506172616D73223B623A313B733A31303A226E6F726D616C697A6572223B4E3B733A31353A22002A00637265617465537461747573223B4E3B733A31353A22002A00706C616365686F6C64657273223B613A323A7B733A393A22613463663236363961223B733A31303A22636F6E74726F6C6C6572223B733A393A22616266333936373530223B733A323A226964223B7D733A32363A22007969695C7765625C55726C52756C65005F74656D706C617465223B733A31393A222F3C636F6E74726F6C6C65723E2F3C69643E2F223B733A32373A22007969695C7765625C55726C52756C65005F726F75746552756C65223B733A32383A22235E283F503C6134636632363639613E5C772B292F76696577242375223B733A32383A22007969695C7765625C55726C52756C65005F706172616D52756C6573223B613A313A7B733A323A226964223B733A383A22235E5C642B242375223B7D733A32393A22007969695C7765625C55726C52756C65005F726F757465506172616D73223B613A313A7B733A31303A22636F6E74726F6C6C6572223B733A31323A223C636F6E74726F6C6C65723E223B7D7D693A313B4F3A31353A227969695C7765625C55726C52756C65223A31363A7B733A343A226E616D65223B733A33383A223C636F6E74726F6C6C65723A5C772B3E2F3C616374696F6E3A5C772B3E2F3C69643A5C642B3E223B733A373A227061747465726E223B733A36313A22235E283F503C6134636632363639613E5C772B292F283F503C6134376363386339323E5C772B292F283F503C6162663339363735303E5C642B29242375223B733A343A22686F7374223B4E3B733A353A22726F757465223B733A32313A223C636F6E74726F6C6C65723E2F3C616374696F6E3E223B733A383A2264656661756C7473223B613A303A7B7D733A363A22737566666978223B4E3B733A343A2276657262223B4E3B733A343A226D6F6465223B4E3B733A31323A22656E636F6465506172616D73223B623A313B733A31303A226E6F726D616C697A6572223B4E3B733A31353A22002A00637265617465537461747573223B4E3B733A31353A22002A00706C616365686F6C64657273223B613A333A7B733A393A22613463663236363961223B733A31303A22636F6E74726F6C6C6572223B733A393A22613437636338633932223B733A363A22616374696F6E223B733A393A22616266333936373530223B733A323A226964223B7D733A32363A22007969695C7765625C55726C52756C65005F74656D706C617465223B733A32383A222F3C636F6E74726F6C6C65723E2F3C616374696F6E3E2F3C69643E2F223B733A32373A22007969695C7765625C55726C52756C65005F726F75746552756C65223B733A34323A22235E283F503C6134636632363639613E5C772B292F283F503C6134376363386339323E5C772B29242375223B733A32383A22007969695C7765625C55726C52756C65005F706172616D52756C6573223B613A313A7B733A323A226964223B733A383A22235E5C642B242375223B7D733A32393A22007969695C7765625C55726C52756C65005F726F757465506172616D73223B613A323A7B733A31303A22636F6E74726F6C6C6572223B733A31323A223C636F6E74726F6C6C65723E223B733A363A22616374696F6E223B733A383A223C616374696F6E3E223B7D7D693A323B4F3A31353A227969695C7765625C55726C52756C65223A31363A7B733A343A226E616D65223B733A32393A223C636F6E74726F6C6C65723A5C772B3E2F3C616374696F6E3A5C772B3E223B733A373A227061747465726E223B733A34323A22235E283F503C6134636632363639613E5C772B292F283F503C6134376363386339323E5C772B29242375223B733A343A22686F7374223B4E3B733A353A22726F757465223B733A32313A223C636F6E74726F6C6C65723E2F3C616374696F6E3E223B733A383A2264656661756C7473223B613A303A7B7D733A363A22737566666978223B4E3B733A343A2276657262223B4E3B733A343A226D6F6465223B4E3B733A31323A22656E636F6465506172616D73223B623A313B733A31303A226E6F726D616C697A6572223B4E3B733A31353A22002A00637265617465537461747573223B4E3B733A31353A22002A00706C616365686F6C64657273223B613A323A7B733A393A22613463663236363961223B733A31303A22636F6E74726F6C6C6572223B733A393A22613437636338633932223B733A363A22616374696F6E223B7D733A32363A22007969695C7765625C55726C52756C65005F74656D706C617465223B733A32333A222F3C636F6E74726F6C6C65723E2F3C616374696F6E3E2F223B733A32373A22007969695C7765625C55726C52756C65005F726F75746552756C65223B733A34323A22235E283F503C6134636632363639613E5C772B292F283F503C6134376363386339323E5C772B29242375223B733A32383A22007969695C7765625C55726C52756C65005F706172616D52756C6573223B613A303A7B7D733A32393A22007969695C7765625C55726C52756C65005F726F757465506172616D73223B613A323A7B733A31303A22636F6E74726F6C6C6572223B733A31323A223C636F6E74726F6C6C65723E223B733A363A22616374696F6E223B733A383A223C616374696F6E3E223B7D7D693A333B4F3A31353A227969695C7765625C55726C52756C65223A31363A7B733A343A226E616D65223B733A313A222F223B733A373A227061747465726E223B733A353A22235E242375223B733A343A22686F7374223B4E3B733A353A22726F757465223B733A31303A22736974652F696E646578223B733A383A2264656661756C7473223B613A303A7B7D733A363A22737566666978223B4E3B733A343A2276657262223B4E3B733A343A226D6F6465223B4E3B733A31323A22656E636F6465506172616D73223B623A313B733A31303A226E6F726D616C697A6572223B4E3B733A31353A22002A00637265617465537461747573223B4E3B733A31353A22002A00706C616365686F6C64657273223B613A303A7B7D733A32363A22007969695C7765625C55726C52756C65005F74656D706C617465223B733A303A22223B733A32373A22007969695C7765625C55726C52756C65005F726F75746552756C65223B4E3B733A32383A22007969695C7765625C55726C52756C65005F706172616D52756C6573223B613A303A7B7D733A32393A22007969695C7765625C55726C52756C65005F726F757465506172616D73223B613A303A7B7D7D693A343B4F3A31353A227969695C7765625C55726C52756C65223A31363A7B733A343A226E616D65223B733A393A226D792D73616C6F6E73223B733A373A227061747465726E223B733A31343A22235E6D792D73616C6F6E73242375223B733A343A22686F7374223B4E3B733A353A22726F757465223B733A31313A2273616C6F6E2F696E646578223B733A383A2264656661756C7473223B613A303A7B7D733A363A22737566666978223B4E3B733A343A2276657262223B4E3B733A343A226D6F6465223B4E3B733A31323A22656E636F6465506172616D73223B623A313B733A31303A226E6F726D616C697A6572223B4E3B733A31353A22002A00637265617465537461747573223B4E3B733A31353A22002A00706C616365686F6C64657273223B613A303A7B7D733A32363A22007969695C7765625C55726C52756C65005F74656D706C617465223B733A31313A222F6D792D73616C6F6E732F223B733A32373A22007969695C7765625C55726C52756C65005F726F75746552756C65223B4E3B733A32383A22007969695C7765625C55726C52756C65005F706172616D52756C6573223B613A303A7B7D733A32393A22007969695C7765625C55726C52756C65005F726F757465506172616D73223B613A303A7B7D7D693A353B4F3A31353A227969695C7765625C55726C52756C65223A31363A7B733A343A226E616D65223B733A383A226D792D7374616666223B733A373A227061747465726E223B733A31333A22235E6D792D7374616666242375223B733A343A22686F7374223B4E3B733A353A22726F757465223B733A31313A2273746166662F696E646578223B733A383A2264656661756C7473223B613A303A7B7D733A363A22737566666978223B4E3B733A343A2276657262223B4E3B733A343A226D6F6465223B4E3B733A31323A22656E636F6465506172616D73223B623A313B733A31303A226E6F726D616C697A6572223B4E3B733A31353A22002A00637265617465537461747573223B4E3B733A31353A22002A00706C616365686F6C64657273223B613A303A7B7D733A32363A22007969695C7765625C55726C52756C65005F74656D706C617465223B733A31303A222F6D792D73746166662F223B733A32373A22007969695C7765625C55726C52756C65005F726F75746552756C65223B4E3B733A32383A22007969695C7765625C55726C52756C65005F706172616D52756C6573223B613A303A7B7D733A32393A22007969695C7765625C55726C52756C65005F726F757465506172616D73223B613A303A7B7D7D693A363B4F3A31353A227969695C7765625C55726C52756C65223A31363A7B733A343A226E616D65223B733A31313A226D792D7061796D656E7473223B733A373A227061747465726E223B733A31363A22235E6D792D7061796D656E7473242375223B733A343A22686F7374223B4E3B733A353A22726F757465223B733A31333A227061796D656E742F696E646578223B733A383A2264656661756C7473223B613A303A7B7D733A363A22737566666978223B4E3B733A343A2276657262223B4E3B733A343A226D6F6465223B4E3B733A31323A22656E636F6465506172616D73223B623A313B733A31303A226E6F726D616C697A6572223B4E3B733A31353A22002A00637265617465537461747573223B4E3B733A31353A22002A00706C616365686F6C64657273223B613A303A7B7D733A32363A22007969695C7765625C55726C52756C65005F74656D706C617465223B733A31333A222F6D792D7061796D656E74732F223B733A32373A22007969695C7765625C55726C52756C65005F726F75746552756C65223B4E3B733A32383A22007969695C7765625C55726C52756C65005F706172616D52756C6573223B613A303A7B7D733A32393A22007969695C7765625C55726C52756C65005F726F757465506172616D73223B613A303A7B7D7D693A373B4F3A31353A227969695C7765625C55726C52756C65223A31363A7B733A343A226E616D65223B733A31363A2270656E64696E672D7061796D656E7473223B733A373A227061747465726E223B733A32313A22235E70656E64696E672D7061796D656E7473242375223B733A343A22686F7374223B4E3B733A353A22726F757465223B733A32343A227061796D656E742F70656E64696E672D7061796D656E7473223B733A383A2264656661756C7473223B613A303A7B7D733A363A22737566666978223B4E3B733A343A2276657262223B4E3B733A343A226D6F6465223B4E3B733A31323A22656E636F6465506172616D73223B623A313B733A31303A226E6F726D616C697A6572223B4E3B733A31353A22002A00637265617465537461747573223B4E3B733A31353A22002A00706C616365686F6C64657273223B613A303A7B7D733A32363A22007969695C7765625C55726C52756C65005F74656D706C617465223B733A31383A222F70656E64696E672D7061796D656E74732F223B733A32373A22007969695C7765625C55726C52756C65005F726F75746552756C65223B4E3B733A32383A22007969695C7765625C55726C52756C65005F706172616D52756C6573223B613A303A7B7D733A32393A22007969695C7765625C55726C52756C65005F726F757465506172616D73223B613A303A7B7D7D693A383B4F3A31353A227969695C7765625C55726C52756C65223A31363A7B733A343A226E616D65223B733A31353A22636F6E6669726D2D7061796D656E74223B733A373A227061747465726E223B733A32303A22235E636F6E6669726D2D7061796D656E74242375223B733A343A22686F7374223B4E3B733A353A22726F757465223B733A32333A227061796D656E742F636F6E6669726D2D7061796D656E74223B733A383A2264656661756C7473223B613A303A7B7D733A363A22737566666978223B4E3B733A343A2276657262223B4E3B733A343A226D6F6465223B4E3B733A31323A22656E636F6465506172616D73223B623A313B733A31303A226E6F726D616C697A6572223B4E3B733A31353A22002A00637265617465537461747573223B4E3B733A31353A22002A00706C616365686F6C64657273223B613A303A7B7D733A32363A22007969695C7765625C55726C52756C65005F74656D706C617465223B733A31373A222F636F6E6669726D2D7061796D656E742F223B733A32373A22007969695C7765625C55726C52756C65005F726F75746552756C65223B4E3B733A32383A22007969695C7765625C55726C52756C65005F706172616D52756C6573223B613A303A7B7D733A32393A22007969695C7765625C55726C52756C65005F726F757465506172616D73223B613A303A7B7D7D693A393B4F3A31353A227969695C7765625C55726C52756C65223A31363A7B733A343A226E616D65223B733A31383A2266696E616C697A65642D7061796D656E7473223B733A373A227061747465726E223B733A32333A22235E66696E616C697A65642D7061796D656E7473242375223B733A343A22686F7374223B4E3B733A353A22726F757465223B733A32363A227061796D656E742F66696E616C697A65642D7061796D656E7473223B733A383A2264656661756C7473223B613A303A7B7D733A363A22737566666978223B4E3B733A343A2276657262223B4E3B733A343A226D6F6465223B4E3B733A31323A22656E636F6465506172616D73223B623A313B733A31303A226E6F726D616C697A6572223B4E3B733A31353A22002A00637265617465537461747573223B4E3B733A31353A22002A00706C616365686F6C64657273223B613A303A7B7D733A32363A22007969695C7765625C55726C52756C65005F74656D706C617465223B733A32303A222F66696E616C697A65642D7061796D656E74732F223B733A32373A22007969695C7765625C55726C52756C65005F726F75746552756C65223B4E3B733A32383A22007969695C7765625C55726C52756C65005F706172616D52756C6573223B613A303A7B7D733A32393A22007969695C7765625C55726C52756C65005F726F757465506172616D73223B613A303A7B7D7D693A31303B4F3A31353A227969695C7765625C55726C52756C65223A31363A7B733A343A226E616D65223B733A31313A226D792D626F6F6B696E6773223B733A373A227061747465726E223B733A31363A22235E6D792D626F6F6B696E6773242375223B733A343A22686F7374223B4E3B733A353A22726F757465223B733A31373A227265736572766174696F6E2F696E646578223B733A383A2264656661756C7473223B613A303A7B7D733A363A22737566666978223B4E3B733A343A2276657262223B4E3B733A343A226D6F6465223B4E3B733A31323A22656E636F6465506172616D73223B623A313B733A31303A226E6F726D616C697A6572223B4E3B733A31353A22002A00637265617465537461747573223B4E3B733A31353A22002A00706C616365686F6C64657273223B613A303A7B7D733A32363A22007969695C7765625C55726C52756C65005F74656D706C617465223B733A31333A222F6D792D626F6F6B696E67732F223B733A32373A22007969695C7765625C55726C52756C65005F726F75746552756C65223B4E3B733A32383A22007969695C7765625C55726C52756C65005F706172616D52756C6573223B613A303A7B7D733A32393A22007969695C7765625C55726C52756C65005F726F757465506172616D73223B613A303A7B7D7D693A31313B4F3A31353A227969695C7765625C55726C52756C65223A31363A7B733A343A226E616D65223B733A31313A226164642D73657276696365223B733A373A227061747465726E223B733A31363A22235E6164642D73657276696365242375223B733A343A22686F7374223B4E3B733A353A22726F757465223B733A32303A2273616C6F6E73657276696365732F637265617465223B733A383A2264656661756C7473223B613A303A7B7D733A363A22737566666978223B4E3B733A343A2276657262223B4E3B733A343A226D6F6465223B4E3B733A31323A22656E636F6465506172616D73223B623A313B733A31303A226E6F726D616C697A6572223B4E3B733A31353A22002A00637265617465537461747573223B4E3B733A31353A22002A00706C616365686F6C64657273223B613A303A7B7D733A32363A22007969695C7765625C55726C52756C65005F74656D706C617465223B733A31333A222F6164642D736572766963652F223B733A32373A22007969695C7765625C55726C52756C65005F726F75746552756C65223B4E3B733A32383A22007969695C7765625C55726C52756C65005F706172616D52756C6573223B613A303A7B7D733A32393A22007969695C7765625C55726C52756C65005F726F757465506172616D73223B613A303A7B7D7D693A31323B4F3A31353A227969695C7765625C55726C52756C65223A31363A7B733A343A226E616D65223B733A31343A2261737369676E2D73657276696365223B733A373A227061747465726E223B733A31393A22235E61737369676E2D73657276696365242375223B733A343A22686F7374223B4E3B733A353A22726F757465223B733A32313A22626F6F6B65642F61737369676E2D73657276696365223B733A383A2264656661756C7473223B613A303A7B7D733A363A22737566666978223B4E3B733A343A2276657262223B4E3B733A343A226D6F6465223B4E3B733A31323A22656E636F6465506172616D73223B623A313B733A31303A226E6F726D616C697A6572223B4E3B733A31353A22002A00637265617465537461747573223B4E3B733A31353A22002A00706C616365686F6C64657273223B613A303A7B7D733A32363A22007969695C7765625C55726C52756C65005F74656D706C617465223B733A31363A222F61737369676E2D736572766963652F223B733A32373A22007969695C7765625C55726C52756C65005F726F75746552756C65223B4E3B733A32383A22007969695C7765625C55726C52756C65005F706172616D52756C6573223B613A303A7B7D733A32393A22007969695C7765625C55726C52756C65005F726F757465506172616D73223B613A303A7B7D7D693A31333B4F3A31353A227969695C7765625C55726C52756C65223A31363A7B733A343A226E616D65223B733A31353A22636F6E6669726D2D73657276696365223B733A373A227061747465726E223B733A32303A22235E636F6E6669726D2D73657276696365242375223B733A343A22686F7374223B4E3B733A353A22726F757465223B733A32323A22626F6F6B65642F636F6E6669726D2D73657276696365223B733A383A2264656661756C7473223B613A303A7B7D733A363A22737566666978223B4E3B733A343A2276657262223B4E3B733A343A226D6F6465223B4E3B733A31323A22656E636F6465506172616D73223B623A313B733A31303A226E6F726D616C697A6572223B4E3B733A31353A22002A00637265617465537461747573223B4E3B733A31353A22002A00706C616365686F6C64657273223B613A303A7B7D733A32363A22007969695C7765625C55726C52756C65005F74656D706C617465223B733A31373A222F636F6E6669726D2D736572766963652F223B733A32373A22007969695C7765625C55726C52756C65005F726F75746552756C65223B4E3B733A32383A22007969695C7765625C55726C52756C65005F706172616D52756C6573223B613A303A7B7D733A32393A22007969695C7765625C55726C52756C65005F726F757465506172616D73223B613A303A7B7D7D693A31343B4F3A31353A227969695C7765625C55726C52756C65223A31363A7B733A343A226E616D65223B733A31393A22636F6E6669726D2D7265736572766174696F6E223B733A373A227061747465726E223B733A32343A22235E636F6E6669726D2D7265736572766174696F6E242375223B733A343A22686F7374223B4E3B733A353A22726F757465223B733A33313A227265736572766174696F6E2F636F6E6669726D2D7265736572766174696F6E223B733A383A2264656661756C7473223B613A303A7B7D733A363A22737566666978223B4E3B733A343A2276657262223B4E3B733A343A226D6F6465223B4E3B733A31323A22656E636F6465506172616D73223B623A313B733A31303A226E6F726D616C697A6572223B4E3B733A31353A22002A00637265617465537461747573223B4E3B733A31353A22002A00706C616365686F6C64657273223B613A303A7B7D733A32363A22007969695C7765625C55726C52756C65005F74656D706C617465223B733A32313A222F636F6E6669726D2D7265736572766174696F6E2F223B733A32373A22007969695C7765625C55726C52756C65005F726F75746552756C65223B4E3B733A32383A22007969695C7765625C55726C52756C65005F706172616D52756C6573223B613A303A7B7D733A32393A22007969695C7765625C55726C52756C65005F726F757465506172616D73223B613A303A7B7D7D693A31353B4F3A31353A227969695C7765625C55726C52756C65223A31363A7B733A343A226E616D65223B733A31393A2270726F636573732D7265736572766174696F6E223B733A373A227061747465726E223B733A32343A22235E70726F636573732D7265736572766174696F6E242375223B733A343A22686F7374223B4E3B733A353A22726F757465223B733A33313A227265736572766174696F6E2F70726F636573732D7265736572766174696F6E223B733A383A2264656661756C7473223B613A303A7B7D733A363A22737566666978223B4E3B733A343A2276657262223B4E3B733A343A226D6F6465223B4E3B733A31323A22656E636F6465506172616D73223B623A313B733A31303A226E6F726D616C697A6572223B4E3B733A31353A22002A00637265617465537461747573223B4E3B733A31353A22002A00706C616365686F6C64657273223B613A303A7B7D733A32363A22007969695C7765625C55726C52756C65005F74656D706C617465223B733A32313A222F70726F636573732D7265736572766174696F6E2F223B733A32373A22007969695C7765625C55726C52756C65005F726F75746552756C65223B4E3B733A32383A22007969695C7765625C55726C52756C65005F706172616D52756C6573223B613A303A7B7D733A32393A22007969695C7765625C55726C52756C65005F726F757465506172616D73223B613A303A7B7D7D693A31363B4F3A31353A227969695C7765625C55726C52756C65223A31363A7B733A343A226E616D65223B733A373A22636F6E6669726D223B733A373A227061747465726E223B733A31323A22235E636F6E6669726D242375223B733A343A22686F7374223B4E3B733A353A22726F757465223B733A31393A227265736572766174696F6E2F636F6E6669726D223B733A383A2264656661756C7473223B613A303A7B7D733A363A22737566666978223B4E3B733A343A2276657262223B4E3B733A343A226D6F6465223B4E3B733A31323A22656E636F6465506172616D73223B623A313B733A31303A226E6F726D616C697A6572223B4E3B733A31353A22002A00637265617465537461747573223B4E3B733A31353A22002A00706C616365686F6C64657273223B613A303A7B7D733A32363A22007969695C7765625C55726C52756C65005F74656D706C617465223B733A393A222F636F6E6669726D2F223B733A32373A22007969695C7765625C55726C52756C65005F726F75746552756C65223B4E3B733A32383A22007969695C7765625C55726C52756C65005F706172616D52756C6573223B613A303A7B7D733A32393A22007969695C7765625C55726C52756C65005F726F757465506172616D73223B613A303A7B7D7D693A31373B4F3A31353A227969695C7765625C55726C52756C65223A31363A7B733A343A226E616D65223B733A383A227365727669636573223B733A373A227061747465726E223B733A31333A22235E7365727669636573242375223B733A343A22686F7374223B4E3B733A353A22726F757465223B733A31333A22736572766963652F696E646578223B733A383A2264656661756C7473223B613A303A7B7D733A363A22737566666978223B4E3B733A343A2276657262223B4E3B733A343A226D6F6465223B4E3B733A31323A22656E636F6465506172616D73223B623A313B733A31303A226E6F726D616C697A6572223B4E3B733A31353A22002A00637265617465537461747573223B4E3B733A31353A22002A00706C616365686F6C64657273223B613A303A7B7D733A32363A22007969695C7765625C55726C52756C65005F74656D706C617465223B733A31303A222F73657276696365732F223B733A32373A22007969695C7765625C55726C52756C65005F726F75746552756C65223B4E3B733A32383A22007969695C7765625C55726C52756C65005F706172616D52756C6573223B613A303A7B7D733A32393A22007969695C7765625C55726C52756C65005F726F757465506172616D73223B613A303A7B7D7D693A31383B4F3A31353A227969695C7765625C55726C52756C65223A31363A7B733A343A226E616D65223B733A31323A226163746976652D7573657273223B733A373A227061747465726E223B733A31373A22235E6163746976652D7573657273242375223B733A343A22686F7374223B4E3B733A353A22726F757465223B733A31373A22757365722F6163746976652D7573657273223B733A383A2264656661756C7473223B613A303A7B7D733A363A22737566666978223B4E3B733A343A2276657262223B4E3B733A343A226D6F6465223B4E3B733A31323A22656E636F6465506172616D73223B623A313B733A31303A226E6F726D616C697A6572223B4E3B733A31353A22002A00637265617465537461747573223B4E3B733A31353A22002A00706C616365686F6C64657273223B613A303A7B7D733A32363A22007969695C7765625C55726C52756C65005F74656D706C617465223B733A31343A222F6163746976652D75736572732F223B733A32373A22007969695C7765625C55726C52756C65005F726F75746552756C65223B4E3B733A32383A22007969695C7765625C55726C52756C65005F706172616D52756C6573223B613A303A7B7D733A32393A22007969695C7765625C55726C52756C65005F726F757465506172616D73223B613A303A7B7D7D693A31393B4F3A31353A227969695C7765625C55726C52756C65223A31363A7B733A343A226E616D65223B733A31333A2270656E64696E672D7573657273223B733A373A227061747465726E223B733A31383A22235E70656E64696E672D7573657273242375223B733A343A22686F7374223B4E3B733A353A22726F757465223B733A31383A22757365722F70656E64696E672D7573657273223B733A383A2264656661756C7473223B613A303A7B7D733A363A22737566666978223B4E3B733A343A2276657262223B4E3B733A343A226D6F6465223B4E3B733A31323A22656E636F6465506172616D73223B623A313B733A31303A226E6F726D616C697A6572223B4E3B733A31353A22002A00637265617465537461747573223B4E3B733A31353A22002A00706C616365686F6C64657273223B613A303A7B7D733A32363A22007969695C7765625C55726C52756C65005F74656D706C617465223B733A31353A222F70656E64696E672D75736572732F223B733A32373A22007969695C7765625C55726C52756C65005F726F75746552756C65223B4E3B733A32383A22007969695C7765625C55726C52756C65005F706172616D52756C6573223B613A303A7B7D733A32393A22007969695C7765625C55726C52756C65005F726F757465506172616D73223B613A303A7B7D7D693A32303B4F3A31353A227969695C7765625C55726C52756C65223A31363A7B733A343A226E616D65223B733A31353A2273757370656E6465642D7573657273223B733A373A227061747465726E223B733A32303A22235E73757370656E6465642D7573657273242375223B733A343A22686F7374223B4E3B733A353A22726F757465223B733A32303A22757365722F73757370656E6465642D7573657273223B733A383A2264656661756C7473223B613A303A7B7D733A363A22737566666978223B4E3B733A343A2276657262223B4E3B733A343A226D6F6465223B4E3B733A31323A22656E636F6465506172616D73223B623A313B733A31303A226E6F726D616C697A6572223B4E3B733A31353A22002A00637265617465537461747573223B4E3B733A31353A22002A00706C616365686F6C64657273223B613A303A7B7D733A32363A22007969695C7765625C55726C52756C65005F74656D706C617465223B733A31373A222F73757370656E6465642D75736572732F223B733A32373A22007969695C7765625C55726C52756C65005F726F75746552756C65223B4E3B733A32383A22007969695C7765625C55726C52756C65005F706172616D52756C6573223B613A303A7B7D733A32393A22007969695C7765625C55726C52756C65005F726F757465506172616D73223B613A303A7B7D7D693A32313B4F3A31353A227969695C7765625C55726C52756C65223A31363A7B733A343A226E616D65223B733A31373A2264656163746976617465642D7573657273223B733A373A227061747465726E223B733A32323A22235E64656163746976617465642D7573657273242375223B733A343A22686F7374223B4E3B733A353A22726F757465223B733A32323A22757365722F64656163746976617465642D7573657273223B733A383A2264656661756C7473223B613A303A7B7D733A363A22737566666978223B4E3B733A343A2276657262223B4E3B733A343A226D6F6465223B4E3B733A31323A22656E636F6465506172616D73223B623A313B733A31303A226E6F726D616C697A6572223B4E3B733A31353A22002A00637265617465537461747573223B4E3B733A31353A22002A00706C616365686F6C64657273223B613A303A7B7D733A32363A22007969695C7765625C55726C52756C65005F74656D706C617465223B733A31393A222F64656163746976617465642D75736572732F223B733A32373A22007969695C7765625C55726C52756C65005F726F75746552756C65223B4E3B733A32383A22007969695C7765625C55726C52756C65005F706172616D52756C6573223B613A303A7B7D733A32393A22007969695C7765625C55726C52756C65005F726F757465506172616D73223B613A303A7B7D7D693A32323B4F3A31353A227969695C7765625C55726C52756C65223A31363A7B733A343A226E616D65223B733A31313A22757365722D737461747573223B733A373A227061747465726E223B733A31363A22235E757365722D737461747573242375223B733A343A22686F7374223B4E3B733A353A22726F757465223B733A31363A22757365722F757365722D737461747573223B733A383A2264656661756C7473223B613A303A7B7D733A363A22737566666978223B4E3B733A343A2276657262223B4E3B733A343A226D6F6465223B4E3B733A31323A22656E636F6465506172616D73223B623A313B733A31303A226E6F726D616C697A6572223B4E3B733A31353A22002A00637265617465537461747573223B4E3B733A31353A22002A00706C616365686F6C64657273223B613A303A7B7D733A32363A22007969695C7765625C55726C52756C65005F74656D706C617465223B733A31333A222F757365722D7374617475732F223B733A32373A22007969695C7765625C55726C52756C65005F726F75746552756C65223B4E3B733A32383A22007969695C7765625C55726C52756C65005F706172616D52756C6573223B613A303A7B7D733A32393A22007969695C7765625C55726C52756C65005F726F757465506172616D73223B613A303A7B7D7D7D693A313B733A33323A226232653031636433643535663537643638626664363364323039373561336535223B7D693A313B4E3B7D);

-- ----------------------------
-- Table structure for kitchen
-- ----------------------------
DROP TABLE IF EXISTS `kitchen`;
CREATE TABLE `kitchen` (
  `KITCHEN_ID` bigint(20) NOT NULL AUTO_INCREMENT,
  `KITCHEN_NAME` varchar(100) NOT NULL,
  `CITY_ID` bigint(20) NOT NULL,
  `OPENING_TIME` time DEFAULT NULL,
  `CLOSING_TIME` time DEFAULT NULL,
  `ADDRESS` text DEFAULT NULL,
  PRIMARY KEY (`KITCHEN_ID`),
  KEY `City_ID` (`CITY_ID`) USING BTREE,
  CONSTRAINT `kitchen_ibfk_1` FOREIGN KEY (`CITY_ID`) REFERENCES `city` (`CITY_ID`)
) ENGINE=InnoDB AUTO_INCREMENT=2 DEFAULT CHARSET=latin1;

-- ----------------------------
-- Records of kitchen
-- ----------------------------
INSERT INTO `kitchen` VALUES ('1', 'MOGADISHU', '1', '09:56:58', '23:57:03', null);

-- ----------------------------
-- Table structure for location
-- ----------------------------
DROP TABLE IF EXISTS `location`;
CREATE TABLE `location` (
  `LOCATION_ID` bigint(20) NOT NULL AUTO_INCREMENT,
  `CITY_ID` bigint(20) DEFAULT NULL,
  `LOCATION_NAME` varchar(255) NOT NULL,
  `ADDRESS` text DEFAULT NULL,
  `ACTIVE` bit(1) DEFAULT b'0',
  PRIMARY KEY (`LOCATION_ID`),
  KEY `CITY_ID` (`CITY_ID`),
  CONSTRAINT `location_ibfk_1` FOREIGN KEY (`CITY_ID`) REFERENCES `city` (`CITY_ID`) ON DELETE CASCADE ON UPDATE CASCADE
) ENGINE=InnoDB AUTO_INCREMENT=18 DEFAULT CHARSET=latin1;

-- ----------------------------
-- Records of location
-- ----------------------------
INSERT INTO `location` VALUES ('1', '1', 'Degmada Boondheere ', 'Mogadishu', '');
INSERT INTO `location` VALUES ('2', '1', 'Degmada C/Casiis', 'Mogadishu', '');
INSERT INTO `location` VALUES ('3', '1', 'Degnada Dayniile', 'Mogadishu', '\0');
INSERT INTO `location` VALUES ('4', '1', 'Degmada Dharkeynley', 'Mogadishu', '');
INSERT INTO `location` VALUES ('5', '1', 'Degmada Hodan', 'Mogadishu', '');
INSERT INTO `location` VALUES ('6', '1', 'Degmada Howlwadaag', 'Mogadishu', '');
INSERT INTO `location` VALUES ('7', '1', 'Degmada Heliwa', 'Mogadishu', '');
INSERT INTO `location` VALUES ('8', '1', 'Degmada Kaxda', 'Mogadishu', '\0');
INSERT INTO `location` VALUES ('9', '1', 'Degmada Kaaraan', 'Mogadishu', '');
INSERT INTO `location` VALUES ('10', '1', 'Degmada Shibis  ', 'Mogadishu', '');
INSERT INTO `location` VALUES ('11', '1', 'Degmada Shangaani', 'Mogadishu', '');
INSERT INTO `location` VALUES ('12', '1', 'Degmada Waabari', 'Mogadishu', '');
INSERT INTO `location` VALUES ('13', '1', 'Degmada Wadajir', 'Mogadishu', '');
INSERT INTO `location` VALUES ('14', '1', 'Degmada Warta Nabadda ', 'Mogadishu', '');
INSERT INTO `location` VALUES ('15', '1', 'Degmada Xamerweyne', 'Mogadishu', '');
INSERT INTO `location` VALUES ('16', '1', 'Degmada Xamarjajab', 'Mogadishu', '');
INSERT INTO `location` VALUES ('17', '1', 'Degmada Yaaqshiid', 'Mogadishu', '\0');

-- ----------------------------
-- Table structure for menu_category
-- ----------------------------
DROP TABLE IF EXISTS `menu_category`;
CREATE TABLE `menu_category` (
  `MENU_CAT_ID` bigint(10) NOT NULL AUTO_INCREMENT,
  `MENU_CAT_NAME` varchar(50) COLLATE utf8_unicode_ci NOT NULL,
  `MENU_CAT_IMAGE` varchar(255) COLLATE utf8_unicode_ci DEFAULT NULL,
  `ACTIVE` int(1) NOT NULL DEFAULT 1,
  `RANK` int(2) NOT NULL,
  PRIMARY KEY (`MENU_CAT_ID`),
  UNIQUE KEY `MENU_CAT_ID` (`MENU_CAT_ID`,`RANK`),
  UNIQUE KEY `MENU_CAT_NAME` (`MENU_CAT_NAME`),
  KEY `MENU_CAT_ID_2` (`MENU_CAT_ID`)
) ENGINE=InnoDB AUTO_INCREMENT=7 DEFAULT CHARSET=utf8 COLLATE=utf8_unicode_ci;

-- ----------------------------
-- Records of menu_category
-- ----------------------------
INSERT INTO `menu_category` VALUES ('1', 'PIZZA', 'pizza.jpg', '1', '1');
INSERT INTO `menu_category` VALUES ('2', 'BURGERS', null, '0', '5');
INSERT INTO `menu_category` VALUES ('3', 'SALADS', null, '0', '3');
INSERT INTO `menu_category` VALUES ('4', 'SWEETS', null, '0', '6');
INSERT INTO `menu_category` VALUES ('5', 'SANDWICH', null, '0', '4');
INSERT INTO `menu_category` VALUES ('6', 'DRINKS', 'drinks.jpg', '1', '2');

-- ----------------------------
-- Table structure for menu_item
-- ----------------------------
DROP TABLE IF EXISTS `menu_item`;
CREATE TABLE `menu_item` (
  `MENU_ITEM_ID` bigint(10) NOT NULL AUTO_INCREMENT,
  `MENU_CAT_ID` bigint(10) NOT NULL,
  `MENU_ITEM_NAME` varchar(255) COLLATE utf8_unicode_ci NOT NULL,
  `MENU_ITEM_DESC` text COLLATE utf8_unicode_ci NOT NULL,
  `MENU_ITEM_IMAGE` varchar(255) COLLATE utf8_unicode_ci NOT NULL,
  `HOT_DEAL` bit(1) NOT NULL DEFAULT b'0',
  `VEGETARIAN` bit(1) NOT NULL DEFAULT b'0',
  `MAX_QTY` int(2) NOT NULL DEFAULT 10 COMMENT 'Show the maximum number of quantities one can select from',
  PRIMARY KEY (`MENU_ITEM_ID`),
  KEY `MENU_CAT_ID` (`MENU_CAT_ID`) USING BTREE,
  CONSTRAINT `menu_item_ibfk_1` FOREIGN KEY (`MENU_CAT_ID`) REFERENCES `menu_category` (`MENU_CAT_ID`) ON DELETE CASCADE ON UPDATE CASCADE
) ENGINE=InnoDB AUTO_INCREMENT=19 DEFAULT CHARSET=utf8 COLLATE=utf8_unicode_ci;

-- ----------------------------
-- Records of menu_item
-- ----------------------------
INSERT INTO `menu_item` VALUES ('1', '1', 'MARGHERITA', 'Tomatos\r\nOnion\r\nMozzarella Cheese\r\nSpecial Pizza out Sauce', 'pizza1.jpg', '\0', '\0', '20');
INSERT INTO `menu_item` VALUES ('2', '1', 'HAWAIIAN', 'Salami\r\nTomato Sauce\r\nGreen pepper\r\nPineapple\r\nMozzarella Cheese\r\nMushroom\r\nSpecial Pizza out Sauce', 'pizza2.jpg', '\0', '\0', '20');
INSERT INTO `menu_item` VALUES ('3', '1', 'CHICKEN TIKKA MASALA', 'Chicken meat with curry sauce\r\nTomato\r\nGreen pepper\r\nSweet corn\r\nOlive\r\nMozzarella Cheese\r\nMushroom\r\nRed pepper\r\nSpecial Pizza out  Sauce', 'pizza3.jpg', '\0', '\0', '20');
INSERT INTO `menu_item` VALUES ('4', '1', 'SUPREME', 'Salami\r\nTomatoes\r\nGreen pepper\r\nRed pepper\r\nSweet Corn\r\nOlive\r\nMozzarella Cheese\r\nMushrooms\r\nSpecial Pizza out Sauce', 'pizza8.jpg', '\0', '\0', '20');
INSERT INTO `menu_item` VALUES ('11', '6', 'FANTA', 'Soft Drink', '15161047325a5dec1c2d24f2.23031655.jpg', '', '\0', '20');
INSERT INTO `menu_item` VALUES ('12', '6', 'COCA COLA', 'Soft Drink', '15161049235a5decdb70c2e8.07438440.jpg', '\0', '\0', '20');
INSERT INTO `menu_item` VALUES ('13', '6', 'SPRITE', 'Soft Drink', 'sprite.jpg', '\0', '\0', '20');
INSERT INTO `menu_item` VALUES ('14', '6', 'DASANI', 'Mineral water', '15161053435a5dee7f23af36.47159285.jpg', '\0', '\0', '20');
INSERT INTO `menu_item` VALUES ('16', '1', 'TUNA PIZZA', 'Tuna fish\r\nGreen pepper\r\nSweet corn\r\nMozzarella cheese\r\nSpecial Pizza out Souce', '15161043705a5deab26d2118.51038676.jpg', '', '\0', '20');
INSERT INTO `menu_item` VALUES ('17', '1', 'PIZZA GEEL', 'Camel Meat\r\nOnion\r\nGreen pepper\r\nRed pepper\r\nMozzarella Cheese\r\nSpecial Pizza out  Sauce', '15165025105a63fdeeb95ef6.05377409.jpg', '', '\0', '20');
INSERT INTO `menu_item` VALUES ('18', '1', 'INDIAN PIZZA (Very Spicy)', 'Hot pepper\r\nCurry\r\nSweet Corn\r\nMozzarella Cheese\r\nGreen Pepper\r\nRed pepper\r\nSpecial Pizza out  Sauce\r\nGinger', '15161046125a5deba452f3c5.77619894.png', '', '', '20');

-- ----------------------------
-- Table structure for menu_item_type
-- ----------------------------
DROP TABLE IF EXISTS `menu_item_type`;
CREATE TABLE `menu_item_type` (
  `ITEM_TYPE_ID` bigint(11) NOT NULL AUTO_INCREMENT,
  `MENU_ITEM_ID` bigint(11) NOT NULL,
  `ITEM_TYPE_SIZE` varchar(15) DEFAULT NULL,
  `PRICE` decimal(10,2) NOT NULL,
  `AVAILABLE` bit(1) NOT NULL DEFAULT b'1',
  PRIMARY KEY (`ITEM_TYPE_ID`),
  KEY `MENU_ITEM_ID` (`MENU_ITEM_ID`) USING BTREE,
  KEY `ITEM_TYPE_SIZE` (`ITEM_TYPE_SIZE`),
  CONSTRAINT `menu_item_type_ibfk_1` FOREIGN KEY (`MENU_ITEM_ID`) REFERENCES `menu_item` (`MENU_ITEM_ID`) ON DELETE CASCADE ON UPDATE CASCADE,
  CONSTRAINT `menu_item_type_ibfk_2` FOREIGN KEY (`ITEM_TYPE_SIZE`) REFERENCES `tb_sizes` (`SIZE_TYPE`) ON DELETE CASCADE ON UPDATE CASCADE
) ENGINE=InnoDB AUTO_INCREMENT=45 DEFAULT CHARSET=latin1;

-- ----------------------------
-- Records of menu_item_type
-- ----------------------------
INSERT INTO `menu_item_type` VALUES ('1', '1', 'LARGE', '15.00', '');
INSERT INTO `menu_item_type` VALUES ('2', '1', 'SMALL', '11.00', '');
INSERT INTO `menu_item_type` VALUES ('3', '2', 'MEDIUM', '13.00', '');
INSERT INTO `menu_item_type` VALUES ('4', '4', 'LARGE', '15.00', '');
INSERT INTO `menu_item_type` VALUES ('5', '3', 'MEDIUM', '13.00', '');
INSERT INTO `menu_item_type` VALUES ('6', '1', 'MEDIUM', '13.00', '');
INSERT INTO `menu_item_type` VALUES ('7', '2', 'SMALL', '11.00', '');
INSERT INTO `menu_item_type` VALUES ('8', '2', 'LARGE', '15.00', '');
INSERT INTO `menu_item_type` VALUES ('9', '3', 'SMALL', '11.00', '');
INSERT INTO `menu_item_type` VALUES ('10', '3', 'LARGE', '15.00', '');
INSERT INTO `menu_item_type` VALUES ('19', '11', '500ML', '1.00', '');
INSERT INTO `menu_item_type` VALUES ('23', '12', '500ML', '1.00', '');
INSERT INTO `menu_item_type` VALUES ('27', '13', '500ML', '1.00', '');
INSERT INTO `menu_item_type` VALUES ('31', '14', '500ML', '1.00', '');
INSERT INTO `menu_item_type` VALUES ('33', '16', 'SMALL', '11.00', '');
INSERT INTO `menu_item_type` VALUES ('34', '1', 'MEDIUM', '13.00', '');
INSERT INTO `menu_item_type` VALUES ('35', '16', 'LARGE', '15.00', '');
INSERT INTO `menu_item_type` VALUES ('36', '16', 'MEDIUM', '13.00', '');
INSERT INTO `menu_item_type` VALUES ('37', '17', 'SMALL', '11.00', '');
INSERT INTO `menu_item_type` VALUES ('38', '17', 'MEDIUM', '13.00', '');
INSERT INTO `menu_item_type` VALUES ('39', '17', 'LARGE', '15.00', '');
INSERT INTO `menu_item_type` VALUES ('40', '18', 'SMALL', '11.00', '');
INSERT INTO `menu_item_type` VALUES ('41', '18', 'MEDIUM', '13.00', '');
INSERT INTO `menu_item_type` VALUES ('42', '18', 'LARGE', '15.00', '');
INSERT INTO `menu_item_type` VALUES ('43', '4', 'SMALL', '11.00', '');
INSERT INTO `menu_item_type` VALUES ('44', '4', 'MEDIUM', '13.00', '');

-- ----------------------------
-- Table structure for my_session
-- ----------------------------
DROP TABLE IF EXISTS `my_session`;
CREATE TABLE `my_session` (
  `id` char(60) NOT NULL,
  `expire` int(11) DEFAULT NULL,
  `data` longblob DEFAULT NULL,
  `user_id` bigint(20) DEFAULT NULL,
  `user_name` varchar(20) DEFAULT NULL,
  PRIMARY KEY (`id`),
  KEY `id` (`id`),
  KEY `expire` (`expire`),
  KEY `user_id` (`user_id`)
) ENGINE=InnoDB DEFAULT CHARSET=latin1;

-- ----------------------------
-- Records of my_session
-- ----------------------------
INSERT INTO `my_session` VALUES ('1a4b0b1cedad99ae65ea48b83265a5d3', '1516722251', 0x5F5F666C6173687C613A303A7B7D5F5F72657475726E55726C7C733A31383A222F6F72646572732F7072696E742F31303531223B, '0', 'guest');
INSERT INTO `my_session` VALUES ('24e3d74a1a680ebb257bddf3865af085', '1516722245', 0x5F5F666C6173687C613A303A7B7D5F5F72657475726E55726C7C733A31383A222F6F72646572732F7072696E742F31303532223B, '0', 'guest');
INSERT INTO `my_session` VALUES ('2c42e6941317327661d024cfae79ce7b', '1516722097', 0x5F5F666C6173687C613A303A7B7D, '0', 'guest');
INSERT INTO `my_session` VALUES ('411331379592055480a40fef069ce867', '1516721552', 0x5F5F666C6173687C613A303A7B7D, '0', 'guest');
INSERT INTO `my_session` VALUES ('4a93f758a35eeb6e35f8179f96a57298', '1516722271', 0x5F5F666C6173687C613A303A7B7D5F5F72657475726E55726C7C733A31333A222F6F72646572732F696E646578223B5F5F69647C693A31313B5F5F6578706972657C693A313531363732323237303B, '11', 'admin');
INSERT INTO `my_session` VALUES ('5eb1s6shh7kt9d008qjtgakme3', '1516767168', 0x5F5F666C6173687C613A303A7B7D5F5F72657475726E55726C7C733A33353A222F70697A7A612F637573746F6D65722F6F72646572732F766965773F69643D31303539223B5F5F69647C693A31303B5F5F6578706972657C693A313531363736373136383B, '10', 'fatelord');
INSERT INTO `my_session` VALUES ('68defe305b247c4ae3fdd6a2b28f2106', '1516722319', 0x5F5F666C6173687C613A303A7B7D5F5F72657475726E55726C7C733A31333A222F6F72646572732F696E646578223B5F5F69647C693A31313B5F5F6578706972657C693A313531363732323331383B, '11', 'admin');
INSERT INTO `my_session` VALUES ('83599d9eb9734687b5cfeb7245145581', '1516722577', 0x5F5F666C6173687C613A303A7B7D, '0', 'guest');
INSERT INTO `my_session` VALUES ('8951f3183d4b76a4c6437979dff8255b', '1516722027', 0x5F5F666C6173687C613A303A7B7D5F5F69647C693A31313B5F5F6578706972657C693A313531363732323032363B, '11', 'admin');
INSERT INTO `my_session` VALUES ('8l4h4ntq65b8fdq8l9bkcmq1q4', '1516723687', 0x5F5F666C6173687C613A303A7B7D5F5F72657475726E55726C7C733A31333A222F70697A7A612F6F7264657273223B5F5F69647C693A31313B5F5F6578706972657C693A313531363732333638373B, '11', 'admin');
INSERT INTO `my_session` VALUES ('9577fe661acb3c65fd404a9cb2af9534', '1516721619', 0x5F5F666C6173687C613A303A7B7D5F5F69647C693A31313B5F5F6578706972657C693A313531363732313631383B, '11', 'admin');
INSERT INTO `my_session` VALUES ('a0bfd01129d777f4377ed60918751640', '1516721960', 0x5F5F666C6173687C613A303A7B7D5F5F72657475726E55726C7C733A31333A222F6B69746368656E7175657565223B5F5F69647C693A31313B5F5F6578706972657C693A313531363732313936303B, '11', 'admin');
INSERT INTO `my_session` VALUES ('b1e52ea7497df8c12943d478915e08ac', '1516721796', 0x5F5F666C6173687C613A303A7B7D, '0', 'guest');
INSERT INTO `my_session` VALUES ('b45b1960e4971625b7d92a603d3f5a84', '1516722450', 0x5F5F666C6173687C613A303A7B7D5F5F72657475726E55726C7C733A31333A222F6F72646572732F696E646578223B5F5F69647C693A31313B5F5F6578706972657C693A313531363732323435303B, '11', 'admin');
INSERT INTO `my_session` VALUES ('b9o4d9p5q6rdaehlu12qfb8ia5', '1516724694', 0x5F5F666C6173687C613A303A7B7D5F5F69647C693A31303B5F5F6578706972657C693A313531363732343639343B, '10', 'fatelord');
INSERT INTO `my_session` VALUES ('c9i556ci5ktmkmtup0lksv3ee7', '1516723351', 0x5F5F666C6173687C613A303A7B7D5F5F72657475726E55726C7C733A31333A222F70697A7A612F6F7264657273223B5F5F69647C693A31313B5F5F6578706972657C693A313531363732333335313B, '11', 'admin');
INSERT INTO `my_session` VALUES ('f00a2401f1dcbce329b9436dc5b66106', '1516721862', 0x5F5F666C6173687C613A303A7B7D5F5F69647C693A31313B5F5F6578706972657C693A313531363732313836323B, '11', 'admin');
INSERT INTO `my_session` VALUES ('f54c89e2c4fedf7496332380fb4686a3', '1516721811', 0x5F5F666C6173687C613A303A7B7D5F5F69647C693A31303B5F5F6578706972657C693A313531363732313831313B, '10', 'fatelord');
INSERT INTO `my_session` VALUES ('f5884fc4afe7e5bcfe1b2d81b7f36945', '1516722269', 0x5F5F666C6173687C613A303A7B7D5F5F72657475726E55726C7C733A31383A222F6F72646572732F7072696E742F31303530223B, '0', 'guest');
INSERT INTO `my_session` VALUES ('fba78c4d9a52b32a3a6d9659fa5245db', '1516722457', 0x5F5F666C6173687C613A303A7B7D, '0', 'guest');
INSERT INTO `my_session` VALUES ('h4dkb7fpqbqgblp5tp415tplp3', '1516764732', 0x5F5F666C6173687C613A303A7B7D5F5F72657475726E55726C7C733A31393A222F70697A7A612F6F72646572732F696E646578223B5F5F69647C693A31313B5F5F6578706972657C693A313531363736343733323B, '11', 'admin');
INSERT INTO `my_session` VALUES ('i83kfl0jcqd43v5m6helpnqe07', '1516723050', 0x5F5F666C6173687C613A303A7B7D5F5F69647C693A31313B5F5F6578706972657C693A313531363732333035303B, '11', 'admin');
INSERT INTO `my_session` VALUES ('qal88chr9dr0ccrosr1u9cm971', '1516724627', 0x5F5F666C6173687C613A303A7B7D5F5F72657475726E55726C7C733A31333A222F70697A7A612F6F7264657273223B5F5F69647C693A31313B5F5F6578706972657C693A313531363732343632373B, '11', 'admin');
INSERT INTO `my_session` VALUES ('r5g8mi0rtmtepr530krqqubkn3', '1516767355', 0x5F5F666C6173687C613A303A7B7D5F5F72657475726E55726C7C733A31393A222F70697A7A612F6F72646572732F696E646578223B5F5F69647C693A31313B5F5F6578706972657C693A313531363736373335353B, '11', 'admin');
INSERT INTO `my_session` VALUES ('u4ke34hrhm4o4uctk1fu2vdre7', '1516723986', 0x5F5F666C6173687C613A303A7B7D5F5F72657475726E55726C7C733A31333A222F70697A7A612F6F7264657273223B5F5F69647C693A31313B5F5F6578706972657C693A313531363732333938363B, '11', 'admin');

-- ----------------------------
-- Table structure for order_tracking
-- ----------------------------
DROP TABLE IF EXISTS `order_tracking`;
CREATE TABLE `order_tracking` (
  `TRACKING_ID` bigint(10) NOT NULL AUTO_INCREMENT,
  `ORDER_ID` bigint(10) NOT NULL,
  `COMMENTS` varchar(255) DEFAULT NULL,
  `STATUS` varchar(30) NOT NULL,
  `TRACKING_DATE` datetime DEFAULT NULL,
  `USER_VISIBLE` bit(1) NOT NULL DEFAULT b'1',
  PRIMARY KEY (`TRACKING_ID`),
  UNIQUE KEY `ORDER_ID` (`ORDER_ID`,`STATUS`) USING BTREE,
  KEY `STATUS` (`STATUS`) USING BTREE,
  KEY `order_tracking_ibfk_1` (`ORDER_ID`) USING BTREE,
  CONSTRAINT `order_tracking_ibfk_1` FOREIGN KEY (`ORDER_ID`) REFERENCES `customer_order` (`ORDER_ID`) ON DELETE CASCADE ON UPDATE CASCADE,
  CONSTRAINT `order_tracking_ibfk_2` FOREIGN KEY (`STATUS`) REFERENCES `tb_status` (`STATUS_NAME`) ON UPDATE CASCADE
) ENGINE=InnoDB AUTO_INCREMENT=623 DEFAULT CHARSET=latin1;

-- ----------------------------
-- Records of order_tracking
-- ----------------------------
INSERT INTO `order_tracking` VALUES ('621', '1060', null, 'ORDER PENDING', '2018-01-23 19:50:21', '');
INSERT INTO `order_tracking` VALUES ('622', '1060', null, 'CHEF ASSIGNED', '2018-01-23 19:53:03', '');

-- ----------------------------
-- Table structure for payment
-- ----------------------------
DROP TABLE IF EXISTS `payment`;
CREATE TABLE `payment` (
  `PAYMENT_ID` bigint(20) NOT NULL AUTO_INCREMENT,
  `ORDER_ID` bigint(20) DEFAULT NULL,
  `PAYMENT_CHANNEL` varchar(255) NOT NULL,
  `PAYMENT_AMOUNT` decimal(10,2) NOT NULL,
  `PAYMENT_REF` varchar(255) NOT NULL,
  `PAYMENT_STATUS` varchar(30) DEFAULT NULL,
  `PAYMENT_DATE` datetime NOT NULL,
  `PAYMENT_NOTES` varchar(255) DEFAULT NULL,
  `PAYMENT_NUMBER` varchar(30) DEFAULT NULL,
  PRIMARY KEY (`PAYMENT_ID`),
  KEY `payment_ibfk_1` (`PAYMENT_STATUS`) USING BTREE,
  KEY `payment_ibfk_2` (`ORDER_ID`) USING BTREE,
  CONSTRAINT `payment_ibfk_1` FOREIGN KEY (`PAYMENT_STATUS`) REFERENCES `tb_status` (`STATUS_NAME`) ON DELETE CASCADE ON UPDATE CASCADE,
  CONSTRAINT `payment_ibfk_2` FOREIGN KEY (`ORDER_ID`) REFERENCES `customer_order` (`ORDER_ID`) ON DELETE CASCADE ON UPDATE CASCADE
) ENGINE=InnoDB DEFAULT CHARSET=latin1;

-- ----------------------------
-- Records of payment
-- ----------------------------

-- ----------------------------
-- Table structure for riders
-- ----------------------------
DROP TABLE IF EXISTS `riders`;
CREATE TABLE `riders` (
  `RIDER_ID` bigint(10) NOT NULL AUTO_INCREMENT,
  `USER_ID` bigint(10) DEFAULT NULL,
  `KITCHEN_ID` bigint(10) DEFAULT NULL,
  `RIDER_STATUS` bit(1) NOT NULL DEFAULT b'1',
  PRIMARY KEY (`RIDER_ID`),
  KEY `KITCHEN_ID` (`KITCHEN_ID`) USING BTREE,
  KEY `USER_ID` (`USER_ID`),
  CONSTRAINT `riders_ibfk_1` FOREIGN KEY (`KITCHEN_ID`) REFERENCES `kitchen` (`KITCHEN_ID`) ON DELETE CASCADE ON UPDATE CASCADE,
  CONSTRAINT `riders_ibfk_2` FOREIGN KEY (`USER_ID`) REFERENCES `tb_users` (`USER_ID`) ON DELETE CASCADE ON UPDATE CASCADE
) ENGINE=InnoDB AUTO_INCREMENT=8 DEFAULT CHARSET=latin1;

-- ----------------------------
-- Records of riders
-- ----------------------------
INSERT INTO `riders` VALUES ('5', '62', '1', '');
INSERT INTO `riders` VALUES ('6', '66', '1', '');
INSERT INTO `riders` VALUES ('7', '132', '1', '');

-- ----------------------------
-- Table structure for tb_cart
-- ----------------------------
DROP TABLE IF EXISTS `tb_cart`;
CREATE TABLE `tb_cart` (
  `CART_ITEM_ID` bigint(10) NOT NULL AUTO_INCREMENT,
  `USER_ID` bigint(20) NOT NULL,
  `ITEM_TYPE_ID` bigint(10) NOT NULL,
  `QUANTITY` int(4) NOT NULL,
  `ITEM_PRICE` decimal(10,0) NOT NULL,
  `ITEM_TYPE_SIZE` varchar(15) COLLATE utf8_unicode_ci NOT NULL,
  `NOTES` varchar(255) COLLATE utf8_unicode_ci DEFAULT NULL,
  `CART_TIMESTAMP` bigint(20) DEFAULT NULL,
  `CREATED_AT` datetime DEFAULT NULL,
  `UPDATED_AT` datetime DEFAULT NULL,
  PRIMARY KEY (`CART_ITEM_ID`),
  KEY `order_item_ibfk_2` (`ITEM_TYPE_ID`) USING BTREE,
  KEY `USER_ID` (`USER_ID`) USING BTREE,
  CONSTRAINT `tb_cart_ibfk_1` FOREIGN KEY (`ITEM_TYPE_ID`) REFERENCES `menu_item_type` (`ITEM_TYPE_ID`) ON DELETE CASCADE ON UPDATE CASCADE,
  CONSTRAINT `tb_cart_ibfk_2` FOREIGN KEY (`USER_ID`) REFERENCES `tb_users` (`USER_ID`) ON DELETE CASCADE ON UPDATE CASCADE
) ENGINE=InnoDB AUTO_INCREMENT=391 DEFAULT CHARSET=utf8 COLLATE=utf8_unicode_ci;

-- ----------------------------
-- Records of tb_cart
-- ----------------------------
INSERT INTO `tb_cart` VALUES ('235', '5', '1', '2', '15', 'LARGE', null, '1515925132', '2018-01-14 13:18:52', '2018-01-14 13:29:38');
INSERT INTO `tb_cart` VALUES ('239', '58', '4', '2', '15', 'LARGE', null, '1515946110', '2018-01-14 19:08:30', '2018-01-14 19:08:30');
INSERT INTO `tb_cart` VALUES ('240', '5', '23', '1', '1', '500ML', null, '1515925132', '2018-01-16 09:57:29', '2018-01-16 09:57:29');
INSERT INTO `tb_cart` VALUES ('284', '70', '19', '1', '1', '500ML', null, '1516209474', '2018-01-17 20:17:54', '2018-01-17 20:17:54');
INSERT INTO `tb_cart` VALUES ('318', '57', '3', '1', '13', 'MEDIUM', null, '1516439634', '2018-01-20 12:13:54', '2018-01-20 12:13:54');
INSERT INTO `tb_cart` VALUES ('324', '5', '19', '1', '1', '500ML', null, '1515925132', '2018-01-20 16:50:11', '2018-01-20 16:50:11');
INSERT INTO `tb_cart` VALUES ('329', '5', '35', '1', '15', 'LARGE', null, '1515925132', '2018-01-20 18:59:54', '2018-01-20 18:59:54');
INSERT INTO `tb_cart` VALUES ('339', '5', '31', '1', '1', '500ML', null, '1515925132', '2018-01-21 18:38:03', '2018-01-21 18:38:03');
INSERT INTO `tb_cart` VALUES ('347', '65', '3', '1', '13', 'MEDIUM', null, '1516628318', '2018-01-22 16:38:38', '2018-01-22 16:38:38');
INSERT INTO `tb_cart` VALUES ('363', '72', '33', '1', '11', 'SMALL', null, '1516645395', '2018-01-22 21:23:13', '2018-01-22 21:23:15');
INSERT INTO `tb_cart` VALUES ('364', '72', '2', '1', '11', 'SMALL', null, '1516645395', '2018-01-22 21:23:29', '2018-01-22 21:23:29');
INSERT INTO `tb_cart` VALUES ('365', '72', '23', '1', '1', '500ML', null, '1516645395', '2018-01-22 21:23:48', '2018-01-22 21:23:48');
INSERT INTO `tb_cart` VALUES ('369', '118', '3', '1', '13', 'MEDIUM', null, '1516649358', '2018-01-22 22:29:18', '2018-01-22 22:29:18');
INSERT INTO `tb_cart` VALUES ('370', '119', '43', '1', '11', 'SMALL', null, '1516651223', '2018-01-22 23:00:20', '2018-01-22 23:00:23');
INSERT INTO `tb_cart` VALUES ('374', '99', '1', '1', '15', 'LARGE', null, '1516696395', '2018-01-23 11:33:15', '2018-01-23 11:33:15');
INSERT INTO `tb_cart` VALUES ('377', '126', '4', '1', '15', 'LARGE', null, '1516700085', '2018-01-23 12:34:45', '2018-01-23 12:34:45');
INSERT INTO `tb_cart` VALUES ('378', '128', '5', '1', '13', 'MEDIUM', null, '1516706837', '2018-01-23 14:27:17', '2018-01-23 14:27:17');
INSERT INTO `tb_cart` VALUES ('379', '128', '9', '1', '11', 'SMALL', null, '1516706837', '2018-01-23 14:28:56', '2018-01-23 14:29:17');
INSERT INTO `tb_cart` VALUES ('380', '125', '9', '1', '11', 'SMALL', null, '1516709030', '2018-01-23 15:03:50', '2018-01-23 15:03:50');
INSERT INTO `tb_cart` VALUES ('387', '131', '40', '1', '11', 'SMALL', null, '1516717575', '2018-01-23 17:26:15', '2018-01-23 17:26:15');

-- ----------------------------
-- Table structure for tb_delivery_time
-- ----------------------------
DROP TABLE IF EXISTS `tb_delivery_time`;
CREATE TABLE `tb_delivery_time` (
  `TIME_ID` bigint(20) NOT NULL AUTO_INCREMENT,
  `DELIVERY_TIME` varchar(20) COLLATE utf8_unicode_ci NOT NULL,
  PRIMARY KEY (`TIME_ID`)
) ENGINE=MyISAM AUTO_INCREMENT=24 DEFAULT CHARSET=utf8 COLLATE=utf8_unicode_ci;

-- ----------------------------
-- Records of tb_delivery_time
-- ----------------------------
INSERT INTO `tb_delivery_time` VALUES ('1', '00:00');
INSERT INTO `tb_delivery_time` VALUES ('2', '01:00');
INSERT INTO `tb_delivery_time` VALUES ('3', '03:00');
INSERT INTO `tb_delivery_time` VALUES ('4', '04:00');
INSERT INTO `tb_delivery_time` VALUES ('5', '05:00');
INSERT INTO `tb_delivery_time` VALUES ('6', '06:00');
INSERT INTO `tb_delivery_time` VALUES ('7', '07:00');
INSERT INTO `tb_delivery_time` VALUES ('8', '08:00');
INSERT INTO `tb_delivery_time` VALUES ('9', '09:00');
INSERT INTO `tb_delivery_time` VALUES ('10', '10:00');
INSERT INTO `tb_delivery_time` VALUES ('11', '11:00');
INSERT INTO `tb_delivery_time` VALUES ('12', '12:00');
INSERT INTO `tb_delivery_time` VALUES ('13', '13:00');
INSERT INTO `tb_delivery_time` VALUES ('14', '14:00');
INSERT INTO `tb_delivery_time` VALUES ('15', '15:00');
INSERT INTO `tb_delivery_time` VALUES ('16', '16:00');
INSERT INTO `tb_delivery_time` VALUES ('17', '17:00');
INSERT INTO `tb_delivery_time` VALUES ('18', '18:00');
INSERT INTO `tb_delivery_time` VALUES ('19', '19:00');
INSERT INTO `tb_delivery_time` VALUES ('20', '20:00');
INSERT INTO `tb_delivery_time` VALUES ('21', '21:00');
INSERT INTO `tb_delivery_time` VALUES ('22', '22:00');
INSERT INTO `tb_delivery_time` VALUES ('23', '23:00');

-- ----------------------------
-- Table structure for tb_favs
-- ----------------------------
DROP TABLE IF EXISTS `tb_favs`;
CREATE TABLE `tb_favs` (
  `FAV_ID` bigint(20) NOT NULL AUTO_INCREMENT,
  `MENU_ITEM_ID` bigint(20) DEFAULT NULL,
  `USER_ID` bigint(20) DEFAULT NULL,
  PRIMARY KEY (`FAV_ID`),
  KEY `MENU_ITEM_ID` (`MENU_ITEM_ID`),
  KEY `USER_ID` (`USER_ID`),
  CONSTRAINT `tb_favs_ibfk_1` FOREIGN KEY (`MENU_ITEM_ID`) REFERENCES `menu_item` (`MENU_ITEM_ID`) ON DELETE CASCADE ON UPDATE CASCADE,
  CONSTRAINT `tb_favs_ibfk_2` FOREIGN KEY (`USER_ID`) REFERENCES `tb_users` (`USER_ID`) ON DELETE CASCADE ON UPDATE CASCADE
) ENGINE=InnoDB DEFAULT CHARSET=latin1;

-- ----------------------------
-- Records of tb_favs
-- ----------------------------

-- ----------------------------
-- Table structure for tb_migration
-- ----------------------------
DROP TABLE IF EXISTS `tb_migration`;
CREATE TABLE `tb_migration` (
  `version` varchar(180) NOT NULL,
  `apply_time` int(11) DEFAULT NULL,
  PRIMARY KEY (`version`)
) ENGINE=InnoDB DEFAULT CHARSET=latin1;

-- ----------------------------
-- Records of tb_migration
-- ----------------------------
INSERT INTO `tb_migration` VALUES ('m000000_000000_base', '1510298356');
INSERT INTO `tb_migration` VALUES ('m160516_095943_init', '1510298358');

-- ----------------------------
-- Table structure for tb_sizes
-- ----------------------------
DROP TABLE IF EXISTS `tb_sizes`;
CREATE TABLE `tb_sizes` (
  `SIZE_ID` bigint(20) NOT NULL AUTO_INCREMENT,
  `SIZE_TYPE` varchar(20) NOT NULL,
  `ACTIVE` bit(1) DEFAULT b'1',
  PRIMARY KEY (`SIZE_ID`),
  UNIQUE KEY `SIZE_NAME` (`SIZE_TYPE`),
  KEY `SIZED_ID` (`SIZE_ID`)
) ENGINE=InnoDB AUTO_INCREMENT=8 DEFAULT CHARSET=latin1;

-- ----------------------------
-- Records of tb_sizes
-- ----------------------------
INSERT INTO `tb_sizes` VALUES ('1', 'SMALL', '');
INSERT INTO `tb_sizes` VALUES ('2', 'MEDIUM', '');
INSERT INTO `tb_sizes` VALUES ('3', 'LARGE', '');
INSERT INTO `tb_sizes` VALUES ('4', '500ML', '');
INSERT INTO `tb_sizes` VALUES ('5', '1LITRE', '');
INSERT INTO `tb_sizes` VALUES ('6', '1.5LITRE', '');
INSERT INTO `tb_sizes` VALUES ('7', '300ML', '');

-- ----------------------------
-- Table structure for tb_status
-- ----------------------------
DROP TABLE IF EXISTS `tb_status`;
CREATE TABLE `tb_status` (
  `STATUS_NAME` varchar(30) NOT NULL,
  `STATUS_DESC` varchar(100) DEFAULT NULL,
  `COLOR` varchar(10) NOT NULL DEFAULT 'GREEN',
  `SCOPE` varchar(10) NOT NULL DEFAULT 'ALL',
  `RANK` int(2) NOT NULL DEFAULT 1,
  `WORKFLOW` int(2) NOT NULL DEFAULT 1,
  UNIQUE KEY `STATUS_NAME` (`STATUS_NAME`) USING BTREE,
  UNIQUE KEY `RANK` (`RANK`) USING BTREE
) ENGINE=InnoDB DEFAULT CHARSET=latin1;

-- ----------------------------
-- Records of tb_status
-- ----------------------------
INSERT INTO `tb_status` VALUES ('AWAITING RIDER', 'Awaiting Rider', 'BROWN', 'INACTIVE', '7', '3');
INSERT INTO `tb_status` VALUES ('CHEF ASSIGNED', 'Assign Chef', 'GREEN', 'INACTIVE', '4', '0');
INSERT INTO `tb_status` VALUES ('KITCHEN ALLOCATED', 'Transfer to Kitchen', 'GREEN', 'INACTIVE', '3', '1');
INSERT INTO `tb_status` VALUES ('ORDER CANCELLED', 'Cancel Order', 'RED', 'ALL', '0', '0');
INSERT INTO `tb_status` VALUES ('ORDER CONFIRMED', 'Confirm Order', 'PURPLE', 'OFFICE', '2', '0');
INSERT INTO `tb_status` VALUES ('ORDER DELIVERED', 'Order Delieverd', 'RED', 'RIDER', '10', '0');
INSERT INTO `tb_status` VALUES ('ORDER NOT DELIVERED', 'Order Not Delivered', 'RED', 'RIDER', '12', '0');
INSERT INTO `tb_status` VALUES ('ORDER PENDING', 'Awaiting Processing', '#ff69b4', 'ALL', '1', '0');
INSERT INTO `tb_status` VALUES ('ORDER READY', 'Order Ready', '#f1c232', 'KITCHEN', '6', '2');
INSERT INTO `tb_status` VALUES ('PAYMENT PENDING', 'Payment Not Confirmed', 'GREEN', 'INACTIVE', '11', '2');
INSERT INTO `tb_status` VALUES ('RIDER ASSIGNED', 'Assign Rider', 'GREEN', 'INACTIVE', '8', '4');
INSERT INTO `tb_status` VALUES ('RIDER DISPATCHED', 'Assign & Dispatch Rider', 'GREEN', 'KITCHEN', '9', '5');
INSERT INTO `tb_status` VALUES ('UNDER PREPARATION', 'Preparing Order', 'ORANGE', 'INACTIVE', '5', '1');

-- ----------------------------
-- Table structure for tb_users
-- ----------------------------
DROP TABLE IF EXISTS `tb_users`;
CREATE TABLE `tb_users` (
  `USER_ID` bigint(20) NOT NULL AUTO_INCREMENT,
  `USER_NAME` varchar(100) NOT NULL,
  `USER_TYPE` bigint(20) NOT NULL,
  `SURNAME` varchar(100) NOT NULL,
  `OTHER_NAMES` varchar(100) NOT NULL,
  `MOBILE` varchar(25) NOT NULL,
  `EMAIL` varchar(100) NOT NULL,
  `LOCATION_ID` bigint(20) DEFAULT NULL,
  `PASSWORD` varchar(100) NOT NULL,
  `DATE_REGISTERED` datetime DEFAULT NULL,
  `LAST_UPDATED` datetime DEFAULT NULL,
  `CLIENT_TOKEN` varchar(255) DEFAULT NULL,
  `RESET_TOKEN` varchar(100) NOT NULL,
  `USER_STATUS` bit(1) DEFAULT b'1' COMMENT 'Indicate if user is active or not',
  `TOKEN_EXPPIRY` timestamp NULL DEFAULT NULL,
  PRIMARY KEY (`USER_ID`),
  UNIQUE KEY `USER_NAME` (`USER_NAME`),
  UNIQUE KEY `EMAIL` (`EMAIL`),
  KEY `LOCATION_ID_idx` (`LOCATION_ID`) USING BTREE,
  KEY `USER_TYPE_idx` (`USER_TYPE`) USING BTREE,
  KEY `DATE_REGISTERED` (`DATE_REGISTERED`),
  CONSTRAINT `tb_users_ibfk_2` FOREIGN KEY (`USER_TYPE`) REFERENCES `user_type` (`USER_TYPE_ID`) ON UPDATE CASCADE
) ENGINE=InnoDB AUTO_INCREMENT=133 DEFAULT CHARSET=latin1;

-- ----------------------------
-- Records of tb_users
-- ----------------------------
INSERT INTO `tb_users` VALUES ('5', 'pkyalo', '1', 'KINGOO', 'PETER KYALO', '724802220', 'petchaloo@gmail.com', '1', '834dfae0c40820faccf4f83580be800545dca3c1', '2017-10-09 07:06:51', '2017-10-09 07:06:51', null, '', '', null);
INSERT INTO `tb_users` VALUES ('10', 'fatelord', '1', 'BARASA', 'SAMMY M', '1123', 'barsamms@gmail.com', '1', '63aaa47cb0b76f0b157c40cdba9bf78653a7af37', '2017-10-09 07:06:51', '2018-01-17 22:46:48', null, 'NWbg0nncB5pwiR-77U-ydL8a9LKhsGjZ', '', null);
INSERT INTO `tb_users` VALUES ('11', 'admin', '2', 'ADMIN', 'ADMIN', '123', 'admin@pizzaout.so', '1', '40bd001563085fc35165329ea1ff5c5ecbdbbeef', '2017-11-10 13:11:43', '2017-11-10 13:11:49', null, '', '', null);
INSERT INTO `tb_users` VALUES ('24', 'kyalo', '1', 'KINGOO', 'PETER KYALO', '2147483647', 'pkyalo@uonbi.ac.ke', '1', '834dfae0c40820faccf4f83580be800545dca3c1', '2017-12-20 12:38:11', '2017-12-20 12:38:11', null, '', '', null);
INSERT INTO `tb_users` VALUES ('25', 'mohacpr', '1', 'MOHAMED', 'MOHAMED', '619000333', 'mohacpr@gmail.com', '1', '2d7d1969f957c467cfb161b81ff408af6b94a8ea', '2017-12-20 19:39:38', '2017-12-20 19:39:38', null, '', '', null);
INSERT INTO `tb_users` VALUES ('29', 'shumac', '1', 'SHUMAC', 'SHUSHUU', '2147483647', 'shumac55@gmail.com', '1', '513a7c4018127c653ce3b9037e29bdd9c03e29f7', '2017-12-21 13:50:19', '2017-12-21 13:50:19', null, '', '', null);
INSERT INTO `tb_users` VALUES ('44', 'abdikasim', '1', 'MOALIM', 'AHMED', '617999222', 'abdulkasimmoalim@gmail.com', '1', 'b82886f310d6c223dea476600babca5849670e21', '2017-12-21 17:27:14', '2017-12-21 17:27:14', null, '', '', null);
INSERT INTO `tb_users` VALUES ('45', 'sandheere', '1', 'MOHAMED', 'SANDHEERE', '2147483647', 'sanka6016@gmail.com', '1', '890940a175fdd194c3f42a27e8ecbfefb983094d', '2017-12-21 17:48:20', '2017-12-21 17:48:20', null, '', '', null);
INSERT INTO `tb_users` VALUES ('46', 'sandheere10', '1', 'MOHAMED', 'SANDHEERE', '2147483647', 'sanka6015@gmail.com', '1', '8238a351f035bc1f72a1a7cff337221a73dae6f2', '2017-12-21 18:02:10', '2017-12-21 18:02:10', null, '', '', null);
INSERT INTO `tb_users` VALUES ('47', 'mr. vision', '1', 'YASIR', 'BAFFO', '618309457', 'mr.vision2025@gmail.com', '1', '7c4a8d09ca3762af61e59520943dc26494f8941b', '2017-12-21 18:32:22', '2017-12-21 18:32:22', null, '', '', null);
INSERT INTO `tb_users` VALUES ('48', 'aainab', '1', 'AINAB', 'AHMED ABDI', '615513533', 'axmedcaynab@gmail.com', '1', '0fb641dff5070d488355f89a1ad0fdc8203e0f33', '2017-12-23 06:44:32', '2017-12-23 06:44:32', null, '', '', null);
INSERT INTO `tb_users` VALUES ('49', 'ozgur.catal', '1', 'CATAL', 'OZGUR', '612136659', 'ozgur.catal@hotmail.com', '1', '7a59c162217c6abbe65db58ecdfcb1765780af7b', '2017-12-24 13:08:46', '2017-12-24 13:08:46', null, '', '', null);
INSERT INTO `tb_users` VALUES ('51', 'zuhuur', '1', 'ZAHRA', 'ZUU', '618812510', 'zahra@sostec.so', '1', '5ddf228c30669af17fb926a7d728c4e9d6c8df27', '2017-12-25 10:09:12', '2017-12-25 10:09:12', null, '', '', null);
INSERT INTO `tb_users` VALUES ('52', 'zahradhaqane', '1', 'DHAQANE', 'ZAHRA OSMAN', '615533643', 'zahradhaqane@gmail.com', '1', 'e72fb1b6ffd172fef3a3c97b4555a0669cac4c7e', '2017-12-26 04:15:21', '2017-12-26 04:15:21', null, '', '', null);
INSERT INTO `tb_users` VALUES ('53', 'aallaa', '1', 'AALLAA', 'HABAD', '615888129', 'Aallaahabad@gmail.com', '1', '3edacb467448252d0f8f49c732ba00cc438b5895', '2017-12-26 16:49:26', '2017-12-26 16:49:26', null, '', '', null);
INSERT INTO `tb_users` VALUES ('54', 'badle', '1', 'MAXAMUUD XAMUD', 'BADLE', '617641354', 'badle7171@gmail.com', '1', 'c4f7d269ffa6b3c3c77fb0b3d14a3afdd0161182', '2017-12-27 07:41:24', '2017-12-27 07:41:24', null, '', '', null);
INSERT INTO `tb_users` VALUES ('55', 'shiine', '1', 'MOHAMED', 'ALI', '619616338', 'shiine318@hotmail.com', '1', '02ecc6c8afccd0dd029bddc56641cd309a171f3e', '2017-12-28 20:54:38', '2017-12-28 20:54:38', null, '', '', null);
INSERT INTO `tb_users` VALUES ('56', 'arafat', '1', 'ARAFAT', 'ABDULLAHI', '615518583', 'arafat.abdulahi@gmail.com', '1', '866e7caa1629cd75acb8af543d55cc3985c47212', '2018-01-01 19:14:05', '2018-01-01 19:14:05', null, '', '', null);
INSERT INTO `tb_users` VALUES ('57', 'Izabella', '1', 'Faiza Abdullahi', 'izabella', '00252615429642', 'faizaabdullahi114@gmail.com', '1', 'eb131bc0d99b318156189f73024ce1cb29727f72', '2018-01-11 06:38:20', '2018-01-11 06:38:20', null, '', '', null);
INSERT INTO `tb_users` VALUES ('58', 'Abdirizak', '1', 'war', 'war', '0611111553', 'mogastars@gmail.com', '1', '7110eda4d09e062aa5e4a390b0a572ac0d2c0220', '2018-01-14 14:44:35', '2018-01-14 14:44:35', null, '', '', null);
INSERT INTO `tb_users` VALUES ('59', 'mohamed', '1', 'kaabe', 'kabogeed', '0619420000', 'mohamedkabbe@gmail.com', '1', '40bd001563085fc35165329ea1ff5c5ecbdbbeef', '2018-01-15 09:48:31', '2018-01-15 09:48:31', null, '', '', null);
INSERT INTO `tb_users` VALUES ('60', 'cabdalla', '1', 'Mohamed', 'cabdalla Mohamed Muhumed', '0615577730', 'cabdallamm2@gmail.com', '1', '40bd001563085fc35165329ea1ff5c5ecbdbbeef', '2018-01-15 09:48:46', '2018-01-15 09:48:46', null, '', '', null);
INSERT INTO `tb_users` VALUES ('61', 'Abdisahal', '1', 'dalqaf', 'Mohamed', '0616011111', 'dalqaf@gmail.com', '1', '05f6b89efae9c8e1a7132259e9dae394b3366053', '2018-01-15 15:28:12', '2018-01-15 15:28:12', null, '', '', null);
INSERT INTO `tb_users` VALUES ('62', 'Mohamed2', '3', 'Abuukar', 'Muuse', '061 5270306', 'Hassan@mail.com', null, '7110eda4d09e062aa5e4a390b0a572ac0d2c0220', '2018-01-15 16:28:03', '2018-01-15 16:28:03', null, 'NONE', '', null);
INSERT INTO `tb_users` VALUES ('63', 'shiine1', '1', 'nur', 'shiine', '00252619616338', 'shiine318@gmail.com', '1', 'b7ca21bfc9c98a088aae487a68a154328b61c350', '2018-01-15 18:01:36', '2018-01-15 18:01:36', null, '', '', null);
INSERT INTO `tb_users` VALUES ('64', 'abdikarim', '2', 'warsame', 'Mohamed', '0615351399', 'rujaal.1231@gmail.com', '1', 'b5a3ed2393883f8f897d3690af119959ee4f7498', '2018-01-16 10:19:47', '2018-01-16 12:00:33', null, 'NONE', '', null);
INSERT INTO `tb_users` VALUES ('65', 'fardawsa', '2', 'hussein', 'ahmed', '0619991194', 'fardus94@gmail.com', '1', '2601edae909efe4354c80d523328d884642d9964', '2018-01-16 10:22:13', '2018-01-16 11:58:47', null, 'NONE', '', null);
INSERT INTO `tb_users` VALUES ('66', 'Muriidi', '3', 'Aweys', 'Abdikader', '061 5886150', 'info@pizzaout.so', null, '40bd001563085fc35165329ea1ff5c5ecbdbbeef', '2018-01-16 11:26:49', '2018-01-16 11:26:49', null, 'NONE', '', null);
INSERT INTO `tb_users` VALUES ('69', 'abdirahim', '1', 'Yusuf', 'Abdulle', '0615537810', 'abdirahim116@gmail.com', null, '7110eda4d09e062aa5e4a390b0a572ac0d2c0220', '2018-01-17 15:34:06', '2018-01-17 19:59:11', null, 'NONE', '', null);
INSERT INTO `tb_users` VALUES ('70', 'samaati', '1', 'nor', 'Tbrk', '0615914848', 'samaati@hot.comail.com', '1', 'd5eee1a425da58faa5d71df0adc1cb35ade0a69b', '2018-01-17 15:35:24', '2018-01-17 15:35:24', null, '', '', null);
INSERT INTO `tb_users` VALUES ('71', 'Iftin', '1', 'Iftinka', 'iftin', '0618002902', 'iftin1100@gmail.com', '1', '7c222fb2927d828af22f592134e8932480637c0d', '2018-01-17 16:13:59', '2018-01-17 16:13:59', null, '', '', null);
INSERT INTO `tb_users` VALUES ('72', 'Ahmed', '1', 'siyaad', 'Gurey', '0615708932', 'drahmednuur123@gmial.com', '1', 'c522a8cc50a849bcf3a418210c7a4786075d12aa', '2018-01-17 16:21:19', '2018-01-17 16:21:19', null, '', '', null);
INSERT INTO `tb_users` VALUES ('73', 'abokor', '1', 'jama', 'look behind you', '0618396711', 'abkijaa@gmail.com', '1', '06828338d7ed45e394aaee7bc4340871a89d65a7', '2018-01-17 18:43:03', '2018-01-17 18:43:03', null, '', '', null);
INSERT INTO `tb_users` VALUES ('74', 'petero', '1', 'Khalid', 'Peter', '084', 'pkyalo@topsoftchoice.com', '1', '834dfae0c40820faccf4f83580be800545dca3c1', '2018-01-17 18:54:56', '2018-01-17 18:54:56', null, '', '', null);
INSERT INTO `tb_users` VALUES ('75', 'Dhore01', '1', 'Cali', 'Xaashi', '0615520733', 'dhore01@gmail.com', '1', 'afca926ff7d5fa13958a33ad7235a28bdc923491', '2018-01-17 19:04:48', '2018-01-17 19:04:48', null, '', '', null);
INSERT INTO `tb_users` VALUES ('76', 'doonte', '1', 'keenhee', 'sami', '0682278971', 'ihack6822@gmail.com', '1', '40bd001563085fc35165329ea1ff5c5ecbdbbeef', '2018-01-17 19:11:06', '2018-01-17 19:11:06', null, '', '', null);
INSERT INTO `tb_users` VALUES ('77', 'maabdi', '1', 'Abdi', 'Mohamed', '0618900039', 'maabdi@outlook.com', '1', '25b0d57e46e4142f01bda707648c46a9de762c62', '2018-01-17 19:51:44', '2018-01-17 19:51:44', null, '', '', null);
INSERT INTO `tb_users` VALUES ('78', 'muktar', '1', 'muktar', 'Mohamed', '+25215514164', 'bashaar2200@gmail.comv', '1', '5e70acbf3b135175635ff38fa1f6ee04107f05b8', '2018-01-18 09:25:11', '2018-01-18 09:25:11', null, '', '', null);
INSERT INTO `tb_users` VALUES ('80', 'eng yaasin', '1', 'hassan', 'hilowle', '0615444935', 'hilowle90@hotmail.co.uk', '1', 'd9a223a79fab13c9c3b5635a2df5a155df547a30', '2018-01-18 10:03:42', '2018-01-18 10:03:42', null, '', '', null);
INSERT INTO `tb_users` VALUES ('82', 'Warsame', '1', 'War', 'War', '0615547113', 'mugastarss@gmail.com', '1', '8351f8c13b71fb47bc316689fdfb8a10ee5ad472', '2018-01-18 11:41:41', '2018-01-18 11:41:41', null, '', '', null);
INSERT INTO `tb_users` VALUES ('83', 'Fatima', '1', 'Ali', 'AY FAY', '+252615787267', 'fatumairon@gmail.com', '1', 'e8ae314f46c29cea0cd7e9fc20e4a49d4726bf18', '2018-01-18 13:37:24', '2018-01-18 13:37:24', null, '', '', null);
INSERT INTO `tb_users` VALUES ('84', 'ali', '1', 'cersen', 'ali', '612344105', 'alicemcersen@hotmail.com', '1', '22f09f3b18884516f17268b8adf5390d319b9fbc', '2018-01-18 16:49:24', '2018-01-18 16:49:24', null, '', '', null);
INSERT INTO `tb_users` VALUES ('85', 'Amina', '1', 'Zahra', 'aminazahra', '0617317931', 'asmaxasnibrahim@gmail.com', '1', '7c222fb2927d828af22f592134e8932480637c0d', '2018-01-18 17:16:15', '2018-01-18 17:16:15', null, '', '', null);
INSERT INTO `tb_users` VALUES ('86', 'Abdalla', '1', 'Abdisalam', 'abdoo', '0619779441', 'abdallaahmednur@gmail.com', '1', 'b04580ec84ea4444072d8baa54987bae91481b6c', '2018-01-18 20:13:19', '2018-01-18 20:13:19', null, '', '', null);
INSERT INTO `tb_users` VALUES ('87', 'Maslah', '1', 'Maslah', 'Abdinasir', '0616310952', 'maslah99@live.com', '1', '3aa1cf95ddbc91842141a38cb4c2bf49b3eb3698', '2018-01-18 22:51:37', '2018-01-18 22:51:37', null, '', '', null);
INSERT INTO `tb_users` VALUES ('88', 'bashir wadani', '1', 'oyow', 'wadani', '+252615772070', 'Oyoow2@gmail.com', '1', '68cef60b43b6715df8b9ea999618c93f1f7b10bb', '2018-01-20 18:45:35', '2018-01-20 18:45:35', null, '', '', null);
INSERT INTO `tb_users` VALUES ('89', 'kizilay', '1', 'Fatih', 'Tongur', '+252616785462', 'fatih.tongur@kizilay.org.tr', '1', 'cf217d30e8b6734c61d5367049dec6207e80018e', '2018-01-20 20:04:31', '2018-01-20 20:04:31', null, '', '', null);
INSERT INTO `tb_users` VALUES ('90', 'sefa', '1', 'inal', 'sonsuz', '682221769', 'sefainal@hotmail.com', '1', '4e2c1f1190bc18b30d5a38b635b8b362b6e8fd4c', '2018-01-20 20:41:38', '2018-01-20 20:41:38', null, '', '', null);
INSERT INTO `tb_users` VALUES ('91', 'ian', '1', 'iman', 'Kelvin', '+254710996329', '25045k99@gmail.com', '1', '820b4090fc1b199f710997c54b101226cc7d6d2f', '2018-01-21 06:26:09', '2018-01-21 06:26:09', null, '', '', null);
INSERT INTO `tb_users` VALUES ('92', 'Winnie', '1', 'Mburu', 'Njeri', '+254707032500', 'wmburu11@gmail.com', '1', 'a623fb28a70df45047d030a58efdc56e97530434', '2018-01-21 15:05:45', '2018-01-21 15:05:45', null, '', '', null);
INSERT INTO `tb_users` VALUES ('93', 'Khadar mohamed', '1', 'Farah', 'Biciid', '0618836001', 'khadarbiciid@gmail.com', '1', 'd5e7cc58d0e593096e793344853a73bae53fb4f7', '2018-01-21 21:57:25', '2018-01-21 21:57:25', null, '', '', null);
INSERT INTO `tb_users` VALUES ('94', 'jaamac', '1', 'Jaamac', 'Faarax', '0682343002', 'jaamac@faarax.com', '1', '99442d9c8b5fc2b1543077bcc3c4b735fe6a20f7', '2018-01-21 22:07:55', '2018-01-21 22:07:55', null, '', '', null);
INSERT INTO `tb_users` VALUES ('95', 'Hamza', '1', 'tall', 'abdi', '+252618672777', 'hamzaaar@Gmail.com', '1', '7eb4fd05e51d34d103778f17416cecd163304f82', '2018-01-21 22:25:36', '2018-01-21 22:25:36', null, '', '', null);
INSERT INTO `tb_users` VALUES ('96', 'alx.suleimani', '1', 'suleiman', 'abdirahman', '0615603399', 'sabdirahman5@gmail.com', '1', 'f86ed0e005a61c2244aa5ff17a53d38c091144a5', '2018-01-21 22:45:25', '2018-01-21 22:45:25', null, '', '', null);
INSERT INTO `tb_users` VALUES ('97', 'Omar', '1', 'Hashi', 'Hassan', '+252618278435', 'engroshid2016@gmail.com', '1', '20cb09c4b80dbb1dba07db89b76dc1ad597a2d08', '2018-01-22 09:11:54', '2018-01-22 09:11:54', null, '', '', null);
INSERT INTO `tb_users` VALUES ('98', 'mahamed', '1', 'abdulaahi', 'abdi', '0617468096', 'Dalsoor738@gmail.com', '1', '04207e9cbe9ca71652e63c4c790702e753a90e69', '2018-01-22 14:57:40', '2018-01-22 14:57:40', null, '', '', null);
INSERT INTO `tb_users` VALUES ('99', 'mohamed ahmed', '1', 'nor', 'lab', '615872094', 'dremadman@gmail.com', '1', '894f1457c02eb005942aa2a96d5ae72eed1485ed', '2018-01-22 17:59:31', '2018-01-22 17:59:31', null, '', '', null);
INSERT INTO `tb_users` VALUES ('100', 'Hassan', '1', 'Awil', 'Osman', '612549767', 'kuusowcawil@gmail.com', '1', '178cb4861e8ca3efcb93fb48d63158f96f5fff53', '2018-01-22 18:13:39', '2018-01-22 18:13:39', null, '', '', null);
INSERT INTO `tb_users` VALUES ('101', 'omar12', '1', 'omar', 'mohamed osman', '0618080310', 'cumar251371@gmail.com', '1', '8c448fd9566e2aac993da90900c7b5560c188e9f', '2018-01-22 18:14:08', '2018-01-22 18:14:08', null, '', '', null);
INSERT INTO `tb_users` VALUES ('102', 'Otaanga', '1', 'yare', 'Moha', '0618709537', 'otaange@gmail.com', '1', '23aec7f1fc1c47d1c1aa9ebdde3a1f8736fe9057', '2018-01-22 18:14:30', '2018-01-22 18:14:30', null, '', '', null);
INSERT INTO `tb_users` VALUES ('103', 'liibaan', '1', 'haji barbe', 'baarbe', '+252615620013', 'faasim10@hotmail.com', '1', 'cf29270a8585e76f207248452f6c89225c91ad61', '2018-01-22 18:29:01', '2018-01-22 18:29:01', null, '', '', null);
INSERT INTO `tb_users` VALUES ('104', 'baarbe140', '1', 'baarbe', 'baarbe yare', '+252615620013', 'lii4me@hotmail.com', '1', '1b294552c42134bc3c00ee5b4bd95a44625d8285', '2018-01-22 18:30:40', '2018-01-22 18:31:27', null, '8o_i08Qd3UvNck_C3flT_i6dGrpyWXh7', '', null);
INSERT INTO `tb_users` VALUES ('105', 'baarbe10', '1', 'baarbe', 'baarbeyare', '+252615620013', 'nadar20009@hotmail.com', '1', 'cf29270a8585e76f207248452f6c89225c91ad61', '2018-01-22 18:32:56', '2018-01-22 18:32:56', null, '', '', null);
INSERT INTO `tb_users` VALUES ('106', 'ruun', '1', 'sidow', 'ahlam', '0617338560', 'runsidow@gmail.com', '1', '49616d8758593687c0745053fd272fbb73148640', '2018-01-22 18:39:07', '2018-01-22 18:39:07', null, '', '', null);
INSERT INTO `tb_users` VALUES ('107', 'kuniil', '1', 'kuniil', 'ismail', '0615202130', 'kunaakcc@gmail.com', '1', '323e569a5c7088b571893664a92ee23937fedb09', '2018-01-22 18:52:36', '2018-01-22 18:52:36', null, '', '', null);
INSERT INTO `tb_users` VALUES ('108', 'ismail', '1', 'omar', 'kuncil', '0615202130', 'ismailomarallas@gmail.com', '1', 'b4a452d4120d9ba11adf77e8203bafaa6e25c716', '2018-01-22 18:54:44', '2018-01-22 18:54:44', null, '', '', null);
INSERT INTO `tb_users` VALUES ('109', 'Maxamed', '1', 'Abdullahi', 'Dhugad', '+252616551817', 'maxamedyare4y@hotmail.com', '1', '96f9e79e9aae29e2c3c01cb9dd939f87e012ad74', '2018-01-22 19:02:27', '2018-01-22 19:02:27', null, '', '', null);
INSERT INTO `tb_users` VALUES ('110', 'jawidagan', '1', 'jwidagan', 'joker', '00252616572598', 'xarbiye2@hotmail.com', '1', '7c222fb2927d828af22f592134e8932480637c0d', '2018-01-22 19:35:11', '2018-01-22 19:35:11', null, '', '', null);
INSERT INTO `tb_users` VALUES ('111', 'shadia', '1', 'shadia', 'sadia', '00252615114737', 'shadiavip@gmail.com', '1', '2562ec43ac7753dbdc964f63fbe53c73f518800b', '2018-01-22 19:48:22', '2018-01-22 19:49:28', null, 'jSBCz-Jl_zR139kJLx7CwQoeuKyRn4nh', '', null);
INSERT INTO `tb_users` VALUES ('112', 'Abbas', '1', 'Ali', 'Smart', '0618000007', 'smarta4@gmail.com', '1', '243041359a85fcb6fb3043abef8d7a564fe9de44', '2018-01-22 19:48:22', '2018-01-22 19:48:22', null, '', '', null);
INSERT INTO `tb_users` VALUES ('113', 'emre', '1', 'citil', 'yardimeli', '0617212705', 'emre.citil.tek@hotmail.com', '1', 'be5a0d09a46871674fa5795b2435fc540e3d8785', '2018-01-22 19:59:18', '2018-01-22 19:59:18', null, '', '', null);
INSERT INTO `tb_users` VALUES ('114', 'Abdifatah', '1', 'Ali', 'mohamud', '06199961111', 'dhubane231@gmail.com', '1', 'ce872f15437af3619fabe46ce16ea3647a86f85f', '2018-01-22 20:21:45', '2018-01-22 20:21:45', null, '', '', null);
INSERT INTO `tb_users` VALUES ('115', 'Halima', '1', 'Abdiaziz', 'Hassan', '+252619111127', 'fowsiya911@gmail.com', '1', '0b6f3ad2947637742a490cde14db4b5f60cf78ea', '2018-01-22 21:36:19', '2018-01-22 21:36:19', null, '', '', null);
INSERT INTO `tb_users` VALUES ('116', 'aminmacruf', '1', 'Maruf', 'Amin', '00252615588663', 'aminmacruf@gmail.com', '1', 'd8d442e65b74a008aa7a9fe74db6c0e390ffb83a', '2018-01-22 21:54:17', '2018-01-22 21:54:17', null, '', '', null);
INSERT INTO `tb_users` VALUES ('117', 'Mohamed Tahliil', '1', 'mt.baashi@gmail.com', 'Timowayne', '0617218062', 'mt.baashi@gmail.com', '1', 'b78ec509c0b80e421889a33d64a77818323de6e8', '2018-01-22 22:16:58', '2018-01-22 22:16:58', null, '', '', null);
INSERT INTO `tb_users` VALUES ('118', 'Samia mahmet', '1', 'Samia', 'mahamed', '0615006078', 'Saamka9@Gmail.com', '1', 'c795c257d772027720da1dafc79b8e35de94754e', '2018-01-22 22:27:51', '2018-01-22 22:27:51', null, '', '', null);
INSERT INTO `tb_users` VALUES ('119', 'cnwaraabe', '1', 'Mohamed', 'Abdinasir', '00252619118532', 'cnwaraabe@hotmail.com', '1', '43b75c7528c65936e57f87c9a277cedf48f0c9eb', '2018-01-22 22:59:07', '2018-01-22 22:59:07', null, '', '', null);
INSERT INTO `tb_users` VALUES ('120', 'Abdi', '1', 'Mubarak', 'Crouch', '615522242', 'buurukurr@gmail.com', '1', 'c62e7a059cfbf34cfbbfc84dcedee145b08b8fbd', '2018-01-22 23:50:15', '2018-01-22 23:50:15', null, '', '', null);
INSERT INTO `tb_users` VALUES ('121', 'ayanle', '1', 'jamow', 'style', '612105343', 'ayanlestyle@gmail.com', '1', 'd0525c6b7f0788a77a212cbcd9991e8a03f1f56b', '2018-01-23 08:52:17', '2018-01-23 08:52:17', null, '', '', null);
INSERT INTO `tb_users` VALUES ('122', 'Aisha', '1', 'Abdukadir', 'Hersi', '0615892895', 'aisha132011@gmail.com', '1', '646e44a7047c99d21d65c96ea1d147fda773bb97', '2018-01-23 08:58:10', '2018-01-23 08:58:10', null, '', '', null);
INSERT INTO `tb_users` VALUES ('123', 'yuzzefislaam', '1', 'xaaji cali', 'yusuf', '+252615195135', 'yuusufkashka@gmail.com', '1', 'd2d4d1fd1b4710c840395da6aad9a06f28ff7529', '2018-01-23 10:40:04', '2018-01-23 10:40:04', null, '', '', null);
INSERT INTO `tb_users` VALUES ('124', 'Muniira', '1', 'Elmi', 'Cawil', '0616118730', 'muniirocawil@hotmail.com', '1', '7c4a8d09ca3762af61e59520943dc26494f8941b', '2018-01-23 11:24:41', '2018-01-23 11:24:41', null, '', '', null);
INSERT INTO `tb_users` VALUES ('125', 'Aliyow', '1', 'Abdi', 'dhoof', '+252615408318', 'calinuurgm@gmail.com', '1', '8cb2237d0679ca88db6464eac60da96345513964', '2018-01-23 11:45:53', '2018-01-23 11:45:53', null, '', '', null);
INSERT INTO `tb_users` VALUES ('126', 'Kevin', '1', 'Kevin', 'Marokko', '0720215945', 'kevinmarokko@ymail.com', '1', '7110eda4d09e062aa5e4a390b0a572ac0d2c0220', '2018-01-23 12:34:04', '2018-01-23 12:34:04', null, '', '', null);
INSERT INTO `tb_users` VALUES ('127', 'Hagi', '1', 'Amin', 'Hagi Amin', '615037070', 'siramiin@gmail.com', '1', '645f5966fbfc036627e9556ea09e8bc8388262ec', '2018-01-23 13:50:15', '2018-01-23 13:50:15', null, '', '', null);
INSERT INTO `tb_users` VALUES ('128', 'iqlaasmoha11', '1', 'dheemaluul', 'iqlaas', '0618119191', 'iqlaasmoha11@gmail.com', '1', '7c84fad8203e16af22aecd0b5fd8845ed00c9b51', '2018-01-23 14:25:11', '2018-01-23 14:25:11', null, '', '', null);
INSERT INTO `tb_users` VALUES ('129', 'abdiwali', '1', 'Hassan', 'Faroole', '004745667665', 'akraamzizo@yahoo.no', '1', '345d13d7c64c9c2401d18cf19a7eb1c1bed537ca', '2018-01-23 15:20:28', '2018-01-23 15:20:28', null, '', '', null);
INSERT INTO `tb_users` VALUES ('130', 'mudu', '1', 'Mohamud', 'Ismail', '+252619698596', 'mohamud.merit@gmail.com', '1', 'ced239067f20b6d83f5804ce05c23b68c2291fbe', '2018-01-23 15:57:29', '2018-01-23 15:57:29', null, '', '', null);
INSERT INTO `tb_users` VALUES ('131', 'mohamed yakub', '1', 'yardimeli', 'yakub', '00252617005988', 'mohamedyardim@gmail.com', '1', '9118c2aaa316da6f0f1e20a8a183a16c50ab9214', '2018-01-23 16:50:06', '2018-01-23 16:50:06', null, '', '', null);
INSERT INTO `tb_users` VALUES ('132', 'Abdirahmaan', '3', 'mohamuud', 'Duaale', '061 5548417', 'abc', null, '40bd001563085fc35165329ea1ff5c5ecbdbbeef', '2018-01-23 17:58:00', '2018-01-23 17:58:00', null, 'NONE', '', null);

-- ----------------------------
-- Table structure for user_type
-- ----------------------------
DROP TABLE IF EXISTS `user_type`;
CREATE TABLE `user_type` (
  `USER_TYPE_ID` bigint(20) NOT NULL AUTO_INCREMENT,
  `USER_TYPE_NAME` varchar(255) NOT NULL,
  PRIMARY KEY (`USER_TYPE_ID`)
) ENGINE=InnoDB AUTO_INCREMENT=4 DEFAULT CHARSET=latin1;

-- ----------------------------
-- Records of user_type
-- ----------------------------
INSERT INTO `user_type` VALUES ('1', 'CUSTOMER');
INSERT INTO `user_type` VALUES ('2', 'ADMIN');
INSERT INTO `user_type` VALUES ('3', 'RIDER');

-- ----------------------------
-- View structure for vw_orders
-- ----------------------------
DROP VIEW IF EXISTS `vw_orders`;
CREATE ALGORITHM=UNDEFINED DEFINER=`pizzaout`@`localhost` SQL SECURITY DEFINER  VIEW `vw_orders` AS SELECT
customer_order.ORDER_ID AS ORDER_ID,
customer_order.USER_ID AS USER_ID,
customer_order.KITCHEN_ID AS KITCHEN_ID,
customer_order.CHEF_ID AS CHEF_ID,
customer_order.RIDER_ID AS RIDER_ID,
tb_users.MOBILE AS MOBILE,
tb_users.SURNAME AS SURNAME,
tb_users.OTHER_NAMES AS OTHER_NAMES,
customer_order.ORDER_DATE AS ORDER_DATE,
customer_order.ORDER_STATUS AS ORDER_STATUS,
payment.PAYMENT_AMOUNT AS PAYMENT_AMOUNT,
payment.PAYMENT_NUMBER AS PAYMENT_NUMBER,
customer_order.NOTES AS NOTES,
customer_order.PAYMENT_METHOD AS PAYMENT_METHOD,
customer_order.CREATED_AT AS CREATED_AT,
customer_order.UPDATED_AT AS UPDATED_AT,
payment.PAYMENT_DATE AS PAYMENT_DATE,
location.LOCATION_ID AS LOCATION_ID,
location.LOCATION_NAME AS LOCATION_NAME,
location.ADDRESS AS ADDRESS,
city.CITY_NAME AS CITY_NAME,
city.CITY_ID AS CITY_ID,
country.COUNRY_ID AS COUNRY_ID,
country.COUNTRY_NAME AS COUNTRY_NAME,
customer_order.ORDER_TIME
from (((((`customer_order` join `tb_users` on((`customer_order`.`USER_ID` = `tb_users`.`USER_ID`))) left join `payment` on((`payment`.`ORDER_ID` = `customer_order`.`ORDER_ID`))) join `location` on((`customer_order`.`LOCATION_ID` = `location`.`LOCATION_ID`))) join `city` on((`location`.`CITY_ID` = `city`.`CITY_ID`))) join `country` on((`city`.`COUNTRY_ID` = `country`.`COUNRY_ID`))) ;

-- ----------------------------
-- View structure for vw_order_items
-- ----------------------------
DROP VIEW IF EXISTS `vw_order_items`;
CREATE ALGORITHM=UNDEFINED DEFINER=`pizzaout`@`localhost` SQL SECURITY DEFINER  VIEW `vw_order_items` AS select `customer_order`.`ORDER_ID` AS `ORDER_ID`,`customer_order_item`.`QUANTITY` AS `QUANTITY`,`customer_order_item`.`PRICE` AS `PRICE`,`customer_order_item`.`SUBTOTAL` AS `SUBTOTAL`,`menu_item_type`.`ITEM_TYPE_SIZE` AS `ITEM_TYPE_SIZE`,`menu_item`.`MENU_ITEM_NAME` AS `MENU_ITEM_NAME`,`menu_category`.`MENU_CAT_NAME` AS `MENU_CAT_NAME`,`menu_category`.`MENU_CAT_IMAGE` AS `MENU_CAT_IMAGE`,`menu_item`.`MENU_ITEM_IMAGE` AS `MENU_ITEM_IMAGE`,`customer_order`.`USER_ID` AS `USER_ID` from ((((`customer_order` join `customer_order_item` on((`customer_order_item`.`ORDER_ID` = `customer_order`.`ORDER_ID`))) join `menu_item_type` on((`customer_order_item`.`ITEM_TYPE_ID` = `menu_item_type`.`ITEM_TYPE_ID`))) join `menu_item` on((`menu_item_type`.`MENU_ITEM_ID` = `menu_item`.`MENU_ITEM_ID`))) join `menu_category` on((`menu_item`.`MENU_CAT_ID` = `menu_category`.`MENU_CAT_ID`))) ;
